item_id,CategoryKey,LocationKey,stock_level,reorder_point,reorder_frequency_days,lead_time_days,daily_demand,demand_std_dev,item_popularity_score,picking_time_seconds,handling_cost_per_unit,unit_price,holding_cost_per_unit_day,stockout_count_last_month,order_fulfillment_rate,total_orders_last_month,turnover_ratio,layout_efficiency_score,last_restock_date,forecasted_demand_next_7d,KPI_score
ITM10000,5,L82,283,21,4,4,49.85,1.56,0.43,106,3.61,117.8,1.14,0,0.8,700,3.33,0.33,2024-02-17,184.37,0.556
ITM10001,2,L15,301,52,9,6,23.34,2.55,0.69,45,3.54,178.8,1.09,3,0.79,736,10.36,0.98,2024-10-01,221.94,0.723
ITM10002,4,L4,132,60,11,8,37.69,3.15,0.62,177,0.52,54.05,0.95,7,0.75,814,14.32,0.87,2024-04-07,53.85,0.68
ITM10003,2,L95,346,46,13,5,33.69,2.79,0.21,39,2.64,31.1,1.9,0,0.96,994,2.08,0.29,2024-01-27,92.04,0.488
ITM10004,2,L36,49,55,4,6,49.58,5.23,0.31,35,1.4,104.97,0.63,5,0.83,299,5.65,0.96,2024-05-17,194.58,0.67
ITM10005,1,L32,154,62,9,6,35.95,9.47,0.41,94,1.96,164.12,0.66,1,0.99,477,7.61,0.95,2024-07-12,180.65,0.803
ITM10006,4,L29,86,97,6,4,9.04,4.72,0.28,110,4.9,134.38,0.37,8,0.88,418,4.25,0.45,2024-12-10,223.69,0.526
ITM10007,4,L18,84,89,13,4,47.82,6.78,0.24,130,0.88,131.09,1.42,7,0.74,958,11.37,0.7,2024-11-05,195.75,0.558
ITM10008,4,L95,311,22,4,9,33.72,7.04,0.15,40,3.75,13.32,0.71,8,0.86,697,10.64,0.29,2024-11-04,105.74,0.541
ITM10009,2,L14,44,98,9,8,3.91,8.78,0.89,26,1.28,70.32,1.63,8,1.0,496,2.65,0.27,2024-01-21,154.78,0.366
ITM10010,5,L87,56,63,7,2,33.22,0.82,0.36,107,0.53,188.5,1.95,1,0.87,71,8.97,0.6,2024-02-07,266.58,0.599
ITM10011,4,L95,20,66,3,7,44.27,4.34,0.36,135,2.76,35.51,0.18,1,0.7,599,6.16,0.24,2024-04-06,63.97,0.632
ITM10012,2,L70,418,13,7,3,29.28,7.95,0.29,33,1.23,148.01,1.99,8,0.98,588,4.2,0.9,2024-10-27,119.26,0.473
ITM10013,1,L12,56,84,14,5,18.35,8.24,0.53,131,4.84,154.27,0.58,1,0.77,331,12.88,0.94,2024-12-09,254.1,0.836
ITM10014,5,L76,160,58,14,4,41.22,9.31,0.56,141,1.42,149.24,0.9,3,0.91,328,1.77,0.25,2024-10-13,115.62,0.506
ITM10015,1,L55,251,16,5,5,39.34,7.18,0.29,146,1.36,197.96,1.58,1,0.85,169,7.54,0.24,2024-04-21,129.55,0.541
ITM10016,5,L5,155,20,9,7,27.66,2.83,0.65,139,0.64,87.75,1.36,0,0.8,302,7.65,0.38,2024-09-02,102.57,0.602
ITM10017,2,L4,408,63,8,7,8.56,5.3,0.75,172,1.98,139.62,1.58,9,0.78,920,8.98,0.94,2024-04-16,270.86,0.526
ITM10018,3,L12,207,96,10,8,13.3,0.81,0.44,132,0.61,46.79,0.99,6,0.98,526,3.77,0.82,2024-06-19,202.37,0.591
ITM10019,5,L28,147,54,7,6,37.19,6.65,0.63,47,2.74,85.94,1.84,4,0.97,114,13.2,0.74,2024-06-04,70.55,0.654
ITM10020,1,L30,220,32,4,8,40.5,5.77,0.55,152,2.78,103.4,1.6,2,0.85,635,14.51,0.82,2024-01-08,227.39,0.727
ITM10021,2,L65,146,37,11,3,14.68,6.83,0.28,179,0.74,50.82,0.69,7,0.78,352,8.69,0.36,2024-04-18,21.17,0.535
ITM10022,5,L78,276,66,13,2,19.03,9.34,0.76,140,1.58,182.29,1.9,4,0.73,366,4.59,0.41,2024-04-07,124.96,0.419
ITM10023,3,L4,183,35,10,5,4.8,7.03,0.82,168,4.24,146.08,1.93,0,0.75,223,13.28,0.45,2024-03-01,273.83,0.624
ITM10024,3,L72,54,34,8,3,35.96,3.54,0.68,178,2.58,63.91,0.89,8,0.86,949,14.83,0.68,2024-09-02,210.04,0.657
ITM10025,4,L26,213,63,12,9,1.18,2.39,0.39,66,2.46,35.64,1.34,4,0.79,464,11.39,0.69,2024-05-04,240.0,0.634
ITM10026,4,L92,210,38,9,2,3.28,8.62,0.93,51,3.64,64.69,1.65,2,0.71,309,5.67,0.37,2024-12-22,280.08,0.487
ITM10027,1,L84,123,92,11,5,1.21,2.35,0.51,62,3.72,128.37,1.65,5,0.84,334,4.3,0.55,2024-11-05,234.62,0.47
ITM10028,5,L90,42,45,9,3,32.62,2.04,0.34,128,3.93,167.02,0.13,7,0.92,122,3.19,0.75,2024-12-26,35.69,0.624
ITM10029,5,L70,284,23,5,4,21.45,2.46,0.47,130,4.24,105.6,1.3,1,0.97,128,4.29,0.45,2024-04-14,76.89,0.591
ITM10030,4,L54,309,87,8,5,15.58,5.33,0.72,65,1.55,29.47,1.95,2,0.88,93,4.18,0.26,2024-07-22,155.0,0.449
ITM10031,5,L29,449,44,13,3,45.72,1.68,0.86,96,0.8,57.37,0.54,6,0.92,794,14.54,0.36,2024-05-02,14.02,0.676
ITM10032,5,L58,481,39,13,7,10.45,9.41,0.42,85,2.21,75.58,1.61,1,0.81,52,10.01,0.33,2024-10-09,191.13,0.58
ITM10033,3,L76,403,26,9,2,20.08,9.68,0.31,94,4.35,130.87,1.12,4,0.85,492,3.34,0.71,2024-06-13,200.6,0.565
ITM10034,4,L36,279,76,4,3,47.08,9.75,0.66,94,0.85,56.86,0.52,8,0.92,128,7.83,0.25,2024-05-24,211.97,0.526
ITM10035,2,L1,433,89,5,4,21.93,0.87,0.93,169,3.09,54.45,0.2,6,0.92,426,3.58,0.91,2024-07-13,171.16,0.674
ITM10036,4,L98,498,39,6,8,28.18,9.49,0.26,90,3.65,64.38,1.54,2,0.83,742,9.48,0.27,2024-08-26,141.19,0.552
ITM10037,2,L21,377,54,12,5,4.94,9.98,0.82,174,2.67,122.58,0.7,1,0.86,188,5.78,0.68,2024-09-30,258.11,0.695
ITM10038,3,L90,94,88,8,9,39.72,9.45,0.53,17,1.65,103.6,0.81,9,0.98,951,3.74,0.94,2024-11-28,232.53,0.573
ITM10039,1,L55,374,98,3,5,21.72,6.87,0.82,20,1.97,169.91,1.02,8,0.89,864,4.4,0.25,2024-07-02,187.58,0.425
ITM10040,5,L44,91,60,11,5,40.23,7.16,0.55,147,0.82,142.61,1.06,8,0.89,56,10.45,0.51,2024-06-06,23.34,0.553
ITM10041,3,L36,278,56,7,4,13.44,1.66,0.44,124,1.82,136.7,0.49,8,0.94,932,6.71,0.46,2024-05-13,211.24,0.56
ITM10042,5,L20,417,62,14,2,21.7,8.81,0.73,90,0.7,39.38,1.37,9,0.73,927,8.18,0.48,2024-07-03,171.87,0.434
ITM10043,1,L28,207,73,9,5,39.54,1.07,0.91,96,3.77,20.49,1.42,2,0.86,885,12.5,0.68,2024-09-19,211.11,0.693
ITM10044,1,L98,480,47,11,2,48.72,3.52,0.39,51,4.54,106.9,0.37,0,0.99,774,10.18,0.41,2024-09-11,100.31,0.779
ITM10045,3,L44,192,73,11,3,3.92,9.92,0.51,46,3.35,23.61,1.11,8,0.81,562,7.47,0.22,2024-08-26,235.33,0.435
ITM10046,1,L14,499,96,3,7,40.81,4.51,0.31,101,3.46,79.16,1.26,6,0.79,745,14.36,0.97,2024-02-20,131.2,0.697
ITM10047,2,L12,309,98,3,9,15.73,1.75,0.27,94,2.62,14.96,0.45,1,0.88,812,4.0,0.8,2024-08-28,269.4,0.724
ITM10048,1,L49,64,16,5,7,27.99,9.71,0.8,68,1.2,43.59,1.8,5,0.77,776,5.05,0.31,2024-06-12,40.16,0.403
ITM10049,5,L13,80,31,8,2,15.21,9.85,0.28,161,0.53,30.97,1.02,8,0.87,126,13.76,0.56,2024-04-14,150.52,0.607
ITM10050,5,L46,102,90,4,2,31.06,2.28,0.81,165,2.05,162.19,0.32,7,0.75,92,12.95,0.25,2024-07-08,69.66,0.601
ITM10051,5,L45,142,91,12,7,18.34,8.72,0.49,46,3.88,75.76,0.74,5,0.87,973,2.82,0.22,2024-06-09,141.51,0.482
ITM10052,5,L78,377,50,14,5,17.35,4.21,1.0,30,4.82,24.98,1.01,5,0.88,206,14.02,0.24,2024-07-30,112.59,0.61
ITM10053,2,L34,35,83,13,6,2.86,4.12,0.28,170,2.44,60.44,0.12,7,0.83,579,1.14,0.8,2024-01-24,243.0,0.589
ITM10054,4,L6,85,19,3,6,8.2,3.0,0.18,139,2.14,139.73,0.16,8,0.81,904,12.51,0.56,2024-10-15,58.48,0.665
ITM10055,3,L94,443,66,3,4,45.94,0.92,0.17,92,2.51,151.67,0.21,7,0.77,269,4.9,0.88,2024-04-23,183.63,0.634
ITM10056,5,L59,164,16,7,9,49.92,3.05,0.85,165,2.42,32.77,1.12,0,0.8,634,3.64,0.44,2024-03-15,127.88,0.585
ITM10057,1,L69,394,59,6,8,39.25,1.01,0.49,152,3.32,157.93,0.74,1,0.85,239,7.28,0.82,2024-01-09,160.24,0.737
ITM10058,5,L16,181,61,3,7,15.05,9.28,0.1,10,3.8,80.41,1.8,5,0.77,924,13.56,0.26,2024-05-13,217.18,0.507
ITM10059,1,L49,253,42,6,7,20.72,6.79,0.89,116,4.03,139.08,1.16,7,0.93,311,12.0,0.71,2024-10-10,113.56,0.632
ITM10060,1,L11,399,10,5,4,37.24,8.92,0.89,37,3.42,137.59,1.54,3,0.91,193,14.54,0.49,2024-10-26,116.45,0.66
ITM10061,5,L71,163,62,4,9,48.46,7.31,0.83,59,2.47,160.78,1.41,3,0.78,534,8.57,0.42,2024-10-23,32.27,0.553
ITM10062,2,L38,377,69,11,6,23.32,1.75,0.32,44,4.78,142.46,1.09,1,0.73,690,8.15,0.85,2024-08-01,170.06,0.696
ITM10063,1,L81,207,43,13,3,41.65,9.44,0.44,165,3.7,17.38,1.51,9,0.7,327,1.18,0.24,2024-05-31,130.9,0.273
ITM10064,1,L80,341,13,3,5,48.78,9.05,0.77,146,2.42,108.7,1.13,0,0.88,863,3.53,0.96,2024-03-19,245.56,0.702
ITM10065,5,L47,469,26,9,5,43.8,3.81,0.54,161,2.51,41.57,0.83,9,0.76,751,7.97,0.83,2024-04-10,137.39,0.561
ITM10066,1,L74,493,13,6,3,12.13,1.56,0.24,141,4.18,194.29,0.93,8,0.7,712,11.54,0.48,2024-06-17,291.53,0.537
ITM10067,1,L25,32,52,7,3,1.39,7.19,0.32,50,2.48,58.61,1.69,6,0.81,966,12.52,0.99,2024-04-27,59.82,0.638
ITM10068,5,L91,203,99,12,9,25.11,7.42,0.98,76,2.82,89.82,1.17,8,0.99,356,4.97,0.36,2024-07-13,87.45,0.459
ITM10069,5,L9,130,13,7,6,27.04,9.02,0.24,57,1.81,47.37,0.82,1,0.91,945,10.97,0.52,2024-10-18,123.65,0.73
ITM10070,3,L6,434,10,3,4,10.86,1.0,0.75,95,4.28,35.57,0.44,9,0.96,656,12.6,0.91,2024-05-05,59.42,0.718
ITM10071,2,L85,309,80,8,3,14.95,1.85,0.53,67,2.85,124.18,1.04,4,0.74,599,6.25,1.0,2024-09-12,291.97,0.647
ITM10072,2,L30,314,59,11,4,38.49,6.18,0.77,48,2.99,103.7,0.58,1,0.72,205,10.74,0.39,2024-10-08,195.88,0.687
ITM10073,1,L99,470,82,4,9,24.05,6.38,0.7,34,4.46,81.19,1.92,9,0.7,349,7.12,0.79,2024-12-01,13.25,0.421
ITM10074,2,L38,411,70,9,8,16.55,0.82,0.5,69,4.64,26.23,1.03,6,0.99,396,14.8,0.44,2024-12-16,177.77,0.66
ITM10075,1,L11,234,44,8,2,31.51,4.27,0.42,126,4.21,149.83,0.12,8,0.79,472,1.09,0.81,2024-06-21,236.56,0.563
ITM10076,3,L30,481,17,7,5,32.99,6.05,0.78,95,0.79,11.11,0.28,2,0.84,475,6.8,0.3,2024-05-11,24.88,0.651
ITM10077,5,L13,139,33,6,6,38.7,7.51,0.39,123,2.5,96.96,0.64,0,0.82,91,4.69,0.47,2024-09-07,177.6,0.657
ITM10078,5,L49,401,92,6,5,8.68,3.5,0.81,93,2.04,130.19,0.28,3,0.92,365,12.9,0.26,2024-11-24,118.55,0.72
ITM10079,5,L36,74,45,8,6,37.33,5.1,0.71,164,1.46,91.84,1.8,3,0.79,687,5.02,0.59,2024-09-08,178.63,0.503
ITM10080,2,L59,46,59,6,9,30.37,8.23,0.62,133,4.59,33.98,1.72,5,0.86,874,8.61,0.76,2024-08-23,83.26,0.567
ITM10081,3,L82,137,52,7,2,3.82,9.56,0.43,120,4.51,157.87,1.94,4,1.0,126,11.36,0.5,2024-03-27,203.14,0.577
ITM10082,2,L47,240,36,8,5,39.09,2.69,0.28,51,2.59,71.55,1.44,4,0.83,145,7.96,0.69,2024-06-29,204.69,0.586
ITM10083,2,L21,250,41,7,2,19.77,2.9,0.74,61,1.11,35.6,1.33,8,0.87,312,6.75,0.66,2024-03-27,166.46,0.503
ITM10084,3,L48,72,87,9,9,17.19,9.43,0.18,57,0.56,114.55,1.85,0,0.85,868,1.6,0.44,2024-03-12,277.89,0.494
ITM10085,3,L46,314,27,11,6,22.96,4.26,0.97,41,2.47,13.64,1.9,7,0.94,786,1.32,0.59,2024-10-06,273.75,0.394
ITM10086,3,L27,340,37,12,3,17.96,7.32,0.98,161,0.68,71.57,1.77,7,0.78,672,14.4,0.26,2024-09-07,23.79,0.483
ITM10087,3,L86,420,38,9,8,17.58,6.32,0.22,140,3.24,152.62,1.74,7,0.75,799,10.01,0.57,2024-04-04,94.07,0.483
ITM10088,5,L35,252,25,9,5,40.6,3.21,0.19,127,3.24,183.42,1.38,2,0.93,254,12.55,0.57,2024-10-04,115.64,0.689
ITM10089,4,L90,177,56,6,2,7.1,6.71,0.47,164,4.55,122.43,0.1,9,0.82,337,7.73,0.22,2024-11-24,26.03,0.521
ITM10090,4,L88,456,68,3,7,48.56,6.73,0.97,177,1.36,51.35,0.92,7,0.97,312,4.66,0.61,2024-01-31,161.85,0.546
ITM10091,3,L83,288,40,10,5,28.19,6.13,0.46,32,2.17,51.8,1.31,1,0.89,637,5.12,0.79,2024-09-25,17.13,0.653
ITM10092,4,L10,40,13,6,5,9.96,1.45,0.43,144,4.37,124.74,1.14,7,0.87,985,1.61,0.56,2024-01-18,206.64,0.453
ITM10093,4,L78,422,46,3,5,7.43,9.95,0.73,136,2.63,87.28,1.66,7,0.72,704,12.07,0.72,2024-02-08,10.78,0.543
ITM10094,3,L82,72,26,7,4,29.98,4.3,0.26,46,0.77,43.68,1.66,2,0.92,364,9.14,0.63,2024-12-08,19.26,0.626
ITM10095,4,L22,294,48,10,2,32.02,6.56,0.43,16,1.0,159.61,1.24,3,0.91,418,7.73,0.83,2024-01-25,251.79,0.667
ITM10096,2,L69,332,57,6,2,3.6,8.91,0.36,86,4.16,48.05,0.14,8,0.89,646,12.93,0.61,2024-01-04,83.26,0.698
ITM10097,1,L94,300,55,14,5,12.91,4.52,0.64,91,3.85,71.11,0.8,8,0.78,957,7.23,0.47,2024-07-30,33.56,0.506
ITM10098,1,L32,233,99,10,9,39.98,7.85,0.25,104,4.44,21.67,0.53,9,0.98,301,14.27,0.86,2024-03-11,125.85,0.725
ITM10099,3,L21,50,57,10,9,3.43,9.73,0.59,31,1.03,143.26,0.74,8,0.8,382,1.19,0.25,2024-11-18,24.78,0.392
ITM10100,5,L60,356,48,5,3,42.9,3.91,0.87,87,3.92,62.3,1.27,9,0.75,793,14.78,0.43,2024-04-28,227.62,0.526
ITM10101,3,L49,202,13,11,5,33.25,4.35,0.56,91,3.45,54.24,0.23,5,1.0,475,12.42,0.67,2024-02-04,153.3,0.777
ITM10102,5,L35,42,39,5,4,22.29,9.1,0.72,154,1.55,67.64,0.14,0,0.92,344,5.97,0.88,2024-12-28,170.06,0.826
ITM10103,1,L82,51,39,3,6,17.98,2.02,0.17,28,4.88,176.08,0.93,7,0.82,880,9.34,0.26,2024-03-18,228.37,0.508
ITM10104,3,L89,465,31,4,4,1.94,0.77,0.5,104,3.07,108.42,1.61,8,0.98,691,13.1,0.28,2024-01-05,237.49,0.506
ITM10105,2,L72,93,84,8,9,41.44,9.13,0.19,48,4.58,40.0,0.16,7,0.73,334,7.74,0.43,2024-04-21,49.51,0.579
ITM10106,4,L29,29,75,14,3,7.99,8.31,0.64,126,4.37,157.15,1.71,0,0.73,366,1.71,0.48,2024-09-15,91.28,0.494
ITM10107,5,L88,475,21,12,9,16.17,9.74,0.35,45,2.0,49.61,0.83,5,0.9,561,13.65,0.87,2024-08-21,60.94,0.753
ITM10108,4,L42,73,45,4,9,28.89,1.05,0.36,24,2.91,88.37,0.32,8,0.75,78,8.24,0.97,2024-07-10,25.67,0.662
ITM10109,4,L99,71,27,8,9,13.05,1.98,0.17,166,2.44,117.93,1.18,8,0.98,789,8.63,0.21,2024-01-31,165.88,0.475
ITM10110,3,L100,167,99,3,5,25.36,1.5,0.38,69,3.69,121.04,1.91,6,0.95,343,1.19,0.21,2024-11-12,82.44,0.337
ITM10111,4,L8,179,62,13,9,40.66,6.99,0.56,177,3.15,23.12,1.13,6,0.79,56,2.4,0.89,2024-11-22,54.65,0.535
ITM10112,2,L30,389,80,3,2,24.06,6.26,0.63,153,4.03,168.99,1.4,3,0.97,591,11.88,0.31,2024-12-07,157.94,0.614
ITM10113,4,L5,33,10,7,8,47.5,3.91,0.16,170,0.55,101.09,1.65,6,0.71,264,7.09,0.47,2024-11-11,193.86,0.446
ITM10114,3,L41,197,67,12,7,42.53,1.05,0.69,98,3.6,197.96,1.62,9,0.86,676,14.97,0.42,2024-09-04,233.91,0.514
ITM10115,2,L52,431,99,13,5,17.32,6.58,0.54,25,1.94,146.31,0.24,4,0.98,264,10.74,0.43,2024-12-03,15.07,0.721
ITM10116,1,L35,385,96,11,3,20.6,5.92,0.58,167,1.51,198.59,1.51,9,0.96,213,14.29,0.46,2024-09-06,162.62,0.544
ITM10117,4,L9,72,99,10,2,21.74,1.57,0.85,107,4.11,96.16,1.9,4,0.81,219,4.91,0.47,2024-01-09,87.45,0.451
ITM10118,3,L28,427,15,5,4,31.68,9.13,0.41,113,0.9,36.75,1.43,0,0.75,270,3.47,0.7,2024-01-04,297.56,0.593
ITM10119,1,L73,354,79,5,9,15.05,2.39,0.26,53,1.53,148.19,1.69,1,0.76,309,6.27,0.7,2024-09-29,55.51,0.587
ITM10120,1,L92,41,53,3,6,48.49,7.56,0.6,175,1.42,157.77,1.02,8,0.85,773,4.71,0.62,2024-10-09,136.98,0.495
ITM10121,5,L41,49,81,5,6,30.83,8.91,0.95,60,2.39,172.04,0.71,1,0.88,310,9.59,0.89,2024-07-29,291.31,0.791
ITM10122,2,L28,210,33,14,8,20.57,6.01,0.57,27,1.95,67.28,1.38,9,0.71,863,11.42,0.88,2024-01-07,71.8,0.552
ITM10123,4,L84,279,95,14,5,32.61,2.85,0.85,14,3.74,107.03,1.04,1,0.82,892,6.63,0.37,2024-01-09,244.0,0.602
ITM10124,3,L64,224,28,14,4,20.37,3.44,0.78,177,3.65,172.93,1.8,8,0.95,691,2.26,0.63,2024-09-28,80.48,0.406
ITM10125,5,L51,78,27,13,8,41.07,8.91,0.57,15,1.96,174.3,1.95,2,0.83,666,1.37,0.83,2024-05-20,31.83,0.515
ITM10126,2,L83,490,39,3,7,28.82,3.33,0.68,85,2.47,14.88,1.66,1,0.75,615,4.05,0.89,2024-10-01,22.4,0.596
ITM10127,5,L59,283,51,10,7,3.06,7.59,0.47,124,1.44,137.47,1.99,6,0.99,669,11.25,0.4,2024-05-26,285.13,0.509
ITM10128,2,L19,485,42,3,8,9.66,9.91,0.58,21,3.52,124.32,0.76,8,0.78,521,4.1,0.6,2024-01-09,71.74,0.495
ITM10129,2,L34,31,83,7,3,43.38,10.0,0.56,21,2.28,25.83,1.8,5,0.94,876,13.75,0.62,2024-09-14,94.67,0.615
ITM10130,4,L18,138,21,11,6,28.58,5.57,0.74,82,1.1,186.73,0.73,6,0.76,850,10.12,0.76,2024-12-23,290.4,0.646
ITM10131,2,L32,434,36,9,4,47.57,8.35,0.47,115,1.07,94.62,0.32,2,0.83,304,13.07,0.46,2024-12-11,200.64,0.76
ITM10132,5,L96,481,48,6,5,4.55,9.91,0.19,159,1.95,138.11,1.28,2,0.85,327,6.4,0.43,2024-08-08,151.56,0.573
ITM10133,2,L72,309,18,13,9,15.47,4.06,0.81,58,3.86,177.73,0.96,7,0.85,608,14.77,0.76,2024-04-01,136.27,0.683
ITM10134,4,L69,357,30,11,2,10.48,2.9,0.72,13,0.61,34.72,1.85,6,0.85,695,10.51,0.52,2024-02-24,24.08,0.509
ITM10135,4,L34,267,85,11,5,28.14,1.59,0.96,12,1.66,172.61,1.04,4,0.77,73,6.0,0.2,2024-02-19,253.29,0.49
ITM10136,5,L96,373,38,4,5,19.76,1.84,0.49,153,1.23,147.62,1.86,5,0.85,482,3.98,0.95,2024-09-25,230.99,0.527
ITM10137,1,L75,146,42,12,4,8.71,8.61,0.17,23,4.8,169.52,0.25,8,0.84,678,13.13,0.32,2024-03-17,36.3,0.622
ITM10138,1,L55,94,71,12,6,32.49,6.09,0.21,73,3.67,104.02,1.68,2,0.76,800,5.45,0.32,2024-05-03,112.5,0.481
ITM10139,2,L75,380,24,13,4,27.28,8.8,0.8,129,1.55,16.36,1.54,2,1.0,527,1.62,0.85,2024-04-08,266.77,0.598
ITM10140,3,L52,223,11,14,2,14.46,8.0,0.16,178,1.43,137.4,1.47,5,0.96,543,4.9,0.47,2024-11-13,78.57,0.504
ITM10141,2,L47,68,61,8,8,24.51,6.9,0.92,77,4.36,81.16,0.77,7,0.97,431,3.51,0.46,2024-09-26,187.26,0.516
ITM10142,5,L29,98,53,6,4,37.54,6.29,0.35,68,1.36,86.46,1.59,4,0.91,868,5.48,0.7,2024-05-09,151.5,0.556
ITM10143,5,L18,460,63,10,3,11.06,0.96,0.91,139,4.99,93.84,1.02,0,0.75,423,9.59,0.25,2024-06-30,247.37,0.626
ITM10144,5,L66,498,27,14,5,15.35,8.79,0.8,128,1.77,103.65,1.46,2,0.87,602,8.01,0.39,2024-05-16,20.46,0.573
ITM10145,5,L64,260,12,13,6,17.96,4.47,0.88,19,0.88,135.77,1.15,7,0.95,811,10.95,0.24,2024-07-22,246.68,0.529
ITM10146,5,L12,368,16,9,9,37.59,5.82,0.29,84,3.61,148.09,0.4,3,0.71,372,5.67,0.43,2024-02-10,49.36,0.604
ITM10147,4,L97,173,52,9,7,42.5,0.71,0.64,99,3.24,157.6,0.22,8,0.85,138,2.68,0.9,2024-07-10,14.37,0.604
ITM10148,1,L7,293,91,13,2,19.44,9.39,0.18,110,5.0,137.61,0.8,5,0.82,141,3.24,0.93,2024-07-26,182.7,0.613
ITM10149,5,L15,115,47,12,7,15.53,9.08,0.28,163,4.11,162.66,1.87,9,0.76,426,12.16,0.45,2024-08-23,85.01,0.437
ITM10150,3,L20,233,46,11,5,44.58,5.66,0.38,141,2.43,33.21,1.11,3,0.81,130,2.37,0.35,2024-10-16,215.69,0.493
ITM10151,3,L81,313,67,7,4,49.97,5.98,0.77,37,3.54,169.0,1.62,3,1.0,691,12.17,0.31,2024-05-04,146.24,0.602
ITM10152,3,L21,228,42,8,7,33.85,7.2,0.12,139,4.18,83.58,1.19,9,0.92,652,3.98,0.52,2024-12-22,185.6,0.442
ITM10153,3,L88,362,68,3,3,49.51,3.01,0.91,75,2.81,110.47,1.92,4,0.79,149,10.5,0.86,2024-04-25,210.01,0.598
ITM10154,4,L55,107,20,8,4,33.34,2.61,0.16,153,1.73,92.42,0.8,6,0.88,639,9.72,0.88,2024-06-02,278.81,0.682
ITM10155,3,L77,325,77,4,5,36.94,6.9,0.44,133,1.45,100.39,0.21,6,0.77,604,2.38,0.24,2024-12-16,248.7,0.493
ITM10156,5,L9,283,91,8,7,20.04,1.49,0.17,66,1.83,64.23,1.58,9,0.88,172,10.32,0.37,2024-02-11,153.58,0.45
ITM10157,2,L50,444,77,11,9,22.22,4.81,0.79,160,4.32,42.29,1.44,6,0.97,849,7.27,0.36,2024-11-30,137.02,0.499
ITM10158,3,L49,409,97,10,8,8.06,5.18,0.23,160,2.21,29.93,1.1,4,0.87,445,10.9,0.86,2024-11-28,199.86,0.701
ITM10159,4,L77,344,31,11,2,41.31,4.12,0.9,30,1.79,95.77,0.72,8,0.92,72,12.7,0.57,2024-01-17,222.72,0.635
ITM10160,4,L60,447,75,12,7,46.62,2.26,0.58,112,4.13,33.8,0.46,1,0.84,705,1.55,0.49,2024-02-17,60.07,0.621
ITM10161,3,L68,396,53,10,9,31.55,3.88,0.95,162,0.64,56.55,1.02,7,0.86,989,10.07,0.97,2024-07-26,19.43,0.658
ITM10162,2,L33,339,15,5,8,17.84,3.71,0.36,67,3.17,35.39,1.37,9,0.91,819,2.47,0.94,2024-07-13,141.85,0.486
ITM10163,3,L71,176,51,10,8,8.55,5.24,0.51,46,4.43,30.73,1.2,7,0.94,568,6.3,0.55,2024-07-12,38.84,0.522
ITM10164,4,L2,175,34,8,7,13.99,6.91,0.72,152,2.35,177.67,0.93,2,0.9,326,1.18,0.3,2024-10-09,89.09,0.523
ITM10165,1,L88,158,66,8,6,13.52,9.7,0.85,165,1.71,138.06,1.13,4,0.99,747,5.6,0.34,2024-08-31,179.57,0.548
ITM10166,5,L93,140,94,8,7,31.06,1.87,0.48,141,2.71,185.51,0.31,7,0.95,144,3.37,0.29,2024-01-29,53.92,0.522
ITM10167,4,L15,84,64,5,5,47.31,8.79,0.9,56,3.73,132.36,1.42,9,0.93,968,8.79,0.74,2024-11-22,18.26,0.529
ITM10168,3,L88,126,25,12,8,3.37,3.2,0.21,112,2.82,170.35,1.5,8,0.95,431,8.17,0.64,2024-01-05,170.83,0.517
ITM10169,5,L69,166,23,3,2,1.05,6.12,0.74,81,0.53,115.51,0.12,6,0.78,426,12.11,0.65,2024-12-25,145.21,0.715
ITM10170,3,L97,156,48,14,5,30.41,5.69,0.41,98,0.85,97.9,0.61,3,0.83,74,9.96,0.28,2024-03-28,98.83,0.634
ITM10171,3,L35,430,37,6,3,14.92,5.79,0.19,67,3.75,110.41,0.28,3,0.87,340,11.0,0.83,2024-02-12,145.95,0.799
ITM10172,1,L99,181,60,12,4,44.15,7.37,0.45,114,2.3,70.84,2.0,2,0.84,276,2.29,0.63,2024-09-12,208.22,0.485
ITM10173,5,L83,447,58,14,7,17.04,4.13,0.89,78,4.03,135.01,1.23,7,0.95,222,1.39,0.27,2024-08-10,41.61,0.4
ITM10174,5,L44,471,18,8,6,15.2,3.53,0.98,55,3.42,180.46,0.98,5,0.71,696,14.57,0.8,2024-11-26,84.15,0.698
ITM10175,1,L15,119,67,13,2,14.21,8.6,0.45,162,3.12,158.65,0.98,9,0.76,502,6.98,0.99,2024-06-18,240.54,0.565
ITM10176,4,L38,357,54,14,6,8.1,2.59,0.9,34,4.56,97.78,1.93,5,0.96,337,6.53,0.55,2024-10-16,204.34,0.496
ITM10177,3,L56,418,31,12,6,29.49,2.21,0.56,130,0.6,191.24,1.35,9,0.72,870,1.49,0.29,2024-02-18,87.21,0.307
ITM10178,2,L21,326,41,4,6,9.24,0.65,0.75,44,1.2,197.23,0.42,9,0.77,118,2.66,0.28,2024-09-27,125.46,0.423
ITM10179,3,L59,160,78,9,7,21.81,2.5,0.14,24,3.31,103.69,0.95,8,0.81,330,14.17,0.22,2024-01-22,44.73,0.54
ITM10180,3,L1,102,96,9,2,23.59,5.43,0.6,115,0.8,174.28,1.57,2,0.93,912,10.73,0.82,2024-04-27,83.41,0.696
ITM10181,4,L93,196,78,13,2,2.0,5.62,0.16,137,3.4,10.91,0.9,3,0.87,391,6.73,0.76,2024-04-18,253.93,0.666
ITM10182,3,L93,217,51,6,8,1.82,2.92,0.34,83,4.93,22.66,0.69,2,0.99,919,13.66,0.67,2024-12-20,137.72,0.805
ITM10183,1,L34,131,62,6,6,26.49,1.19,0.61,97,4.45,14.25,1.98,2,0.77,382,9.26,0.81,2024-10-17,195.68,0.601
ITM10184,1,L65,75,68,3,8,35.11,7.57,0.83,172,3.16,156.9,1.88,0,0.96,792,11.45,1.0,2024-08-31,56.33,0.757
ITM10185,5,L98,479,83,4,8,47.16,7.7,0.6,38,4.52,25.16,1.89,9,0.78,435,7.04,0.52,2024-05-18,63.16,0.385
ITM10186,2,L23,198,48,11,4,9.78,9.98,0.94,47,1.02,13.24,0.35,5,0.77,391,7.04,0.76,2024-01-24,282.87,0.665
ITM10187,3,L65,440,24,12,7,6.06,9.05,0.83,33,2.55,38.01,0.55,8,0.85,366,1.96,0.5,2024-02-08,254.02,0.481
ITM10188,3,L14,420,80,10,7,3.55,9.3,0.24,28,2.43,68.2,0.94,4,0.72,954,11.28,0.48,2024-12-16,239.2,0.616
ITM10189,4,L81,205,38,10,5,22.37,8.08,0.45,58,2.01,98.29,1.68,9,0.82,356,2.39,0.88,2024-05-23,105.58,0.424
ITM10190,1,L39,490,12,11,9,31.53,6.35,0.7,53,0.5,22.43,1.5,1,0.81,819,11.7,0.66,2024-10-05,173.2,0.68
ITM10191,2,L82,237,92,9,8,42.19,1.72,0.94,163,4.51,104.81,1.71,9,0.75,222,3.67,0.3,2024-10-15,152.78,0.308
ITM10192,5,L65,432,19,11,7,34.45,6.41,0.99,162,4.0,57.13,1.85,3,0.96,593,4.46,0.52,2024-12-02,287.31,0.51
ITM10193,1,L78,436,38,12,6,11.21,1.03,0.79,44,3.44,62.13,1.58,5,0.82,249,13.85,0.84,2024-01-17,79.49,0.659
ITM10194,5,L26,335,88,14,9,23.63,8.91,0.62,173,1.08,166.16,0.6,6,0.99,641,7.6,0.95,2024-04-01,284.7,0.709
ITM10195,4,L20,494,44,4,3,45.61,5.08,0.78,151,2.2,197.52,0.64,6,0.97,914,2.75,0.69,2024-06-10,214.99,0.585
ITM10196,4,L48,236,15,8,6,17.01,7.13,0.35,65,4.66,98.13,0.77,3,0.76,124,13.67,0.52,2024-01-09,129.97,0.701
ITM10197,3,L98,139,21,5,2,25.44,1.0,0.36,143,3.28,71.14,0.68,9,0.85,977,7.33,0.4,2024-04-16,87.24,0.5
ITM10198,2,L21,458,47,13,7,47.97,5.58,0.69,41,3.22,186.98,0.57,9,0.88,825,2.83,0.54,2024-10-27,229.63,0.485
ITM10199,5,L70,413,86,8,9,37.0,3.36,0.88,35,4.61,105.09,1.53,4,0.95,646,6.47,0.65,2024-03-14,248.65,0.573
ITM10200,1,L100,194,28,5,7,37.64,3.21,0.97,152,3.02,148.77,0.16,3,0.97,266,9.25,0.2,2024-12-30,113.68,0.681
ITM10201,4,L68,42,76,10,5,13.36,4.2,0.41,65,3.19,88.61,1.48,9,0.89,682,6.07,0.41,2024-07-22,59.85,0.413
ITM10202,3,L1,232,17,13,8,21.32,0.51,0.82,46,2.06,48.48,1.66,5,0.71,581,13.94,0.74,2024-02-09,152.75,0.61
ITM10203,3,L77,424,17,6,3,5.03,4.93,0.87,134,2.17,134.43,0.23,6,0.84,498,4.78,0.74,2024-06-02,145.87,0.637
ITM10204,5,L42,254,93,14,7,30.72,5.12,0.66,62,3.59,136.32,0.22,1,0.97,710,3.46,0.72,2024-03-24,220.37,0.742
ITM10205,4,L63,32,56,12,5,6.08,8.7,0.41,110,1.94,97.43,0.64,9,0.91,56,4.09,0.96,2024-10-15,292.22,0.585
ITM10206,2,L3,120,13,8,5,41.96,4.76,0.66,87,3.02,61.29,0.5,2,0.96,938,2.17,0.65,2024-05-03,164.07,0.661
ITM10207,4,L15,436,60,11,3,40.91,3.95,0.63,45,1.76,168.04,1.2,7,0.9,939,7.33,0.42,2024-10-17,222.2,0.502
ITM10208,5,L47,43,94,4,6,27.15,9.95,0.65,110,1.25,62.31,1.38,6,0.71,442,13.3,0.85,2024-07-18,111.67,0.631
ITM10209,5,L40,383,76,4,6,7.92,5.93,0.66,20,2.54,135.21,1.3,0,0.99,647,5.27,0.51,2024-12-12,183.88,0.64
ITM10210,4,L31,30,54,9,6,2.25,4.99,0.86,36,1.48,82.96,0.78,3,0.98,435,4.62,0.39,2024-10-03,43.45,0.598
ITM10211,5,L8,292,17,4,4,40.04,5.21,0.25,11,4.54,99.77,1.05,4,0.74,550,12.72,0.65,2024-06-18,246.33,0.663
ITM10212,4,L31,471,96,4,8,30.41,8.19,0.43,31,1.87,50.17,1.32,2,0.73,196,5.28,0.43,2024-07-15,109.85,0.53
ITM10213,1,L73,450,25,6,9,35.84,3.74,0.63,75,3.19,133.4,0.33,3,0.86,365,7.68,0.52,2024-03-12,33.21,0.685
ITM10214,4,L11,300,86,11,8,15.89,4.2,0.35,121,1.69,52.91,0.54,9,0.93,503,1.44,0.75,2024-12-18,297.26,0.521
ITM10215,4,L11,113,76,10,6,25.96,7.68,0.98,26,1.66,102.29,1.79,9,0.81,236,5.02,1.0,2024-02-10,271.52,0.47
ITM10216,5,L94,220,18,4,3,37.61,1.19,0.34,141,2.08,72.41,0.75,9,0.74,374,2.83,0.72,2024-09-13,67.26,0.475
ITM10217,5,L63,40,69,10,4,23.67,8.72,0.52,23,4.62,193.09,1.62,6,0.85,862,2.48,0.42,2024-06-26,115.33,0.405
ITM10218,3,L9,359,87,6,8,30.47,4.59,0.89,16,2.26,196.62,0.58,7,0.8,367,7.04,0.27,2024-01-28,281.65,0.51
ITM10219,3,L98,486,86,4,6,39.7,6.02,0.17,88,4.2,153.16,0.18,8,0.81,443,4.88,0.49,2024-02-20,240.94,0.547
ITM10220,1,L69,230,80,13,4,11.55,7.7,0.84,153,1.39,196.94,1.05,1,0.89,428,3.33,0.22,2024-08-11,272.86,0.541
ITM10221,3,L99,159,24,12,9,4.23,3.03,0.61,113,0.72,31.57,1.8,3,0.97,754,8.16,0.57,2024-04-28,173.14,0.577
ITM10222,4,L17,312,80,9,3,27.06,8.96,0.13,156,4.02,198.54,1.66,0,0.87,843,11.98,0.73,2024-02-08,80.5,0.714
ITM10223,5,L17,317,50,8,6,4.04,9.8,0.91,10,2.94,29.68,0.58,2,0.91,523,11.29,0.61,2024-06-23,75.85,0.757
ITM10224,3,L85,420,31,12,9,38.56,5.2,0.14,40,2.77,88.94,1.83,7,0.9,749,4.51,0.89,2024-11-05,162.44,0.495
ITM10225,3,L61,120,33,7,2,36.24,9.4,0.56,137,1.72,55.4,1.01,6,0.87,67,4.68,0.6,2024-11-10,277.96,0.535
ITM10226,1,L71,323,53,13,9,44.2,0.51,0.14,141,0.83,191.23,0.19,7,0.79,876,11.25,0.57,2024-10-31,193.16,0.663
ITM10227,1,L22,378,10,3,7,32.34,9.0,0.16,100,2.67,130.8,0.15,5,0.81,198,8.8,0.45,2024-07-22,19.97,0.654
ITM10228,4,L34,47,19,4,3,4.29,3.45,0.9,67,4.4,123.45,1.02,4,0.79,607,11.39,0.87,2024-06-16,172.54,0.702
ITM10229,5,L68,60,89,10,9,13.4,3.46,0.79,65,1.04,199.51,1.14,9,0.98,61,1.02,0.92,2024-01-16,186.45,0.5
ITM10230,1,L78,374,81,3,9,40.59,2.67,0.28,52,4.68,126.36,0.25,8,0.95,791,2.22,0.98,2024-11-20,178.65,0.631
ITM10231,3,L55,322,65,5,5,9.19,3.51,0.66,83,1.74,132.77,1.85,4,0.87,511,12.23,0.98,2024-05-19,210.41,0.668
ITM10232,5,L28,165,98,4,5,35.23,2.53,0.82,58,2.89,18.51,1.46,8,0.97,674,12.92,0.98,2024-08-18,95.12,0.656
ITM10233,5,L70,275,59,7,9,39.23,9.11,0.9,121,0.8,173.22,1.62,3,0.97,209,5.81,0.77,2024-09-08,51.69,0.603
ITM10234,3,L97,481,21,6,9,17.18,9.04,0.52,117,2.41,194.32,1.21,4,0.98,984,14.42,0.65,2024-04-26,227.51,0.717
ITM10235,1,L94,246,98,9,3,16.79,1.47,0.91,69,1.07,192.46,1.36,0,0.77,788,5.22,0.34,2024-07-01,66.94,0.556
ITM10236,3,L89,255,90,7,5,28.33,1.86,0.56,103,0.72,52.01,0.84,5,0.92,744,13.46,0.81,2024-10-10,43.11,0.741
ITM10237,5,L26,380,69,10,8,43.2,8.69,0.72,153,4.85,52.92,1.39,2,0.88,616,6.9,0.79,2024-07-11,114.22,0.647
ITM10238,2,L92,399,35,6,3,11.97,4.29,0.98,82,3.79,79.55,1.96,9,0.92,315,8.87,0.87,2024-08-09,251.5,0.5
ITM10239,2,L40,474,87,14,2,47.12,2.11,0.31,108,3.74,68.94,1.33,1,0.78,596,10.01,0.57,2024-04-05,33.81,0.65
ITM10240,4,L52,32,50,8,3,30.36,5.35,0.25,123,0.91,68.07,0.75,5,0.91,129,2.86,0.91,2024-12-14,66.71,0.627
ITM10241,3,L86,229,45,6,6,49.61,4.46,0.41,24,4.68,124.99,0.64,0,0.82,567,1.52,0.77,2024-10-26,147.83,0.674
ITM10242,3,L84,248,32,4,6,5.39,2.58,0.25,72,2.61,163.07,1.93,8,0.95,688,6.98,0.34,2024-12-04,93.42,0.398
ITM10243,4,L48,416,52,3,4,7.2,7.35,0.36,37,4.34,187.99,0.45,4,0.94,117,3.24,0.37,2024-07-13,219.28,0.58
ITM10244,4,L57,119,15,3,5,41.51,6.5,0.77,157,0.56,22.89,1.63,6,0.76,751,8.69,0.85,2024-02-13,205.72,0.555
ITM10245,4,L67,50,78,10,9,43.37,1.45,0.53,170,1.84,62.82,0.98,9,0.76,293,7.35,0.54,2024-11-12,254.33,0.48
ITM10246,5,L58,405,52,6,7,22.83,9.29,0.44,45,4.98,58.45,0.94,8,0.92,58,2.71,0.4,2024-05-31,69.11,0.446
ITM10247,3,L16,35,34,7,5,35.99,5.81,0.43,134,2.43,77.91,1.52,8,0.87,206,10.32,0.54,2024-05-06,198.19,0.508
ITM10248,5,L32,156,27,13,8,43.51,2.88,0.28,150,4.5,90.62,0.38,6,0.87,632,1.29,0.33,2024-02-07,234.67,0.499
ITM10249,4,L29,348,71,10,3,3.11,2.46,0.5,71,1.98,83.94,0.99,3,0.93,513,2.77,0.91,2024-02-12,28.17,0.646
ITM10250,3,L9,185,22,14,7,29.12,1.79,0.66,160,2.86,190.91,0.17,3,0.96,695,10.8,0.26,2024-05-17,20.68,0.711
ITM10251,5,L44,478,52,9,7,42.82,4.53,0.23,22,4.34,93.05,1.37,6,0.77,349,8.39,0.48,2024-03-19,172.18,0.505
ITM10252,5,L3,329,87,10,9,20.51,1.79,0.98,97,3.23,114.8,0.21,7,0.87,369,4.95,0.65,2024-07-13,180.48,0.609
ITM10253,4,L76,459,37,10,9,15.82,4.45,0.5,49,3.76,152.24,0.27,6,0.95,298,3.52,0.9,2024-12-30,123.91,0.67
ITM10254,3,L71,489,27,8,5,39.99,1.91,0.95,167,1.53,147.77,1.71,9,0.96,372,9.99,0.83,2024-11-20,20.46,0.54
ITM10255,4,L30,119,68,12,7,17.45,6.74,0.22,133,1.2,120.76,0.94,3,0.79,605,3.88,0.22,2024-03-19,126.56,0.5
ITM10256,3,L76,128,69,4,7,1.16,7.96,0.79,34,1.54,173.56,0.48,3,0.73,677,14.78,0.86,2024-07-18,196.21,0.807
ITM10257,2,L29,362,72,8,6,48.02,5.72,0.66,163,2.72,128.59,1.23,7,0.77,511,13.17,0.71,2024-06-11,213.55,0.609
ITM10258,1,L1,192,66,3,2,30.01,6.96,0.84,33,4.1,176.2,1.09,8,0.98,447,2.85,0.31,2024-07-03,152.91,0.427
ITM10259,1,L10,256,60,3,9,41.16,9.41,0.64,106,2.09,67.53,0.88,6,0.84,442,13.03,0.69,2024-02-24,162.26,0.672
ITM10260,1,L91,181,65,13,3,41.44,6.56,0.97,48,3.04,35.08,1.82,2,0.83,277,5.83,0.85,2024-02-16,205.08,0.592
ITM10261,4,L81,412,36,5,5,4.25,3.96,0.66,118,4.12,165.71,1.52,9,0.7,968,7.86,0.68,2024-01-03,140.3,0.449
ITM10262,2,L8,235,41,5,9,9.37,4.77,0.81,70,1.57,82.68,0.39,0,0.72,618,3.0,1.0,2024-06-06,86.42,0.745
ITM10263,3,L30,283,18,13,6,16.24,8.67,0.89,178,4.47,133.71,1.18,4,0.9,293,2.66,0.61,2024-08-15,74.66,0.539
ITM10264,5,L9,282,93,7,8,16.71,1.74,0.74,29,4.79,150.09,0.27,5,0.88,106,13.12,0.74,2024-07-03,228.3,0.772
ITM10265,3,L5,311,77,3,9,33.28,3.59,0.57,25,0.68,72.07,0.56,8,0.87,192,9.82,0.26,2024-05-18,151.39,0.541
ITM10266,5,L43,293,55,12,8,31.53,5.98,0.35,158,0.77,105.98,1.83,4,0.73,241,7.45,0.85,2024-02-22,190.98,0.552
ITM10267,3,L10,22,76,8,4,25.23,6.93,0.87,24,0.91,180.04,0.98,0,0.81,568,1.51,0.7,2024-03-08,146.62,0.624
ITM10268,2,L66,47,35,9,7,11.35,7.75,0.53,176,4.0,177.16,1.8,3,0.94,453,13.91,0.65,2024-02-14,247.46,0.663
ITM10269,5,L31,345,17,12,7,19.72,3.52,0.66,51,1.35,152.38,0.42,1,0.75,324,6.27,0.77,2024-04-05,154.09,0.726
ITM10270,4,L36,447,15,14,5,27.64,1.89,0.17,13,3.77,154.92,0.49,3,0.96,695,6.83,0.65,2024-08-08,296.54,0.704
ITM10271,3,L86,168,89,13,2,23.93,9.57,0.55,161,2.49,180.56,0.77,6,0.74,996,5.06,0.81,2024-08-17,80.36,0.58
ITM10272,3,L63,47,33,5,2,7.24,1.23,0.73,140,4.26,149.9,0.8,8,0.75,88,13.48,0.67,2024-10-12,50.17,0.624
ITM10273,5,L28,329,57,6,5,32.83,1.41,0.63,123,4.14,74.52,1.52,2,0.84,242,5.82,0.62,2024-10-11,118.34,0.578
ITM10274,4,L70,457,54,12,5,4.58,5.2,0.5,138,4.82,32.95,1.24,2,0.98,376,3.44,0.31,2024-09-19,276.41,0.54
ITM10275,4,L17,84,22,13,6,19.53,8.28,0.3,150,1.63,90.16,1.15,3,0.8,532,8.01,0.58,2024-07-27,257.17,0.608
ITM10276,2,L93,375,78,12,8,35.79,7.86,0.38,63,1.53,26.6,1.24,6,0.9,74,11.94,0.63,2024-02-22,81.73,0.621
ITM10277,4,L74,40,34,14,5,1.98,9.41,0.73,91,0.64,32.0,1.49,5,0.88,151,6.2,0.7,2024-01-14,183.91,0.55
ITM10278,4,L74,271,29,12,8,28.93,1.85,0.3,49,2.35,190.53,1.8,4,0.74,712,10.13,0.56,2024-02-15,180.79,0.535
ITM10279,4,L61,254,91,12,9,17.39,4.07,0.66,136,2.57,138.42,0.89,3,0.77,266,5.26,0.32,2024-06-30,95.09,0.539
ITM10280,1,L32,246,91,12,9,1.43,3.18,0.63,148,4.84,171.81,1.63,7,0.98,791,11.08,0.32,2024-10-10,78.26,0.505
ITM10281,2,L61,32,75,5,4,10.33,8.68,0.97,51,4.24,132.15,1.04,3,0.76,316,10.36,0.78,2024-02-17,123.11,0.682
ITM10282,3,L53,332,83,3,8,47.11,5.14,0.15,102,1.25,89.52,1.47,2,0.91,211,10.53,0.73,2024-11-01,238.7,0.681
ITM10283,5,L25,68,54,10,6,26.54,0.76,0.2,13,4.09,14.78,1.76,6,0.99,336,10.04,0.41,2024-11-02,65.6,0.518
ITM10284,3,L13,137,56,12,9,49.86,7.23,0.56,34,1.3,191.61,0.16,1,0.74,727,3.19,0.56,2024-06-15,139.26,0.667
ITM10285,2,L13,73,72,12,7,26.72,4.19,0.57,109,0.85,23.48,1.14,3,0.82,935,13.43,0.45,2024-07-16,149.69,0.659
ITM10286,5,L85,157,85,4,7,27.65,5.55,0.14,173,4.27,125.93,1.98,7,0.77,931,9.2,0.34,2024-01-07,282.35,0.407
ITM10287,2,L56,72,86,3,9,20.2,8.99,0.84,134,4.89,29.42,1.04,3,0.77,296,6.35,0.46,2024-05-29,98.02,0.567
ITM10288,4,L46,63,64,10,9,16.19,2.94,0.55,49,0.9,63.99,1.74,9,0.74,223,3.41,0.41,2024-07-30,15.7,0.321
ITM10289,5,L55,322,84,9,9,13.33,2.78,0.41,101,4.16,45.31,0.45,6,0.89,445,11.97,0.27,2024-07-17,211.18,0.627
ITM10290,4,L53,72,28,9,8,17.83,3.0,0.39,145,4.37,115.21,1.25,1,0.92,58,8.13,0.6,2024-02-13,229.18,0.667
ITM10291,3,L60,93,44,6,7,23.53,3.71,0.88,94,1.03,178.54,1.75,4,0.9,958,3.06,0.56,2024-10-13,213.88,0.478
ITM10292,3,L94,65,62,13,7,10.41,1.52,0.28,44,1.77,130.77,0.92,3,0.98,497,13.9,0.77,2024-05-04,213.21,0.783
ITM10293,5,L7,32,35,11,3,12.02,7.12,0.24,155,3.8,136.2,1.02,8,0.74,837,2.49,0.7,2024-10-19,150.14,0.459
ITM10294,5,L87,184,23,8,9,14.31,2.47,0.29,56,4.13,182.7,0.26,6,0.8,620,8.34,0.47,2024-09-23,15.41,0.619
ITM10295,2,L84,121,54,4,4,23.01,9.3,0.66,162,2.09,152.39,0.18,8,0.8,646,9.55,0.6,2024-03-27,221.68,0.629
ITM10296,2,L83,299,53,3,9,32.99,2.55,0.83,178,1.22,174.53,0.99,9,0.77,711,14.99,0.63,2024-12-16,281.59,0.601
ITM10297,4,L13,277,97,3,6,42.95,2.93,0.4,14,3.42,89.11,1.7,6,0.74,370,2.97,0.93,2024-07-13,55.64,0.484
ITM10298,5,L8,489,74,11,6,15.07,3.32,0.26,134,3.66,174.42,1.87,1,0.85,621,9.59,0.99,2024-03-27,29.7,0.689
ITM10299,3,L52,356,60,6,7,10.0,7.8,0.29,120,2.77,132.71,1.35,1,0.95,174,7.67,0.85,2024-03-12,86.91,0.707
ITM10300,2,L94,375,52,7,9,19.56,4.56,0.66,81,1.15,35.77,1.67,1,0.99,90,4.6,0.65,2024-05-17,256.44,0.602
ITM10301,2,L44,417,95,5,2,44.82,8.28,0.32,96,4.3,17.36,1.5,4,0.74,386,14.19,0.94,2024-06-03,40.78,0.695
ITM10302,3,L14,157,32,6,6,1.48,7.96,0.89,12,3.4,56.37,1.43,0,0.95,734,12.07,0.34,2024-05-17,217.4,0.676
ITM10303,2,L32,182,65,14,9,34.22,9.33,0.19,174,4.41,81.89,1.56,6,0.95,821,11.88,0.76,2024-09-09,28.25,0.624
ITM10304,4,L25,428,28,10,4,24.38,7.69,0.13,102,4.7,169.14,1.06,1,0.82,375,13.59,0.57,2024-03-15,19.51,0.733
ITM10305,5,L25,406,91,6,5,8.89,0.99,0.18,50,4.13,150.84,0.97,3,0.73,734,11.15,0.32,2024-02-02,268.48,0.602
ITM10306,3,L69,130,85,11,9,16.73,8.45,0.86,157,4.81,191.52,0.4,8,1.0,235,8.09,0.26,2024-03-26,233.46,0.56
ITM10307,5,L58,121,64,11,4,12.02,9.41,0.69,96,4.79,116.24,1.7,7,0.9,290,6.48,0.58,2024-08-10,183.59,0.472
ITM10308,2,L18,36,69,8,7,44.01,9.94,0.96,177,3.29,152.07,0.18,9,0.99,388,10.86,0.39,2024-05-21,59.88,0.623
ITM10309,2,L55,287,68,4,7,24.61,1.69,0.4,94,3.78,62.3,0.61,1,0.85,143,9.44,0.4,2024-08-03,90.87,0.695
ITM10310,3,L24,201,42,14,3,28.59,6.33,0.29,145,3.65,139.12,1.09,3,0.82,968,8.6,0.46,2024-06-02,24.1,0.602
ITM10311,4,L36,391,28,12,8,30.09,2.39,0.61,142,3.3,144.17,1.95,3,0.77,465,9.25,0.77,2024-09-04,197.16,0.576
ITM10312,1,L60,43,37,13,6,32.34,2.99,0.58,34,0.59,171.2,1.59,1,1.0,112,10.17,0.33,2024-02-09,208.96,0.623
ITM10313,3,L32,48,61,9,8,25.28,7.58,0.63,48,2.1,111.92,0.8,1,0.78,782,14.56,0.77,2024-07-03,104.77,0.804
ITM10314,1,L10,190,58,11,9,1.88,9.79,0.41,174,0.95,133.31,1.46,4,0.71,569,11.54,0.83,2024-05-08,108.14,0.636
ITM10315,1,L57,428,46,8,8,17.4,6.15,0.11,134,1.85,48.58,1.87,3,0.85,774,3.47,0.68,2024-05-06,192.4,0.505
ITM10316,4,L71,247,35,5,6,10.01,8.58,0.13,114,0.81,149.98,1.12,7,0.81,258,7.53,0.4,2024-11-16,284.24,0.49
ITM10317,1,L13,397,49,9,6,34.33,0.58,0.7,14,4.64,169.3,0.98,3,0.78,258,10.5,0.24,2024-09-10,124.47,0.586
ITM10318,1,L7,207,89,7,9,3.78,0.85,0.57,145,2.53,122.81,1.15,7,0.89,425,3.46,0.53,2024-10-31,153.14,0.475
ITM10319,4,L84,365,47,3,7,28.63,6.17,0.84,13,1.35,31.98,0.69,4,0.81,134,14.06,0.88,2024-11-11,212.5,0.776
ITM10320,1,L70,249,86,5,6,11.32,4.2,0.37,178,3.13,69.44,1.82,0,0.82,256,2.08,0.28,2024-04-10,109.27,0.466
ITM10321,1,L2,340,96,7,2,47.49,8.95,0.83,69,1.38,100.35,1.61,8,0.71,396,9.55,0.8,2024-08-22,261.97,0.508
ITM10322,1,L12,359,63,9,2,17.44,3.37,0.48,63,4.12,138.66,1.44,7,0.88,714,14.66,0.57,2024-02-24,255.39,0.601
ITM10323,3,L97,138,31,5,5,16.94,4.6,0.19,159,1.88,70.86,1.22,0,0.74,210,11.19,0.92,2024-03-10,205.54,0.759
ITM10324,3,L31,175,25,8,6,46.25,5.52,0.98,87,1.92,169.66,1.94,2,0.76,499,10.48,0.48,2024-06-04,165.71,0.554
ITM10325,3,L22,291,37,7,3,21.45,3.09,0.56,28,4.41,80.64,0.67,2,0.92,165,14.96,0.76,2024-01-04,295.22,0.828
ITM10326,4,L53,194,44,3,5,48.18,9.13,0.67,108,3.02,18.14,0.64,4,0.79,411,12.09,0.79,2024-07-21,213.69,0.733
ITM10327,2,L63,484,69,12,7,2.18,4.91,0.7,77,4.49,160.86,0.56,6,0.75,300,14.58,0.36,2024-06-19,196.54,0.64
ITM10328,1,L62,123,54,8,6,16.01,4.53,0.43,42,2.36,132.4,1.51,0,0.87,961,10.78,0.33,2024-11-13,264.28,0.633
ITM10329,1,L28,111,55,10,2,33.64,8.57,0.77,159,2.05,162.37,1.61,0,0.76,232,10.32,0.27,2024-07-13,170.95,0.583
ITM10330,4,L52,205,81,3,3,44.65,3.46,0.88,148,2.78,76.29,1.23,9,0.78,725,11.68,0.76,2024-06-17,80.45,0.561
ITM10331,1,L8,479,64,4,9,13.56,8.27,0.45,25,0.78,13.35,1.34,5,0.89,377,3.64,0.64,2024-08-13,49.95,0.521
ITM10332,3,L22,302,95,6,5,46.59,1.66,0.69,136,1.19,24.01,0.76,4,0.92,641,12.28,0.27,2024-06-20,146.6,0.646
ITM10333,2,L49,200,94,14,3,30.11,2.24,0.78,102,1.49,31.24,0.18,2,0.92,56,14.58,0.45,2024-08-08,159.54,0.81
ITM10334,5,L1,189,35,4,6,40.25,9.53,0.27,53,4.18,162.98,0.58,2,0.84,886,9.56,0.31,2024-11-29,250.03,0.659
ITM10335,1,L50,206,94,13,4,20.46,8.5,0.4,18,3.8,67.27,1.21,3,0.84,648,1.17,0.27,2024-10-31,50.45,0.457
ITM10336,3,L34,194,34,11,3,11.4,4.19,0.2,87,1.37,199.6,1.64,9,0.94,569,2.01,0.44,2024-03-10,207.56,0.359
ITM10337,5,L59,241,74,12,3,45.65,6.57,0.64,88,1.75,154.09,1.58,1,0.76,436,4.29,0.28,2024-06-02,98.2,0.487
ITM10338,2,L37,252,15,10,7,46.72,9.46,0.82,95,4.75,124.22,0.44,8,0.75,980,7.88,0.41,2024-06-13,282.32,0.533
ITM10339,5,L55,181,32,10,2,25.38,2.51,0.65,24,0.89,196.89,0.2,3,0.9,419,6.79,0.64,2024-11-04,146.42,0.719
ITM10340,3,L90,440,73,6,9,1.32,1.06,0.26,15,2.96,70.1,1.72,9,0.82,597,14.71,0.65,2024-12-21,190.5,0.538
ITM10341,5,L94,153,96,7,6,6.38,5.61,0.59,10,2.85,41.47,0.24,2,0.91,812,14.24,0.33,2024-04-12,198.53,0.774
ITM10342,4,L72,410,52,6,3,29.08,1.85,0.85,29,3.77,150.08,0.85,9,0.78,661,6.5,0.35,2024-09-02,36.39,0.448
ITM10343,5,L85,499,32,11,6,2.17,2.28,0.37,173,1.68,62.84,0.28,6,0.8,128,12.12,0.88,2024-06-09,257.14,0.75
ITM10344,1,L92,243,39,4,2,20.45,8.97,0.85,139,4.71,192.6,1.17,8,0.97,847,9.91,0.33,2024-03-31,57.63,0.515
ITM10345,1,L63,172,86,13,7,15.87,0.57,0.81,79,2.35,197.73,0.79,1,0.83,832,4.4,0.24,2024-07-22,125.25,0.574
ITM10346,4,L20,52,27,10,6,36.0,8.26,0.12,11,1.79,186.02,0.48,5,0.88,270,14.04,0.4,2024-06-12,205.04,0.695
ITM10347,3,L25,74,96,4,8,3.72,5.41,0.32,140,2.02,189.5,1.23,4,0.73,757,4.63,0.66,2024-05-29,26.01,0.537
ITM10348,1,L38,461,88,3,2,24.95,5.81,0.59,16,2.07,126.97,0.79,0,0.75,787,13.18,0.21,2024-12-21,178.32,0.689
ITM10349,2,L28,26,30,12,2,29.38,6.88,0.75,93,1.4,141.5,0.42,6,0.71,648,9.93,0.99,2024-11-20,128.88,0.71
ITM10350,1,L8,263,66,5,9,31.25,4.6,0.89,178,4.68,27.91,1.43,0,0.83,619,9.7,0.38,2024-09-08,28.52,0.628
ITM10351,1,L75,332,32,11,5,20.85,1.6,0.68,63,1.29,154.98,1.69,9,1.0,461,12.74,0.39,2024-10-21,220.65,0.499
ITM10352,3,L95,145,54,14,7,15.91,1.48,0.44,50,4.47,48.39,0.62,8,0.96,528,7.92,0.79,2024-05-04,155.39,0.634
ITM10353,5,L70,31,53,5,7,34.44,7.67,0.27,124,2.32,169.66,0.45,3,0.89,731,12.95,0.4,2024-06-15,98.0,0.726
ITM10354,1,L8,35,91,11,9,42.53,2.6,0.78,142,1.71,192.69,0.24,7,0.96,146,8.7,0.52,2024-07-11,34.46,0.648
ITM10355,4,L96,227,97,9,8,34.99,0.77,0.29,111,1.39,50.35,1.1,0,0.88,707,14.79,0.64,2024-05-23,168.77,0.791
ITM10356,5,L41,62,56,12,6,46.67,9.81,0.73,91,2.77,24.83,1.68,4,0.81,950,10.24,0.22,2024-07-20,98.73,0.495
ITM10357,2,L8,392,49,3,4,36.15,9.81,0.26,72,3.51,101.94,0.58,2,0.75,442,6.24,0.87,2024-07-05,284.54,0.709
ITM10358,3,L7,480,60,12,8,38.47,4.09,0.18,10,4.54,160.39,0.98,3,0.9,517,11.69,0.61,2024-02-28,181.54,0.7
ITM10359,2,L75,154,51,7,5,9.23,0.74,0.33,34,3.44,156.42,0.41,3,0.76,919,8.14,0.45,2024-10-15,92.67,0.65
ITM10360,5,L62,247,16,11,7,21.56,7.41,0.36,152,2.68,142.4,0.87,7,0.83,420,12.28,0.52,2024-04-12,163.3,0.607
ITM10361,5,L65,130,59,14,2,24.77,8.39,0.68,154,0.65,165.93,0.13,9,0.95,442,12.67,0.24,2024-10-30,166.45,0.614
ITM10362,5,L68,326,57,5,7,13.56,1.69,0.24,158,4.62,43.25,1.83,9,0.74,67,9.64,0.77,2024-10-06,220.76,0.468
ITM10363,2,L21,476,93,11,8,26.9,1.79,0.94,64,4.56,133.87,1.39,2,0.74,233,13.21,0.63,2024-04-02,271.64,0.671
ITM10364,5,L8,179,15,7,4,15.25,8.31,0.6,116,2.2,125.08,0.73,0,0.77,192,6.65,0.93,2024-12-15,289.15,0.756
ITM10365,2,L66,350,18,11,3,34.69,9.26,0.54,147,0.63,39.15,1.77,4,0.87,512,1.8,0.57,2024-10-08,218.19,0.455
ITM10366,5,L11,283,66,12,3,24.04,8.01,0.49,74,3.8,88.74,0.45,1,0.78,556,10.28,0.86,2024-01-14,168.31,0.8
ITM10367,4,L24,244,40,8,9,23.48,2.41,0.61,46,4.06,171.98,0.25,5,0.85,383,11.7,0.35,2024-08-24,75.23,0.671
ITM10368,5,L9,490,30,11,7,49.2,4.41,0.12,121,2.94,194.64,1.89,3,0.79,111,2.02,0.25,2024-12-28,126.88,0.386
ITM10369,2,L77,236,99,9,7,20.23,6.21,0.99,16,2.31,136.43,0.69,8,0.85,212,11.79,0.96,2024-04-17,151.75,0.69
ITM10370,1,L9,475,49,9,5,18.75,2.02,0.6,85,4.33,185.17,1.88,6,0.78,601,9.95,0.41,2024-08-12,47.23,0.463
ITM10371,5,L87,64,54,10,7,16.61,2.5,0.13,49,1.37,35.09,1.31,1,0.99,228,2.63,0.87,2024-05-29,84.36,0.656
ITM10372,1,L31,233,86,9,4,44.84,3.19,0.63,10,2.48,195.26,1.96,6,0.85,284,8.56,0.41,2024-12-20,295.49,0.45
ITM10373,4,L52,78,58,14,7,25.34,5.34,0.49,157,0.61,16.37,1.53,9,0.92,941,2.52,0.32,2024-02-05,229.44,0.349
ITM10374,3,L16,151,96,11,6,30.4,5.35,0.12,117,1.24,110.18,0.3,7,0.91,109,5.5,0.79,2024-07-28,149.78,0.643
ITM10375,4,L73,123,29,13,8,9.86,8.24,0.93,168,4.73,65.29,1.72,2,0.85,277,12.26,0.82,2024-12-10,75.55,0.685
ITM10376,5,L32,214,26,11,9,27.51,7.65,0.11,77,3.1,164.64,0.38,2,0.77,288,2.41,0.87,2024-09-12,176.3,0.682
ITM10377,1,L75,432,37,8,4,14.46,9.18,0.62,21,4.13,51.33,1.42,1,0.85,617,7.43,0.89,2024-03-12,77.24,0.685
ITM10378,1,L77,176,50,9,5,36.8,8.41,0.97,159,2.69,12.19,1.05,0,0.9,795,9.48,0.59,2024-11-20,66.0,0.719
ITM10379,2,L6,117,75,4,6,41.79,2.91,0.31,138,4.26,88.78,1.44,2,0.84,133,14.17,0.52,2024-06-04,37.19,0.677
ITM10380,1,L80,245,34,11,6,36.03,3.65,0.33,135,2.93,22.18,1.55,9,0.72,764,11.32,0.8,2024-05-03,110.3,0.52
ITM10381,2,L11,431,67,14,8,36.78,5.25,0.1,10,0.52,65.12,1.63,6,0.71,90,2.95,0.66,2024-05-09,167.1,0.43
ITM10382,3,L54,224,50,3,3,26.11,0.64,0.16,140,4.55,132.31,1.69,8,0.8,487,14.56,0.97,2024-12-03,56.21,0.619
ITM10383,5,L85,98,15,3,4,35.89,9.09,0.14,126,1.17,65.99,1.71,8,0.75,578,7.69,0.5,2024-03-19,68.13,0.422
ITM10384,2,L75,143,84,5,8,21.71,0.92,0.84,158,2.53,56.7,0.88,5,0.97,154,6.18,0.23,2024-08-04,123.43,0.534
ITM10385,3,L73,490,47,14,6,32.92,3.56,0.85,22,2.65,39.54,1.79,5,0.75,586,2.8,0.67,2024-07-12,151.96,0.442
ITM10386,1,L67,447,15,8,5,13.69,5.91,0.75,150,0.71,35.68,1.47,4,0.82,431,14.07,0.48,2024-02-07,231.06,0.621
ITM10387,1,L41,237,54,7,8,4.42,5.42,0.42,114,0.74,109.91,1.69,1,0.91,142,9.21,0.47,2024-08-17,174.32,0.61
ITM10388,3,L34,23,84,4,3,21.26,6.72,0.84,170,3.93,139.49,1.98,6,0.94,264,14.83,0.65,2024-11-02,189.13,0.598
ITM10389,1,L27,109,23,11,6,23.63,5.51,0.59,143,1.85,96.02,0.32,0,0.84,954,3.43,0.94,2024-09-02,211.9,0.77
ITM10390,3,L86,123,75,12,8,13.56,2.68,0.37,34,2.34,33.48,0.8,5,0.75,745,8.64,0.41,2024-10-25,140.79,0.567
ITM10391,2,L92,412,49,6,4,36.66,2.41,0.49,160,3.04,133.07,1.63,3,0.78,266,2.54,0.5,2024-07-24,109.51,0.467
ITM10392,2,L41,138,12,6,3,4.6,9.12,0.16,97,2.18,115.85,0.26,2,0.83,538,8.34,0.91,2024-09-30,242.12,0.793
ITM10393,3,L31,152,33,7,4,11.91,3.01,0.95,110,3.99,82.44,1.13,0,0.81,200,13.46,0.92,2024-09-16,250.21,0.812
ITM10394,2,L34,331,28,10,4,37.68,3.17,0.66,35,4.48,72.71,1.73,5,0.8,423,2.53,0.39,2024-12-20,54.65,0.399
ITM10395,2,L51,115,27,12,4,22.42,4.42,0.76,141,0.77,44.8,0.14,6,0.74,819,4.78,0.77,2024-08-02,286.48,0.632
ITM10396,2,L17,487,73,6,8,35.56,1.82,0.71,111,3.36,37.8,1.89,0,0.97,862,10.55,0.53,2024-10-05,279.68,0.652
ITM10397,4,L86,453,97,7,3,28.81,5.32,0.7,172,1.93,74.37,1.96,0,0.71,680,2.07,0.95,2024-01-19,262.55,0.564
ITM10398,5,L83,350,44,14,8,47.58,6.82,0.12,109,3.12,17.91,0.71,6,0.83,498,7.36,0.79,2024-07-03,132.57,0.631
ITM10399,1,L39,162,71,6,8,30.29,7.97,0.57,34,2.68,92.96,1.56,5,0.99,471,5.66,0.6,2024-12-25,254.23,0.537
ITM10400,4,L59,307,10,8,8,1.73,7.26,0.84,157,2.0,124.3,0.34,6,0.9,695,12.73,0.85,2024-10-01,192.14,0.766
ITM10401,2,L41,47,34,14,6,18.29,1.9,0.14,10,0.93,188.91,1.57,7,0.81,993,1.69,1.0,2024-10-31,69.56,0.488
ITM10402,3,L97,297,54,5,7,8.01,4.83,0.96,103,3.02,128.91,1.01,7,0.74,989,13.09,0.56,2024-11-22,234.72,0.594
ITM10403,2,L10,252,58,10,2,46.31,0.87,0.48,77,1.01,128.57,1.73,8,0.99,256,10.85,0.5,2024-02-13,127.77,0.51
ITM10404,5,L2,36,98,8,6,6.1,0.67,0.36,32,1.2,81.14,0.5,8,0.7,824,5.16,0.69,2024-02-25,94.73,0.537
ITM10405,2,L59,78,25,12,3,20.0,4.68,0.58,115,4.92,35.33,1.38,6,0.9,883,3.77,0.75,2024-05-07,264.7,0.522
ITM10406,3,L80,109,28,7,2,12.08,2.9,0.82,159,1.93,94.92,1.59,8,0.96,751,14.3,0.76,2024-12-02,260.06,0.616
ITM10407,5,L73,218,32,4,2,42.49,6.99,0.53,104,3.13,123.75,0.48,5,0.71,719,8.75,0.58,2024-12-06,260.67,0.627
ITM10408,2,L13,381,92,12,2,16.12,7.38,0.68,71,1.73,147.57,1.65,8,0.92,526,5.83,0.47,2024-06-30,259.26,0.431
ITM10409,5,L10,460,34,12,7,49.6,9.01,0.55,138,4.39,166.96,1.92,1,1.0,637,1.62,0.86,2024-03-26,170.73,0.582
ITM10410,1,L69,45,25,9,8,2.89,7.73,0.67,77,1.78,58.63,1.27,1,0.89,613,3.32,0.97,2024-11-27,188.91,0.669
ITM10411,1,L28,44,63,4,9,7.29,0.96,0.22,156,2.15,55.83,1.59,5,0.82,275,9.37,0.89,2024-11-09,285.17,0.608
ITM10412,2,L65,413,82,3,5,12.01,4.03,0.13,39,3.24,117.41,1.11,2,0.96,655,8.18,0.75,2024-01-23,47.51,0.7
ITM10413,5,L34,320,10,9,3,40.74,3.09,0.22,138,4.41,117.54,1.24,1,0.87,853,11.61,0.49,2024-10-15,243.82,0.683
ITM10414,3,L17,358,51,7,9,44.05,4.17,0.36,57,4.17,51.41,0.13,7,0.92,852,12.69,0.7,2024-11-26,162.62,0.74
ITM10415,2,L45,286,28,3,7,4.5,2.02,0.33,28,1.69,121.62,1.1,6,0.88,883,6.56,0.28,2024-12-12,293.74,0.489
ITM10416,1,L9,480,43,6,7,2.59,1.43,0.65,136,4.23,75.72,1.19,7,0.71,739,2.41,0.63,2024-11-27,195.37,0.441
ITM10417,1,L32,200,89,14,5,37.48,5.45,0.51,159,3.66,131.47,1.37,5,0.76,436,12.08,0.82,2024-07-23,57.14,0.64
ITM10418,2,L48,475,64,6,2,7.53,7.34,0.13,59,4.95,65.3,0.42,8,0.72,155,8.75,0.4,2024-06-18,246.49,0.539
ITM10419,5,L37,379,27,12,8,7.52,7.17,0.13,143,4.71,122.54,0.56,8,0.73,125,14.72,0.6,2024-08-08,205.07,0.646
ITM10420,1,L21,87,43,9,5,2.1,4.78,0.18,158,2.9,155.98,1.54,1,0.7,565,12.15,0.26,2024-02-24,53.19,0.58
ITM10421,5,L57,370,98,11,9,3.44,5.46,0.42,156,3.87,196.23,0.42,9,0.83,872,5.61,0.87,2024-01-06,12.61,0.593
ITM10422,1,L70,431,54,4,9,13.92,5.41,0.11,174,3.07,183.1,0.89,4,0.75,997,7.0,0.48,2024-02-20,167.66,0.57
ITM10423,1,L91,478,15,14,5,4.19,7.07,0.54,72,3.18,105.67,0.58,8,0.96,236,4.3,0.67,2024-05-12,80.03,0.565
ITM10424,4,L39,340,30,3,7,19.08,0.96,0.42,166,0.96,102.79,1.14,2,0.93,581,8.17,0.5,2024-04-23,261.5,0.641
ITM10425,1,L79,68,79,4,3,41.81,7.24,0.6,171,0.51,93.16,1.98,4,0.87,324,10.95,0.68,2024-09-18,82.77,0.578
ITM10426,3,L84,194,57,9,4,16.99,6.03,0.75,138,0.72,15.27,1.72,7,0.85,697,9.57,0.8,2024-09-22,202.23,0.546
ITM10427,2,L68,71,48,12,8,36.66,2.38,0.33,57,4.85,41.53,0.61,1,0.78,588,5.79,0.46,2024-10-12,110.09,0.644
ITM10428,2,L2,121,40,8,9,5.6,0.97,0.24,98,1.07,21.25,0.8,5,0.84,697,12.53,0.62,2024-10-24,111.59,0.679
ITM10429,5,L86,235,19,6,9,33.31,1.53,0.35,136,0.7,142.31,1.85,3,0.89,67,2.47,0.84,2024-12-18,62.73,0.534
ITM10430,1,L71,457,39,3,5,16.52,5.48,0.1,158,1.89,88.51,1.81,5,0.93,334,3.0,0.75,2024-10-21,155.79,0.495
ITM10431,3,L39,207,27,3,8,37.74,7.7,0.21,171,3.15,22.12,0.41,2,0.72,351,6.66,0.25,2024-04-23,177.99,0.602
ITM10432,5,L85,76,69,7,5,7.68,3.68,0.78,163,4.77,141.21,1.68,5,0.91,548,10.83,0.66,2024-08-16,178.49,0.59
ITM10433,4,L14,66,97,3,2,45.0,4.1,0.3,45,3.65,132.44,0.67,6,0.92,981,10.72,0.5,2024-07-10,258.42,0.64
ITM10434,5,L18,178,82,14,8,12.89,9.37,0.99,160,1.74,146.79,1.13,9,0.87,948,6.13,0.77,2024-07-19,199.18,0.517
ITM10435,5,L34,193,24,9,2,18.3,2.52,0.25,90,4.73,123.97,0.11,2,0.76,954,10.75,0.21,2024-08-25,224.67,0.686
ITM10436,1,L15,261,13,13,9,47.56,1.49,0.81,56,0.66,40.69,2.0,4,0.86,699,1.85,0.46,2024-12-13,103.8,0.409
ITM10437,4,L14,301,72,3,7,29.35,3.76,0.73,157,4.91,21.66,1.55,7,0.85,793,5.06,0.27,2024-10-28,132.0,0.396
ITM10438,5,L96,260,49,3,2,18.92,7.59,0.39,36,0.76,165.26,0.56,1,0.84,901,10.71,0.94,2024-12-19,15.3,0.823
ITM10439,3,L71,389,18,4,8,47.53,6.45,0.4,174,3.89,51.0,1.4,6,0.84,306,3.58,0.9,2024-09-13,32.94,0.536
ITM10440,3,L20,24,18,13,6,17.12,4.45,0.61,61,0.7,113.08,0.66,0,0.73,268,3.98,0.97,2024-03-18,121.68,0.727
ITM10441,2,L35,103,35,14,8,5.65,9.67,0.87,84,4.69,102.19,0.27,6,0.75,693,2.22,0.71,2024-06-25,70.82,0.575
ITM10442,4,L37,327,13,12,5,49.85,7.48,0.45,101,0.99,185.0,0.91,0,0.73,993,6.1,0.85,2024-01-13,245.76,0.706
ITM10443,4,L78,380,90,5,2,14.12,1.09,0.16,71,0.73,114.96,1.27,3,0.77,406,12.55,0.69,2024-09-04,206.18,0.672
ITM10444,2,L27,478,25,13,3,42.71,7.57,0.44,75,4.5,120.2,0.27,3,0.78,305,12.71,0.59,2024-02-23,291.39,0.756
ITM10445,5,L92,267,24,3,6,9.11,0.73,0.29,161,0.93,70.71,1.08,4,0.77,657,13.07,0.87,2024-05-31,267.24,0.714
ITM10446,4,L44,73,61,11,7,36.84,6.68,0.95,89,4.09,192.15,1.08,1,0.76,323,1.51,0.82,2024-07-31,293.52,0.608
ITM10447,3,L27,180,78,12,4,26.7,2.5,0.73,149,3.86,126.35,1.29,5,0.92,383,14.91,0.79,2024-02-13,115.93,0.712
ITM10448,3,L88,453,14,10,5,49.06,7.12,0.15,153,3.19,10.95,0.56,5,0.95,862,8.04,0.92,2024-02-29,150.47,0.725
ITM10449,1,L82,441,29,7,5,28.09,3.44,0.36,173,2.2,115.66,0.14,7,0.8,417,13.22,0.94,2024-03-13,118.06,0.77
ITM10450,4,L34,430,88,13,3,2.23,8.79,0.15,139,4.62,79.13,0.72,9,0.79,64,13.67,0.56,2024-06-27,289.65,0.6
ITM10451,5,L65,245,27,4,4,30.59,3.7,0.85,73,4.42,16.1,0.86,0,0.95,228,8.2,0.43,2024-06-08,126.79,0.699
ITM10452,2,L63,34,11,7,9,8.12,6.39,0.92,38,2.42,91.99,1.31,3,0.89,494,1.72,0.61,2024-06-24,43.86,0.532
ITM10453,2,L33,243,22,8,4,40.13,3.22,0.2,96,1.54,156.98,1.87,1,0.79,821,9.36,0.27,2024-08-21,82.65,0.53
ITM10454,5,L7,80,13,3,7,42.97,9.21,0.5,105,1.73,105.72,0.49,7,0.91,452,5.68,0.95,2024-04-15,133.2,0.659
ITM10455,1,L12,141,51,13,7,24.62,7.92,0.94,40,1.49,131.5,1.41,3,0.8,137,3.89,0.99,2024-09-23,184.87,0.609
ITM10456,2,L82,296,83,6,6,39.38,2.81,0.23,92,2.94,131.55,0.29,7,0.88,143,3.56,0.72,2024-09-04,189.25,0.598
ITM10457,4,L55,65,70,11,9,8.11,9.51,0.36,152,4.41,137.49,0.46,1,1.0,894,8.83,0.8,2024-06-27,230.05,0.812
ITM10458,1,L36,472,17,4,5,25.11,3.89,0.37,42,3.98,83.64,1.07,3,0.79,444,2.46,0.46,2024-08-31,197.88,0.516
ITM10459,4,L6,409,76,7,2,20.3,6.69,0.13,109,4.08,80.3,1.45,8,0.98,77,12.5,0.89,2024-02-19,152.54,0.636
ITM10460,3,L1,313,72,3,7,30.95,7.56,0.13,157,2.52,10.87,1.73,4,0.8,746,4.18,0.92,2024-08-12,18.75,0.547
ITM10461,1,L43,81,18,6,3,3.18,0.72,0.96,82,1.95,39.3,1.51,5,0.86,124,8.69,0.26,2024-12-22,211.56,0.489
ITM10462,2,L99,105,20,6,3,37.85,9.61,0.61,175,3.91,190.65,0.13,9,0.84,103,2.76,0.31,2024-08-19,34.78,0.474
ITM10463,1,L17,465,51,8,3,4.88,3.77,0.38,140,4.07,170.06,1.4,8,0.93,370,13.03,0.41,2024-06-12,145.96,0.542
ITM10464,1,L82,229,22,12,8,33.17,2.3,0.44,27,3.63,62.27,1.67,8,0.72,608,10.69,0.76,2024-02-04,269.95,0.512
ITM10465,1,L34,97,45,11,9,1.9,8.58,0.74,135,0.64,86.23,1.1,6,0.89,809,3.89,0.35,2024-06-02,183.09,0.47
ITM10466,1,L21,221,22,5,9,41.76,7.18,0.43,16,3.15,188.59,1.93,1,0.93,283,11.02,0.38,2024-01-23,67.7,0.596
ITM10467,4,L95,321,21,11,7,9.56,1.32,0.3,172,2.06,57.58,0.11,6,0.84,679,2.16,0.51,2024-12-29,244.31,0.568
ITM10468,3,L57,416,46,8,7,26.26,1.61,0.19,133,1.38,111.18,1.66,8,0.73,821,11.81,0.69,2024-02-28,97.12,0.515
ITM10469,5,L71,242,83,9,3,13.81,7.29,0.76,123,3.62,14.2,0.74,1,0.77,279,7.86,0.98,2024-01-12,177.41,0.761
ITM10470,1,L91,241,82,14,9,36.41,1.21,0.26,93,1.71,127.75,1.34,6,0.9,851,2.68,0.83,2024-06-24,194.4,0.528
ITM10471,2,L55,22,61,12,9,16.75,9.21,0.16,93,4.61,186.71,1.42,6,0.97,802,8.71,0.65,2024-11-27,222.03,0.578
ITM10472,1,L72,497,80,4,7,36.51,7.54,0.48,92,1.84,178.1,0.68,2,0.83,381,3.81,0.24,2024-02-25,28.84,0.557
ITM10473,2,L2,25,11,13,8,14.96,3.69,0.14,114,3.0,105.37,1.99,5,0.87,743,10.42,0.61,2024-12-12,257.74,0.536
ITM10474,4,L15,112,65,12,2,37.87,3.95,0.97,111,4.22,133.43,0.3,7,0.77,521,10.92,0.36,2024-03-25,43.02,0.602
ITM10475,2,L10,27,69,8,2,2.5,5.31,0.66,102,2.31,118.26,0.4,9,0.82,366,11.65,0.44,2024-05-04,37.41,0.587
ITM10476,5,L89,447,32,8,6,14.88,3.93,0.24,69,4.23,22.73,1.8,7,0.8,150,13.53,0.4,2024-09-21,142.5,0.5
ITM10477,3,L20,254,49,4,9,25.43,7.94,0.26,111,3.76,40.16,0.33,2,0.9,297,10.17,0.48,2024-03-30,117.93,0.739
ITM10478,2,L70,127,73,4,5,3.21,9.76,0.61,33,4.64,193.13,0.82,5,1.0,529,7.88,0.25,2024-10-09,25.84,0.573
ITM10479,2,L5,180,94,4,2,10.12,6.05,0.42,118,1.97,58.63,1.49,1,0.94,910,12.96,0.66,2024-03-22,58.14,0.724
ITM10480,3,L48,228,32,12,6,46.79,4.74,0.8,176,0.97,83.05,1.6,1,0.76,919,13.6,0.24,2024-06-18,137.37,0.601
ITM10481,5,L75,259,38,14,4,48.86,2.62,0.59,149,2.44,106.7,1.91,7,0.87,674,11.94,0.73,2024-10-13,250.43,0.548
ITM10482,1,L71,350,87,3,5,37.25,6.71,0.49,103,4.04,196.04,1.6,9,0.72,270,14.19,0.78,2024-08-06,45.18,0.549
ITM10483,2,L19,352,99,7,9,13.36,7.01,0.97,73,2.53,141.1,1.7,4,0.77,388,14.71,0.59,2024-08-24,40.31,0.618
ITM10484,3,L56,69,60,10,2,13.77,7.01,0.45,13,1.68,129.62,1.9,4,0.75,197,4.52,0.83,2024-04-28,243.4,0.506
ITM10485,4,L17,30,78,4,8,32.64,0.76,0.46,103,0.62,109.64,1.15,3,0.8,948,3.57,0.97,2024-07-26,152.77,0.627
ITM10486,3,L6,370,98,7,4,6.76,9.04,0.7,142,1.91,143.13,0.75,9,0.9,345,7.28,0.47,2024-11-18,114.47,0.516
ITM10487,4,L40,175,40,14,6,47.47,3.71,0.83,25,3.71,136.16,1.55,3,0.85,758,14.96,0.7,2024-04-04,143.79,0.694
ITM10488,5,L47,89,59,10,2,12.02,7.57,0.66,36,1.16,181.54,0.41,7,0.98,456,2.24,0.46,2024-04-05,129.15,0.537
ITM10489,1,L6,188,29,12,9,49.98,7.72,0.73,141,2.03,112.95,0.23,2,0.76,630,10.97,0.55,2024-11-23,236.75,0.745
ITM10490,3,L46,291,64,7,2,25.29,6.68,0.44,81,0.59,90.09,1.59,2,0.81,527,12.91,0.22,2024-12-02,12.7,0.579
ITM10491,2,L27,87,90,4,7,38.8,4.25,0.53,57,3.75,163.36,1.91,7,0.8,849,14.95,0.26,2024-08-09,135.62,0.48
ITM10492,5,L88,374,11,5,4,1.11,6.28,0.28,145,4.46,161.96,0.94,2,0.77,73,9.68,0.84,2024-07-21,56.07,0.717
ITM10493,3,L32,271,34,8,2,44.55,0.88,0.71,90,3.06,42.27,0.41,1,1.0,930,6.32,0.31,2024-01-15,99.4,0.685
ITM10494,2,L86,67,22,13,3,14.23,7.74,0.3,53,0.62,54.99,1.04,4,0.82,996,3.33,0.76,2024-11-10,42.53,0.576
ITM10495,3,L14,203,79,13,8,33.73,1.45,0.1,61,1.48,192.14,0.85,2,0.98,932,14.74,0.77,2024-04-11,133.83,0.822
ITM10496,4,L46,339,76,7,7,40.51,4.27,0.94,43,2.47,94.38,0.81,5,0.82,235,13.94,1.0,2024-08-18,196.56,0.769
ITM10497,3,L100,206,67,13,7,9.04,1.48,0.38,30,3.14,108.74,1.29,6,0.76,219,12.26,0.76,2024-10-30,201.86,0.618
ITM10498,3,L72,109,91,6,2,22.68,8.45,0.28,33,2.73,68.93,0.43,2,0.74,852,14.21,0.3,2024-08-07,241.06,0.714
ITM10499,3,L53,465,84,6,8,25.2,5.73,0.34,53,4.62,101.4,0.82,8,0.96,593,1.85,0.7,2024-07-18,246.35,0.515
ITM10500,5,L80,351,93,7,7,16.29,7.06,0.4,123,4.72,151.24,1.75,9,0.71,487,9.84,0.62,2024-01-03,183.34,0.442
ITM10501,3,L96,158,73,4,5,24.61,6.98,0.53,178,0.98,101.65,1.49,0,0.99,350,4.85,0.93,2024-12-26,112.41,0.7
ITM10502,2,L20,376,78,11,4,16.56,8.5,0.16,166,1.12,69.81,0.21,6,0.83,737,11.72,0.75,2024-04-19,24.88,0.731
ITM10503,4,L31,108,92,4,5,18.68,1.76,0.15,112,2.11,28.24,1.08,3,0.77,413,2.34,0.61,2024-04-15,20.4,0.539
ITM10504,4,L21,293,95,12,6,33.8,6.77,0.36,143,2.4,186.37,0.27,6,0.89,903,4.62,0.7,2024-05-22,42.85,0.633
ITM10505,3,L23,38,68,4,5,32.0,5.96,0.37,65,3.14,175.61,1.92,8,0.74,226,12.9,0.55,2024-12-26,295.31,0.478
ITM10506,5,L53,490,69,12,8,12.38,0.79,0.21,23,3.98,160.36,0.56,8,0.72,851,11.49,0.61,2024-02-02,237.93,0.603
ITM10507,5,L4,330,92,11,3,44.98,2.41,0.46,110,1.11,141.87,1.87,0,0.95,193,14.89,0.78,2024-10-22,127.41,0.758
ITM10508,2,L23,377,71,5,7,43.28,3.04,0.36,10,4.11,107.95,1.68,9,0.83,572,10.02,0.26,2024-02-22,145.2,0.404
ITM10509,3,L95,393,25,12,8,25.95,1.19,0.12,21,3.25,180.51,1.15,3,0.86,530,5.24,0.69,2024-10-01,223.84,0.605
ITM10510,4,L43,485,97,9,7,22.23,3.87,0.9,124,4.91,160.42,0.74,6,0.75,541,8.67,0.27,2024-04-05,159.18,0.526
ITM10511,5,L53,173,77,6,9,19.47,0.76,0.9,115,3.43,165.04,1.73,9,0.72,535,14.22,0.88,2024-07-06,114.52,0.557
ITM10512,3,L86,409,24,8,3,35.66,5.76,0.29,161,3.72,68.81,0.39,5,0.81,708,10.12,0.95,2024-06-15,111.37,0.748
ITM10513,5,L95,279,98,6,7,33.91,2.51,0.25,46,1.38,90.46,0.44,8,0.85,909,13.34,0.82,2024-04-10,70.8,0.708
ITM10514,5,L32,127,64,12,5,10.61,3.23,0.59,12,3.96,144.29,0.53,6,0.93,974,1.32,0.77,2024-08-22,266.83,0.585
ITM10515,4,L35,390,44,9,9,33.9,9.15,0.67,164,0.86,80.5,1.24,2,0.85,534,6.17,0.95,2024-02-28,130.1,0.678
ITM10516,1,L21,304,64,3,9,13.37,5.28,0.96,62,3.45,103.86,0.7,6,0.93,871,14.09,0.37,2024-05-14,228.19,0.658
ITM10517,2,L90,78,23,5,6,1.91,3.06,0.44,109,0.75,132.84,1.98,9,0.73,486,1.55,0.38,2024-12-09,176.39,0.265
ITM10518,2,L14,144,58,5,9,35.26,6.19,0.66,26,1.02,93.17,0.47,4,0.72,244,8.27,0.58,2024-09-07,228.69,0.643
ITM10519,4,L49,373,92,3,9,32.59,2.42,0.89,122,0.99,160.68,1.63,1,0.75,515,5.85,0.21,2024-09-27,103.06,0.487
ITM10520,5,L5,292,16,8,2,21.13,1.21,0.5,119,0.74,32.09,0.28,9,0.93,125,10.05,0.97,2024-11-23,228.08,0.706
ITM10521,3,L61,126,39,13,3,26.76,0.7,0.21,152,1.95,146.43,0.77,2,0.93,209,3.27,0.23,2024-06-09,239.09,0.559
ITM10522,5,L29,318,92,11,5,47.41,9.54,0.44,176,4.97,37.59,0.56,5,0.74,539,10.15,0.68,2024-11-01,40.24,0.663
ITM10523,4,L26,264,58,10,8,30.16,7.38,0.22,13,2.07,188.19,1.96,5,0.71,149,14.89,0.48,2024-07-17,36.52,0.541
ITM10524,2,L59,355,98,13,5,33.24,8.1,0.11,154,3.92,69.67,0.15,6,0.91,165,4.8,0.28,2024-11-08,295.79,0.567
ITM10525,5,L45,469,25,9,5,4.13,9.82,0.78,148,1.1,161.13,1.47,5,0.96,429,7.46,0.22,2024-07-19,44.21,0.488
ITM10526,2,L40,437,60,12,2,9.13,9.35,0.31,21,2.55,109.07,0.57,8,0.93,644,1.42,0.41,2024-10-27,208.6,0.47
ITM10527,3,L30,266,81,10,4,15.75,7.5,0.1,41,1.33,27.31,1.64,4,0.76,873,7.08,0.29,2024-02-28,226.87,0.46
ITM10528,2,L29,27,91,8,7,27.43,7.09,0.89,164,1.36,120.69,0.69,4,0.88,112,6.68,0.95,2024-06-27,28.42,0.706
ITM10529,2,L4,160,89,11,7,39.05,3.7,0.5,52,0.95,183.31,0.46,7,0.93,181,8.91,0.4,2024-06-29,226.49,0.599
ITM10530,1,L85,381,92,5,8,16.74,1.49,0.31,113,2.44,39.87,1.42,7,0.78,297,4.59,0.28,2024-08-22,131.66,0.391
ITM10531,1,L25,27,51,12,9,18.46,5.95,0.34,102,0.84,71.05,0.59,0,0.86,444,5.6,0.82,2024-11-12,89.66,0.752
ITM10532,1,L52,497,26,12,6,13.55,5.97,0.32,52,4.59,93.44,1.02,2,0.79,692,9.54,0.53,2024-03-29,202.95,0.649
ITM10533,2,L43,371,72,11,8,13.48,9.55,0.28,140,2.52,62.26,0.35,5,0.77,460,13.72,0.87,2024-12-10,251.61,0.776
ITM10534,4,L36,113,54,6,4,47.49,4.7,0.86,166,4.27,189.32,1.48,5,0.99,928,4.29,0.87,2024-12-27,176.11,0.581
ITM10535,2,L9,340,86,9,7,32.14,7.06,0.25,94,4.91,81.73,0.87,0,0.97,477,10.48,0.99,2024-06-01,262.48,0.845
ITM10536,4,L99,446,16,11,6,8.64,5.96,0.61,44,3.55,135.03,0.37,1,0.83,963,8.33,0.84,2024-11-10,16.48,0.788
ITM10537,4,L36,58,36,4,8,36.39,2.18,0.17,126,4.56,52.54,1.51,9,0.74,719,2.46,0.37,2024-10-29,224.2,0.324
ITM10538,1,L45,100,19,4,6,36.38,6.12,0.95,176,1.11,51.74,0.3,6,0.92,777,8.92,0.67,2024-02-13,59.13,0.687
ITM10539,5,L83,206,43,11,5,33.66,5.63,0.64,161,4.23,43.41,1.19,0,0.78,375,10.92,0.62,2024-12-10,92.96,0.707
ITM10540,3,L66,103,45,14,3,7.6,5.19,0.91,29,1.72,92.61,1.25,9,0.75,992,9.38,0.61,2024-03-09,175.95,0.492
ITM10541,1,L52,107,34,5,5,20.99,5.38,0.46,152,2.63,111.24,1.87,4,0.81,595,2.46,0.44,2024-06-09,89.59,0.416
ITM10542,1,L87,261,15,11,2,6.23,2.06,0.83,94,3.41,12.04,0.39,0,0.86,424,12.96,0.37,2024-03-01,58.76,0.78
ITM10543,5,L69,361,33,7,9,41.01,4.9,0.87,126,4.57,168.26,1.34,5,0.73,893,1.57,0.77,2024-05-02,266.79,0.487
ITM10544,3,L43,112,27,8,7,33.1,6.25,0.73,115,4.6,107.42,0.82,6,0.87,347,4.3,0.28,2024-06-05,272.95,0.485
ITM10545,2,L4,105,96,4,6,25.85,5.15,0.18,155,0.91,39.87,0.86,7,0.7,328,9.62,0.24,2024-02-29,20.55,0.49
ITM10546,2,L15,63,15,10,8,17.81,5.14,0.11,114,2.14,22.79,1.05,2,0.97,345,4.05,0.5,2024-04-03,155.04,0.603
ITM10547,1,L34,156,38,13,9,10.03,1.24,0.25,102,4.07,22.01,0.54,2,0.98,576,2.43,0.8,2024-07-10,69.07,0.694
ITM10548,3,L23,440,34,11,3,6.22,2.31,0.21,50,3.66,58.95,0.98,0,0.92,164,8.17,0.89,2024-12-21,260.39,0.773
ITM10549,1,L75,93,64,4,8,48.49,3.55,0.75,109,0.62,104.87,1.41,2,0.84,542,11.11,0.63,2024-03-13,144.13,0.661
ITM10550,4,L34,55,90,8,7,10.78,4.48,0.6,78,2.52,173.45,0.97,4,0.78,106,6.75,0.87,2024-09-18,148.75,0.643
ITM10551,1,L5,120,55,8,6,3.93,6.14,0.57,115,4.23,181.56,0.18,5,0.92,928,10.78,0.22,2024-07-17,191.97,0.654
ITM10552,1,L14,495,33,10,6,48.12,8.7,0.33,148,3.82,168.14,0.59,2,0.98,191,13.05,0.56,2024-08-02,26.13,0.783
ITM10553,2,L77,175,84,12,5,27.9,2.01,0.24,155,2.35,72.43,0.77,3,0.75,768,14.42,0.31,2024-11-01,46.92,0.667
ITM10554,2,L56,445,35,14,3,40.04,0.64,0.29,149,3.81,68.25,0.77,4,0.84,701,4.27,0.67,2024-03-11,154.53,0.602
ITM10555,2,L45,274,37,7,3,3.14,4.77,0.46,153,2.98,197.62,0.25,4,0.79,668,9.48,0.94,2024-10-21,290.35,0.767
ITM10556,4,L94,190,12,11,7,28.78,4.6,0.77,36,4.61,139.44,0.95,8,0.81,934,4.74,0.21,2024-07-15,254.65,0.412
ITM10557,2,L41,488,84,3,6,20.51,5.74,0.33,109,3.14,67.94,1.41,7,0.82,852,13.19,0.73,2024-08-04,267.91,0.605
ITM10558,3,L56,235,47,11,9,38.83,8.42,0.73,154,2.3,72.53,0.19,0,0.99,458,13.46,0.83,2024-04-05,49.77,0.924
ITM10559,5,L78,189,70,12,3,2.88,8.12,0.54,94,4.38,92.58,1.53,1,0.78,127,5.51,0.8,2024-09-06,288.0,0.616
ITM10560,3,L66,271,87,9,3,20.68,1.45,0.9,128,0.72,128.14,1.91,4,0.85,51,10.03,0.22,2024-11-21,221.7,0.477
ITM10561,3,L15,379,60,6,8,40.15,9.37,0.31,40,4.55,180.62,0.12,2,0.99,835,13.43,0.34,2024-10-02,104.45,0.793
ITM10562,2,L50,341,99,5,7,26.61,1.55,0.51,118,3.63,47.68,0.47,6,0.84,84,8.12,0.28,2024-12-21,260.7,0.565
ITM10563,5,L74,74,57,12,5,27.95,6.53,0.19,172,4.73,26.04,1.13,5,0.96,826,11.09,0.27,2024-11-26,226.72,0.581
ITM10564,5,L25,475,30,13,8,5.76,6.89,0.4,36,1.63,87.09,0.51,1,0.72,444,12.21,0.78,2024-03-29,223.59,0.792
ITM10565,5,L33,451,63,8,8,7.48,6.96,0.56,96,3.63,56.64,1.55,7,0.99,267,13.21,0.54,2024-10-11,223.04,0.587
ITM10566,4,L6,110,65,14,4,34.17,3.02,0.76,169,4.14,119.45,0.69,4,0.76,116,8.21,0.78,2024-03-26,242.25,0.668
ITM10567,2,L91,297,68,3,2,34.08,3.64,0.28,26,3.66,142.85,0.66,5,0.99,118,14.19,0.49,2024-09-07,285.07,0.719
ITM10568,5,L56,120,81,5,4,48.98,5.71,0.3,20,1.45,69.04,0.1,7,0.75,273,9.81,0.29,2024-05-27,49.69,0.589
ITM10569,4,L1,174,60,4,3,35.89,2.4,0.67,138,1.74,140.24,0.61,5,0.83,410,3.12,0.77,2024-03-12,299.86,0.601
ITM10570,1,L67,396,29,13,6,25.17,0.69,0.44,91,3.05,75.2,0.51,9,0.79,507,9.57,0.7,2024-04-05,262.98,0.595
ITM10571,1,L69,368,95,11,2,43.01,5.84,0.53,58,2.51,130.64,0.75,2,0.83,343,5.18,0.29,2024-06-10,138.07,0.578
ITM10572,4,L88,470,68,5,2,6.12,4.92,0.85,50,3.81,130.28,0.38,6,0.78,375,6.21,0.94,2024-08-18,55.66,0.669
ITM10573,4,L93,383,80,4,6,23.02,6.74,0.55,29,2.2,62.85,1.23,3,0.99,252,12.32,0.45,2024-11-13,141.6,0.669
ITM10574,2,L95,160,18,6,2,15.07,1.89,0.69,80,4.37,130.79,0.55,5,0.79,642,14.63,0.72,2024-01-28,235.8,0.742
ITM10575,2,L95,192,10,4,6,6.13,8.49,0.69,46,2.44,82.38,1.68,5,0.9,627,13.18,0.23,2024-07-02,184.71,0.534
ITM10576,1,L86,29,38,3,2,38.41,1.89,0.82,135,0.68,73.93,0.64,4,0.74,346,5.56,0.55,2024-01-05,91.07,0.588
ITM10577,5,L26,247,72,8,8,26.03,8.97,0.67,153,0.58,64.96,0.5,0,0.95,841,7.35,0.97,2024-09-05,127.97,0.832
ITM10578,1,L47,284,81,12,9,28.28,4.77,0.16,48,3.41,75.67,0.21,7,0.86,995,14.77,0.91,2024-03-10,286.75,0.79
ITM10579,5,L56,457,65,10,7,21.15,5.72,0.41,118,2.93,159.48,1.51,9,0.99,310,13.93,0.38,2024-04-09,243.11,0.529
ITM10580,5,L9,267,77,12,7,23.56,9.02,0.99,73,2.94,56.58,1.07,1,0.83,838,14.68,0.9,2024-07-15,45.98,0.815
ITM10581,2,L86,266,44,12,4,6.68,3.35,0.28,32,4.06,139.58,0.32,3,0.76,567,7.06,0.43,2024-10-14,168.16,0.64
ITM10582,3,L43,174,12,4,8,33.97,2.23,0.63,41,2.19,181.12,0.52,2,0.8,181,12.21,0.88,2024-09-15,279.99,0.807
ITM10583,3,L80,53,16,11,2,22.19,4.73,0.86,132,4.98,76.58,2.0,5,0.92,826,13.2,0.78,2024-11-30,19.95,0.616
ITM10584,4,L41,148,36,5,5,41.02,2.82,0.63,28,4.75,15.61,1.63,0,0.9,374,1.62,0.48,2024-09-10,22.34,0.535
ITM10585,2,L85,179,10,10,6,10.62,5.51,0.44,115,0.56,14.68,0.76,8,0.93,117,4.73,0.93,2024-07-28,217.85,0.599
ITM10586,5,L16,108,89,14,8,11.05,3.11,0.17,76,4.53,36.51,1.13,4,0.72,175,13.37,0.59,2024-12-16,176.91,0.647
ITM10587,3,L93,112,80,10,2,32.64,8.71,0.43,176,3.56,30.91,0.89,4,0.87,442,6.44,0.45,2024-09-08,23.34,0.581
ITM10588,5,L39,346,53,5,7,42.45,6.27,0.26,98,2.76,152.14,0.17,3,0.98,451,4.9,0.42,2024-07-31,298.84,0.668
ITM10589,3,L65,260,96,5,7,24.14,0.5,0.96,69,3.12,66.02,1.58,3,0.73,876,4.82,0.95,2024-12-29,178.23,0.582
ITM10590,3,L40,342,50,14,6,36.62,8.15,0.74,20,4.29,133.98,1.46,0,0.73,732,6.26,0.81,2024-08-15,152.66,0.645
ITM10591,3,L86,487,84,8,5,49.97,3.64,0.77,58,4.78,18.07,0.88,8,0.91,385,4.42,0.48,2024-09-07,139.83,0.489
ITM10592,2,L53,423,51,3,2,49.52,3.54,0.49,152,3.02,66.19,1.71,8,0.79,78,1.05,0.4,2024-03-26,213.2,0.321
ITM10593,1,L42,136,42,6,2,37.47,4.14,0.2,137,1.32,54.49,1.12,3,0.9,737,3.42,0.37,2024-02-12,142.92,0.528
ITM10594,5,L52,113,59,3,5,37.24,6.49,0.34,70,3.38,62.61,0.22,9,0.86,868,13.36,0.4,2024-10-16,201.13,0.628
ITM10595,2,L90,182,72,5,5,13.13,4.7,0.33,152,0.84,46.24,0.59,9,1.0,987,2.06,0.29,2024-01-16,151.62,0.446
ITM10596,2,L38,118,46,11,5,41.84,6.47,0.54,14,3.36,127.4,0.98,3,0.97,853,6.78,0.59,2024-04-22,187.11,0.644
ITM10597,2,L71,132,68,7,7,20.85,1.89,0.51,38,4.14,135.91,0.3,6,0.9,893,7.39,0.23,2024-05-29,243.5,0.575
ITM10598,2,L17,378,90,14,6,48.14,9.72,0.49,78,2.09,38.21,1.19,3,0.78,666,11.89,0.21,2024-01-17,246.98,0.578
ITM10599,2,L25,110,57,7,8,4.99,7.43,0.55,159,0.82,150.82,0.33,0,0.78,94,4.54,0.69,2024-05-20,256.22,0.722
ITM10600,4,L54,365,14,13,9,22.36,2.88,0.99,22,3.62,57.51,0.48,8,0.96,150,5.33,0.27,2024-04-25,68.86,0.509
ITM10601,5,L86,225,57,6,5,28.24,7.38,0.37,125,2.03,63.76,1.8,1,0.88,275,1.2,0.88,2024-10-02,27.72,0.568
ITM10602,2,L49,36,12,5,6,20.85,5.96,0.65,119,1.62,167.47,2.0,4,0.94,468,13.64,0.29,2024-05-27,252.48,0.548
ITM10603,5,L87,293,56,7,4,11.32,1.54,0.32,166,3.6,181.22,1.15,3,0.83,665,10.6,0.63,2024-03-27,22.27,0.658
ITM10604,4,L96,192,71,13,2,30.06,2.19,0.52,89,4.86,166.7,1.28,7,0.73,311,4.68,0.74,2024-08-22,71.91,0.488
ITM10605,4,L23,135,23,6,2,38.04,0.89,0.28,109,3.85,38.07,1.62,5,0.8,814,13.43,0.38,2024-10-16,162.6,0.553
ITM10606,5,L79,368,72,10,9,32.6,8.19,0.6,26,2.71,199.86,1.42,6,0.75,726,2.21,0.91,2024-09-10,258.08,0.499
ITM10607,3,L73,487,70,6,9,12.49,5.74,0.34,157,3.2,137.71,0.45,1,0.93,341,6.16,0.59,2024-10-08,270.07,0.721
ITM10608,1,L39,200,40,13,3,36.85,3.51,0.13,123,1.14,107.03,0.88,3,0.91,261,8.89,0.45,2024-09-18,192.13,0.643
ITM10609,3,L52,110,26,14,4,13.59,1.7,0.83,15,4.16,191.42,1.12,3,0.73,705,8.08,0.92,2024-02-27,290.36,0.666
ITM10610,3,L71,101,33,10,8,9.58,5.1,0.22,31,3.22,165.3,0.78,1,0.89,505,10.17,0.89,2024-10-20,221.68,0.794
ITM10611,3,L1,343,32,8,9,34.84,5.49,0.43,146,4.85,141.43,0.43,9,0.96,285,5.17,0.77,2024-02-28,163.04,0.592
ITM10612,2,L39,468,91,14,5,42.3,7.17,0.53,169,4.91,169.3,1.5,3,0.91,583,11.61,0.43,2024-05-17,48.97,0.613
ITM10613,4,L37,133,59,13,5,24.6,9.71,0.49,97,2.1,83.24,0.48,8,0.85,118,6.68,0.51,2024-10-05,134.35,0.553
ITM10614,3,L27,276,87,7,8,27.04,4.63,0.75,42,4.95,140.04,0.59,7,0.79,630,2.75,0.75,2024-07-06,248.48,0.546
ITM10615,4,L56,77,88,6,7,15.83,4.36,0.64,79,4.81,46.21,0.64,0,0.97,295,11.37,0.35,2024-10-04,92.26,0.752
ITM10616,5,L75,173,88,6,4,25.24,4.01,0.37,58,3.38,197.72,0.41,7,0.83,624,13.77,0.6,2024-01-22,177.7,0.689
ITM10617,1,L78,384,79,14,5,7.47,8.36,0.15,113,2.0,121.91,1.71,8,0.96,286,6.1,0.79,2024-08-13,295.2,0.5
ITM10618,5,L84,423,36,6,9,47.84,1.99,0.79,167,3.89,164.71,1.26,7,0.93,380,9.26,0.73,2024-10-06,60.58,0.589
ITM10619,5,L42,135,24,13,3,40.22,3.77,0.42,111,1.72,87.39,1.69,9,0.94,412,10.63,0.78,2024-04-21,39.42,0.537
ITM10620,2,L60,362,59,11,6,33.73,7.39,0.9,153,3.33,154.13,1.04,0,1.0,580,12.64,0.91,2024-08-05,240.72,0.847
ITM10621,1,L57,285,45,6,2,27.37,0.65,0.46,115,0.61,83.6,1.09,7,0.92,792,3.77,0.97,2024-02-22,17.23,0.579
ITM10622,5,L57,334,17,14,4,39.82,3.25,0.75,91,3.33,122.1,1.27,4,0.71,514,8.98,0.57,2024-11-30,196.54,0.569
ITM10623,5,L87,222,88,11,2,25.24,6.59,0.95,95,4.78,157.85,0.8,8,0.76,278,11.37,0.25,2024-05-06,107.37,0.514
ITM10624,1,L28,60,12,12,6,15.7,2.27,0.69,23,1.56,32.13,1.04,8,0.71,919,3.79,0.87,2024-06-01,219.91,0.503
ITM10625,1,L66,124,71,8,4,8.86,3.38,0.47,174,4.0,77.79,1.14,5,0.76,558,7.61,0.29,2024-01-17,44.87,0.497
ITM10626,5,L61,408,56,12,9,32.73,5.12,0.61,58,1.82,113.54,1.91,2,0.72,431,7.5,0.38,2024-08-18,105.71,0.489
ITM10627,1,L95,397,86,9,6,46.54,4.51,0.59,59,3.69,73.46,1.78,6,0.85,176,12.75,0.72,2024-05-14,14.94,0.586
ITM10628,5,L22,212,97,14,5,8.53,1.51,0.63,173,3.65,68.74,0.35,2,0.71,707,11.88,0.8,2024-06-27,78.18,0.785
ITM10629,5,L85,420,70,12,8,9.82,9.41,0.23,32,1.33,63.52,0.18,6,0.84,931,4.25,0.76,2024-02-14,150.15,0.639
ITM10630,2,L11,297,41,5,5,22.25,0.92,0.73,75,3.19,53.28,1.39,7,0.97,890,4.26,0.55,2024-08-12,61.51,0.482
ITM10631,3,L37,373,22,10,9,40.54,7.62,0.23,124,4.37,171.29,0.19,4,0.92,163,11.13,0.93,2024-03-01,183.9,0.819
ITM10632,5,L66,256,10,5,8,15.4,1.18,0.11,37,2.22,185.5,0.21,4,0.98,292,11.35,0.87,2024-05-01,44.26,0.82
ITM10633,4,L85,444,43,3,5,13.44,4.94,0.66,29,3.7,143.03,0.4,3,0.77,194,3.5,0.73,2024-04-17,226.11,0.647
ITM10634,3,L82,240,71,12,6,31.38,2.17,0.21,130,3.53,15.7,0.77,2,0.86,602,6.76,0.55,2024-10-28,277.28,0.655
ITM10635,3,L80,87,88,14,6,27.25,1.84,0.79,106,1.66,159.38,0.93,7,0.8,722,12.56,0.57,2024-12-18,121.92,0.608
ITM10636,3,L43,216,87,7,6,3.95,1.7,0.88,128,4.63,111.07,1.09,5,0.85,488,2.11,0.34,2024-06-28,163.18,0.457
ITM10637,2,L12,275,91,4,2,4.99,4.8,0.95,118,3.04,154.04,1.99,5,0.87,387,6.23,0.82,2024-12-29,151.67,0.522
ITM10638,5,L97,158,80,12,9,32.51,5.4,0.7,35,2.1,93.09,0.83,1,0.71,457,10.02,0.89,2024-11-08,237.76,0.751
ITM10639,2,L31,331,40,8,6,23.79,1.77,0.53,156,1.24,17.84,0.56,3,0.77,638,11.8,0.86,2024-11-19,298.32,0.767
ITM10640,5,L87,454,73,12,5,48.58,9.8,0.42,115,2.63,139.53,1.19,4,0.91,217,10.14,0.64,2024-08-07,223.35,0.646
ITM10641,2,L40,168,34,11,3,34.25,2.95,0.54,150,3.79,94.38,0.51,9,0.93,845,6.57,0.87,2024-03-25,72.21,0.617
ITM10642,2,L29,118,47,3,9,1.49,4.86,0.27,71,3.31,176.07,1.89,4,0.87,671,14.89,0.83,2024-11-11,211.86,0.67
ITM10643,4,L26,95,23,6,6,24.57,2.55,0.41,135,3.77,150.25,0.59,2,0.78,756,1.58,0.87,2024-03-12,188.57,0.652
ITM10644,2,L19,301,17,3,3,21.31,5.19,0.75,151,4.06,78.32,1.98,9,0.82,789,7.93,0.99,2024-04-15,70.93,0.49
ITM10645,1,L4,390,63,3,8,6.23,7.68,0.3,148,2.48,147.58,0.9,4,0.73,216,8.14,0.85,2024-04-15,79.88,0.655
ITM10646,4,L6,422,11,10,5,46.24,5.45,0.34,76,2.84,104.09,1.64,4,0.99,582,4.36,0.42,2024-01-31,199.31,0.496
ITM10647,2,L32,128,90,13,6,40.45,3.21,0.77,21,4.94,47.89,1.33,1,0.96,214,8.82,0.86,2024-10-18,244.27,0.729
ITM10648,3,L61,207,87,4,2,12.27,2.86,0.26,44,4.86,89.78,1.87,4,0.72,691,4.08,0.5,2024-06-28,231.1,0.431
ITM10649,1,L79,218,98,3,2,13.54,7.71,0.32,119,2.37,52.29,1.29,2,0.75,311,7.21,0.61,2024-09-29,185.86,0.599
ITM10650,1,L99,322,65,13,8,2.57,1.62,0.12,176,3.58,10.95,1.2,2,0.87,613,7.04,0.84,2024-05-23,281.89,0.676
ITM10651,1,L10,346,93,10,3,15.54,4.01,0.75,169,1.7,56.89,1.34,4,0.77,310,11.82,0.45,2024-11-01,222.0,0.588
ITM10652,4,L59,173,94,6,7,29.65,1.94,0.66,23,1.19,49.81,1.59,8,0.98,224,14.2,0.22,2024-10-02,167.16,0.51
ITM10653,2,L54,59,70,5,2,21.62,2.95,0.72,164,3.96,10.82,1.81,1,0.93,860,3.84,0.77,2024-03-27,246.7,0.59
ITM10654,2,L81,152,31,14,9,48.49,1.95,0.29,110,2.46,158.95,0.61,8,0.78,145,14.88,0.92,2024-06-14,94.24,0.717
ITM10655,3,L74,424,44,6,2,3.75,8.92,0.72,69,1.3,24.63,0.48,2,0.7,406,14.16,0.94,2024-12-26,86.41,0.829
ITM10656,3,L25,481,25,13,2,29.98,7.45,0.64,52,3.91,95.32,0.17,6,0.94,419,2.58,0.84,2024-05-29,291.72,0.653
ITM10657,1,L92,151,59,7,5,43.06,5.83,0.43,64,4.62,89.4,0.8,0,0.83,601,13.77,0.95,2024-05-28,285.45,0.86
ITM10658,3,L90,298,52,3,2,24.56,2.63,0.49,118,4.7,44.47,1.71,0,0.89,956,8.9,0.86,2024-10-20,265.35,0.698
ITM10659,4,L50,381,26,13,4,1.15,5.35,0.61,102,3.18,193.71,0.23,7,0.79,770,13.31,0.22,2024-05-16,72.17,0.616
ITM10660,2,L64,103,89,3,6,12.9,5.45,0.54,172,2.66,124.71,1.12,8,0.74,191,14.24,0.48,2024-09-20,180.43,0.562
ITM10661,1,L52,418,67,5,8,16.86,6.11,0.68,104,1.14,164.57,1.42,2,0.9,819,13.02,0.47,2024-12-13,165.16,0.666
ITM10662,3,L32,261,11,8,2,48.33,1.07,0.26,169,4.07,104.27,1.69,5,0.84,216,6.64,0.38,2024-02-18,68.9,0.464
ITM10663,4,L19,135,13,3,7,45.68,9.74,0.59,156,4.75,147.33,1.21,2,0.77,752,9.91,0.84,2024-03-10,139.86,0.693
ITM10664,4,L84,128,94,13,9,47.51,4.92,0.51,104,4.5,194.26,0.45,5,0.74,368,7.51,0.62,2024-07-29,144.89,0.627
ITM10665,3,L89,240,48,14,7,41.46,9.3,0.51,176,3.88,76.2,1.93,6,0.87,680,6.13,0.87,2024-01-31,79.78,0.517
ITM10666,2,L1,411,15,4,2,18.23,0.59,0.52,157,0.52,105.81,0.28,4,0.92,707,4.51,0.68,2024-05-21,286.92,0.672
ITM10667,3,L97,60,90,14,2,45.39,2.85,0.89,37,2.33,107.76,1.56,2,0.79,911,7.18,0.67,2024-12-01,152.89,0.592
ITM10668,1,L99,387,98,9,4,49.1,1.49,0.84,12,2.35,198.48,0.26,7,0.92,384,12.28,0.51,2024-03-05,162.22,0.684
ITM10669,3,L14,166,78,3,2,18.15,7.81,0.67,169,4.52,54.29,0.37,4,0.75,523,12.82,0.83,2024-12-25,183.59,0.77
ITM10670,4,L100,131,78,9,2,13.77,3.54,0.74,95,0.8,138.31,1.81,0,0.8,690,14.41,0.75,2024-03-08,267.22,0.721
ITM10671,3,L55,122,29,6,6,27.8,8.48,0.14,117,2.89,36.26,1.53,8,0.92,194,5.07,0.47,2024-05-07,164.66,0.433
ITM10672,2,L29,65,73,12,7,10.17,8.41,0.77,179,1.11,186.14,0.79,2,0.9,103,10.11,0.99,2024-03-15,166.88,0.794
ITM10673,5,L23,431,25,8,4,2.6,6.84,0.54,126,3.48,122.17,1.31,1,0.78,171,10.71,0.57,2024-12-30,79.66,0.662
ITM10674,3,L90,494,60,10,7,47.35,6.82,0.39,117,4.07,173.29,0.97,2,0.74,173,3.68,0.45,2024-06-13,184.82,0.55
ITM10675,2,L67,343,46,11,4,46.36,7.15,0.23,24,3.39,180.1,0.23,6,0.71,216,6.14,0.75,2024-05-06,120.53,0.631
ITM10676,2,L60,397,82,8,7,8.97,6.9,0.17,71,4.08,115.85,1.47,9,0.95,993,5.79,0.38,2024-12-12,197.57,0.416
ITM10677,4,L7,290,78,14,2,20.98,4.18,0.14,40,3.23,139.58,1.55,7,0.72,883,14.8,0.86,2024-07-20,97.22,0.618
ITM10678,2,L72,440,51,13,7,41.72,6.99,0.25,35,1.35,142.76,1.78,1,0.73,704,14.42,0.74,2024-09-07,217.56,0.688
ITM10679,2,L32,404,66,11,7,33.39,9.03,0.13,157,2.22,97.49,1.13,6,0.77,71,12.5,0.9,2024-03-13,189.48,0.668
ITM10680,2,L16,214,75,6,4,20.34,3.66,0.76,75,4.81,92.62,1.38,4,0.83,325,7.62,0.46,2024-10-22,147.6,0.542
ITM10681,2,L59,386,18,8,8,37.46,9.48,0.32,158,1.8,45.38,0.93,8,0.94,910,4.7,0.88,2024-11-19,38.04,0.574
ITM10682,1,L18,299,95,10,3,44.96,0.63,0.43,124,0.78,82.94,0.71,6,0.77,988,13.82,0.6,2024-05-17,191.82,0.667
ITM10683,1,L60,302,73,11,4,46.38,3.82,0.84,69,2.23,198.24,0.88,0,0.86,457,4.75,0.25,2024-11-17,259.19,0.597
ITM10684,4,L86,59,95,5,4,19.56,1.75,0.2,72,2.15,61.27,1.83,0,0.73,531,8.31,0.36,2024-07-31,59.61,0.546
ITM10685,3,L68,466,31,4,4,9.5,1.7,0.85,110,2.62,154.86,0.41,5,0.84,348,4.43,0.37,2024-07-11,34.57,0.56
ITM10686,2,L72,208,43,8,5,45.73,8.25,0.68,176,3.02,21.28,0.57,8,0.75,326,14.6,0.81,2024-08-19,21.47,0.69
ITM10687,3,L77,183,64,6,8,5.54,9.22,0.41,109,4.97,98.82,1.25,0,0.76,865,1.58,0.36,2024-02-08,19.23,0.52
ITM10688,3,L41,496,38,3,5,36.36,7.89,0.21,148,3.9,21.1,0.32,2,0.81,371,3.44,0.65,2024-11-20,254.2,0.666
ITM10689,4,L97,43,47,10,5,7.88,9.78,0.18,128,0.66,100.4,1.79,4,0.93,164,11.71,0.72,2024-02-17,221.01,0.627
ITM10690,2,L57,43,27,11,4,20.08,2.56,0.4,66,3.71,15.23,0.19,3,0.92,321,3.12,0.82,2024-07-25,68.67,0.711
ITM10691,2,L79,23,80,11,3,21.17,1.84,0.23,140,4.21,126.53,1.54,0,0.82,217,14.71,0.83,2024-09-20,275.96,0.772
ITM10692,5,L93,342,74,4,4,8.78,5.45,0.34,46,4.53,121.44,0.81,9,0.74,838,5.5,0.77,2024-05-22,49.25,0.514
ITM10693,3,L65,309,10,11,2,46.21,8.38,0.15,120,2.41,161.59,0.2,3,0.78,485,13.86,0.37,2024-12-21,118.51,0.735
ITM10694,3,L55,460,97,9,3,1.13,0.88,0.64,162,1.91,120.82,1.7,3,0.85,918,10.27,0.63,2024-07-07,141.11,0.603
ITM10695,1,L71,452,13,7,5,44.8,9.96,0.23,158,4.28,185.94,1.32,9,0.96,313,9.88,0.43,2024-08-20,32.01,0.498
ITM10696,5,L58,490,13,9,9,44.31,6.22,0.78,121,4.0,158.79,0.12,3,0.99,299,13.82,0.82,2024-09-06,110.77,0.874
ITM10697,1,L21,200,91,11,7,16.53,9.8,0.3,179,2.91,35.2,0.61,2,0.89,511,8.19,0.8,2024-06-16,39.55,0.746
ITM10698,1,L96,267,36,10,7,35.51,3.97,0.82,10,1.03,60.44,0.77,6,0.81,927,6.61,0.38,2024-10-24,239.03,0.529
ITM10699,1,L61,135,52,8,8,13.39,4.85,0.27,32,3.43,14.98,0.71,0,0.91,488,4.05,0.71,2024-01-02,23.58,0.707
ITM10700,4,L58,298,68,6,9,38.18,7.65,0.75,116,0.8,83.37,1.05,1,0.8,816,3.02,0.25,2024-02-17,14.97,0.525
ITM10701,4,L34,384,41,3,6,28.49,8.03,0.4,122,0.95,106.81,1.1,0,0.89,391,12.08,0.81,2024-08-22,222.42,0.791
ITM10702,1,L97,88,42,8,8,15.71,2.71,0.62,161,1.99,189.73,0.85,3,0.77,515,2.79,0.82,2024-11-21,236.45,0.61
ITM10703,5,L32,370,37,5,3,20.61,9.33,0.13,98,2.17,109.23,0.73,4,0.78,107,6.52,0.48,2024-12-06,153.73,0.586
ITM10704,3,L82,273,64,8,5,34.8,8.74,0.55,144,2.58,158.4,1.06,9,0.72,54,6.73,0.85,2024-12-23,102.18,0.518
ITM10705,5,L36,200,69,8,3,45.4,0.67,0.23,47,2.03,60.92,0.16,4,0.83,987,10.3,0.89,2024-07-02,78.57,0.785
ITM10706,2,L99,337,79,6,3,7.41,1.72,0.54,56,0.65,39.1,1.33,1,0.89,672,4.9,0.35,2024-02-02,43.94,0.56
ITM10707,4,L100,188,71,4,7,29.0,5.21,0.23,112,1.21,164.06,1.25,2,0.94,926,12.74,0.48,2024-09-30,150.43,0.689
ITM10708,3,L67,332,89,11,4,13.43,4.88,0.49,172,1.02,57.01,0.63,3,0.94,847,3.9,0.41,2024-07-22,152.42,0.599
ITM10709,3,L63,268,43,4,2,40.27,7.23,0.2,71,2.44,175.55,0.44,9,1.0,912,12.05,0.5,2024-04-21,142.23,0.637
ITM10710,2,L81,207,96,5,6,4.44,1.35,0.3,82,1.45,42.27,0.24,5,0.73,314,12.9,0.56,2024-08-07,235.7,0.706
ITM10711,2,L31,73,97,12,5,34.76,6.63,0.64,12,1.82,171.8,1.22,5,0.85,298,3.7,0.61,2024-04-18,38.94,0.519
ITM10712,1,L36,345,65,3,3,9.57,6.36,0.98,111,2.62,156.84,1.18,1,0.86,144,12.33,0.23,2024-09-10,204.3,0.644
ITM10713,4,L57,376,22,9,6,30.22,2.72,0.5,157,1.56,126.13,1.11,1,0.94,912,10.99,0.24,2024-05-17,126.45,0.652
ITM10714,4,L10,332,65,3,3,41.95,5.65,0.72,114,1.61,171.54,1.97,8,0.78,858,13.24,0.72,2024-06-14,79.88,0.52
ITM10715,5,L92,157,27,13,9,38.0,2.61,0.59,53,4.25,72.83,1.11,1,0.72,868,8.14,0.55,2024-05-25,207.66,0.632
ITM10716,1,L37,187,63,11,7,37.89,1.9,0.55,169,2.97,41.55,1.47,1,0.79,746,4.27,0.27,2024-06-21,67.33,0.502
ITM10717,1,L31,410,86,13,2,26.37,5.94,0.16,109,4.36,39.84,0.31,2,1.0,506,13.77,0.51,2024-10-07,76.97,0.815
ITM10718,1,L35,122,52,13,7,44.65,9.79,0.23,35,2.82,61.37,0.67,8,0.97,790,12.06,0.58,2024-10-22,299.58,0.644
ITM10719,1,L43,441,48,3,6,29.82,2.75,0.89,57,4.59,94.78,0.62,5,0.82,366,1.29,0.71,2024-03-07,267.71,0.561
ITM10720,4,L41,104,70,7,5,45.96,3.88,0.47,14,1.65,176.44,1.19,5,0.96,823,14.15,0.29,2024-10-16,212.17,0.62
ITM10721,4,L70,336,51,9,3,27.78,2.94,0.65,68,3.28,27.01,0.73,9,0.71,168,14.28,1.0,2024-09-05,101.57,0.679
ITM10722,1,L11,231,90,5,2,25.79,3.03,0.58,70,2.76,183.9,1.32,4,0.79,795,5.97,0.58,2024-06-24,165.65,0.542
ITM10723,5,L18,22,88,11,9,11.9,4.34,0.44,58,4.63,185.84,1.41,6,0.92,843,1.14,0.74,2024-12-15,46.72,0.486
ITM10724,3,L20,403,27,10,7,27.69,7.17,0.45,167,2.38,148.17,0.16,3,0.77,251,8.74,0.93,2024-01-25,106.85,0.781
ITM10725,3,L30,198,32,5,9,7.89,0.87,0.6,154,4.35,181.05,1.32,9,0.76,823,13.79,0.23,2024-01-24,29.71,0.47
ITM10726,5,L50,361,63,7,6,43.61,9.59,0.23,79,3.04,156.3,0.32,9,0.96,102,2.74,0.68,2024-02-20,186.99,0.553
ITM10727,1,L89,322,39,9,7,34.12,0.94,0.45,24,3.69,110.38,0.98,2,0.88,366,9.27,0.63,2024-11-16,258.67,0.688
ITM10728,4,L20,471,67,14,3,49.69,8.87,0.5,10,4.49,124.14,1.48,6,1.0,722,11.24,0.25,2024-08-23,244.77,0.532
ITM10729,3,L91,495,77,6,3,5.51,9.0,0.99,150,4.99,129.36,1.44,9,0.74,293,2.89,0.75,2024-01-09,258.26,0.413
ITM10730,2,L28,351,76,7,9,12.79,5.48,0.42,137,3.79,34.11,0.67,0,0.81,990,8.19,0.38,2024-03-04,60.63,0.68
ITM10731,2,L9,57,80,5,5,43.98,1.8,0.68,171,1.92,46.68,0.62,5,0.79,143,2.24,0.76,2024-03-21,198.52,0.578
ITM10732,5,L54,439,27,11,2,20.37,5.87,0.22,134,1.85,109.44,0.94,1,0.96,601,8.81,0.49,2024-08-13,287.46,0.693
ITM10733,1,L53,258,16,12,4,23.85,6.47,0.16,167,1.89,31.89,0.46,1,0.78,329,7.19,0.82,2024-08-21,237.14,0.75
ITM10734,3,L43,188,49,11,7,43.17,8.65,0.88,28,0.94,193.35,1.95,7,0.81,141,4.71,0.95,2024-01-01,10.98,0.48
ITM10735,1,L70,472,79,9,3,26.57,5.73,0.76,128,0.74,106.35,0.76,2,0.74,862,12.94,0.89,2024-08-07,265.87,0.783
ITM10736,3,L60,416,95,12,6,10.48,4.4,0.39,73,3.11,82.22,1.85,8,0.93,87,6.35,0.59,2024-04-13,214.68,0.444
ITM10737,5,L54,362,74,4,7,44.71,8.46,0.55,75,4.15,39.93,1.83,3,0.77,462,10.8,0.38,2024-12-18,45.4,0.531
ITM10738,5,L8,333,77,9,5,2.52,9.82,0.22,66,0.66,89.14,0.79,5,0.72,292,12.07,0.99,2024-03-08,101.01,0.724
ITM10739,2,L27,325,58,9,5,44.87,6.63,0.74,53,3.05,67.46,0.58,0,0.83,413,3.5,0.73,2024-11-28,44.08,0.701
ITM10740,1,L54,49,61,13,3,3.48,8.81,0.16,21,2.17,26.71,1.56,9,0.82,697,2.67,0.52,2024-06-03,221.65,0.368
ITM10741,2,L50,209,38,7,3,33.63,6.19,0.78,131,4.52,193.73,0.54,9,0.75,113,1.11,0.59,2024-03-22,11.02,0.449
ITM10742,1,L99,376,30,11,9,4.51,7.05,0.59,177,1.15,60.35,1.09,2,0.74,904,5.28,0.3,2024-05-20,144.71,0.529
ITM10743,2,L75,44,99,14,3,35.6,7.04,0.35,33,3.04,141.19,0.31,3,0.97,924,12.42,0.6,2024-02-17,299.94,0.789
ITM10744,4,L90,131,87,13,9,2.66,7.2,0.88,148,4.87,27.35,0.83,4,0.72,250,11.82,0.34,2024-12-01,256.83,0.607
ITM10745,4,L3,430,18,5,8,42.28,3.55,0.99,10,2.05,183.5,0.25,0,0.73,356,13.21,0.49,2024-07-03,180.29,0.795
ITM10746,4,L98,454,56,6,4,23.83,5.97,0.33,37,3.84,122.24,0.64,3,0.77,823,11.65,0.59,2024-05-08,211.24,0.703
ITM10747,4,L74,225,85,3,3,5.58,6.14,0.83,77,4.47,134.81,1.36,4,0.99,224,1.34,0.96,2024-02-12,185.06,0.592
ITM10748,3,L49,204,51,8,7,35.63,3.49,0.78,114,1.34,158.54,1.98,3,0.73,738,6.4,0.7,2024-07-09,245.15,0.513
ITM10749,4,L62,401,60,6,7,24.98,3.82,0.77,103,4.97,125.12,0.58,9,0.94,646,1.08,0.5,2024-12-06,266.94,0.464
ITM10750,5,L1,398,65,3,9,10.36,7.74,0.96,133,4.14,23.47,1.0,9,0.97,721,1.5,0.29,2024-11-28,232.31,0.392
ITM10751,5,L46,66,60,4,8,1.77,6.04,0.54,133,1.12,91.62,0.95,6,0.81,743,7.7,0.8,2024-03-25,62.77,0.61
ITM10752,3,L39,393,79,5,8,21.48,1.92,0.71,31,1.9,59.79,0.45,7,0.79,597,6.04,0.57,2024-01-27,118.03,0.568
ITM10753,4,L97,247,29,11,2,5.2,8.46,0.84,166,3.31,102.48,1.26,7,0.9,906,8.82,0.25,2024-07-21,237.48,0.482
ITM10754,4,L50,58,97,10,6,5.61,8.89,0.53,98,4.48,86.82,1.48,2,0.91,148,1.93,0.73,2024-11-16,248.72,0.566
ITM10755,4,L54,35,36,9,3,14.1,4.93,0.53,54,1.38,167.04,0.38,4,0.93,275,9.24,0.48,2024-06-05,192.35,0.687
ITM10756,2,L69,41,47,13,9,31.89,2.48,0.39,133,3.79,56.94,1.54,9,0.95,964,1.91,0.52,2024-12-24,217.1,0.385
ITM10757,1,L96,232,81,14,7,26.97,9.5,0.8,154,1.72,48.25,1.43,7,0.78,598,6.93,0.87,2024-04-29,60.6,0.539
ITM10758,2,L95,329,74,6,8,4.38,8.88,0.72,88,4.12,192.04,0.47,6,0.91,322,5.93,0.31,2024-08-07,118.07,0.556
ITM10759,1,L70,168,63,3,7,48.45,2.82,0.51,48,3.58,190.41,1.33,8,0.74,833,4.14,0.47,2024-12-01,165.04,0.404
ITM10760,4,L78,475,33,10,7,44.47,1.41,0.48,177,2.85,198.76,0.85,9,0.85,235,5.37,0.49,2024-02-16,295.28,0.475
ITM10761,4,L29,260,56,6,8,13.7,4.69,0.17,37,3.42,117.99,1.39,6,0.88,989,1.01,0.2,2024-12-26,241.77,0.37
ITM10762,2,L63,291,80,5,4,6.99,6.93,0.11,139,4.44,31.5,1.04,1,0.75,501,5.54,0.88,2024-02-18,65.86,0.676
ITM10763,2,L29,78,92,11,8,47.18,2.17,0.58,164,2.24,177.23,0.19,3,0.72,610,2.1,0.87,2024-01-01,112.2,0.667
ITM10764,1,L35,306,95,12,8,23.6,5.38,0.48,158,3.96,37.57,1.6,7,0.76,554,13.9,0.73,2024-04-19,72.9,0.583
ITM10765,5,L56,445,72,6,6,16.25,4.54,0.82,96,1.22,39.56,1.16,8,0.83,143,2.04,0.92,2024-09-01,54.16,0.501
ITM10766,1,L63,221,66,6,9,25.03,8.96,0.59,144,3.66,46.75,1.48,6,0.97,356,14.34,0.42,2024-02-09,44.79,0.601
ITM10767,2,L4,51,64,11,9,38.86,4.58,0.94,61,3.88,134.15,0.34,4,0.86,787,7.88,0.38,2024-03-08,290.05,0.639
ITM10768,2,L50,462,69,14,8,9.25,5.57,0.28,135,2.49,30.37,1.47,0,0.92,566,8.18,0.25,2024-10-30,272.92,0.596
ITM10769,3,L44,181,71,13,5,38.61,9.58,0.99,156,4.07,157.87,0.89,8,0.75,914,12.03,0.67,2024-04-25,150.14,0.595
ITM10770,2,L86,274,39,14,9,37.72,3.35,0.37,82,3.01,21.07,1.62,5,0.73,223,10.74,0.6,2024-09-22,169.08,0.547
ITM10771,3,L87,273,31,4,9,27.43,3.25,0.68,149,4.71,30.98,1.24,1,0.77,744,4.32,0.85,2024-12-14,253.2,0.638
ITM10772,5,L52,28,84,14,9,43.43,8.1,0.55,103,1.01,92.55,0.77,9,0.79,122,1.36,0.59,2024-08-15,198.16,0.437
ITM10773,1,L93,484,93,7,8,7.48,3.14,0.42,11,1.09,82.04,0.48,9,0.86,194,11.9,0.36,2024-01-05,222.47,0.575
ITM10774,1,L22,158,38,6,7,30.18,8.4,0.23,26,4.29,198.04,1.65,1,0.96,957,2.82,0.85,2024-01-05,239.43,0.615
ITM10775,3,L60,499,50,11,3,23.02,1.41,0.22,134,4.29,193.7,1.16,9,0.83,713,9.38,0.56,2024-12-22,150.08,0.507
ITM10776,1,L17,29,51,14,7,21.69,1.56,0.74,140,2.62,46.04,1.98,0,0.86,105,14.2,0.96,2024-06-24,292.69,0.755
ITM10777,2,L80,233,74,7,6,13.38,9.06,0.44,30,4.84,189.87,0.81,3,0.7,744,8.69,0.63,2024-03-02,192.23,0.641
ITM10778,4,L69,292,40,11,5,19.24,5.64,0.97,87,3.56,141.53,1.4,9,0.71,683,5.0,0.29,2024-08-04,193.71,0.347
ITM10779,3,L4,343,39,13,8,6.3,7.33,0.39,88,4.92,87.68,1.28,1,0.73,293,3.5,0.88,2024-12-21,50.9,0.621
ITM10780,1,L51,67,27,11,4,13.33,2.64,0.99,60,2.9,150.53,1.31,9,0.91,943,1.38,0.9,2024-03-08,296.44,0.469
ITM10781,3,L76,455,26,4,2,14.33,2.08,0.28,115,1.41,181.03,1.5,8,0.85,253,9.73,0.56,2024-09-01,30.52,0.502
ITM10782,3,L73,130,47,11,8,36.31,8.43,0.19,114,2.5,44.23,0.36,1,0.76,640,8.81,0.22,2024-02-06,295.83,0.657
ITM10783,4,L85,172,23,5,3,3.38,3.91,0.38,19,4.91,47.24,1.14,8,0.88,65,7.46,0.22,2024-04-27,274.06,0.445
ITM10784,2,L4,142,96,6,2,32.91,4.82,0.9,125,2.17,87.66,1.07,0,0.86,175,3.71,0.48,2024-07-15,258.36,0.61
ITM10785,3,L11,424,98,3,4,11.85,0.77,0.57,64,4.81,42.15,0.75,6,0.73,648,4.31,0.77,2024-02-15,205.34,0.562
ITM10786,1,L83,376,88,3,6,5.01,4.17,0.22,45,4.09,78.48,0.93,5,0.89,515,14.42,0.46,2024-02-22,186.57,0.669
ITM10787,5,L55,121,65,3,6,15.74,7.82,0.28,60,2.49,132.68,1.09,5,0.93,839,1.29,0.21,2024-02-22,299.02,0.436
ITM10788,3,L18,260,31,11,4,12.0,8.3,0.38,83,2.94,164.44,0.71,1,0.79,927,6.09,0.88,2024-06-09,292.46,0.724
ITM10789,3,L60,340,76,13,7,28.05,7.14,0.63,26,3.23,67.37,0.66,0,0.91,477,1.54,0.97,2024-07-07,245.43,0.731
ITM10790,4,L24,210,65,10,4,18.51,7.08,0.4,70,3.5,63.53,1.5,9,0.76,400,3.68,0.48,2024-06-02,35.19,0.367
ITM10791,2,L7,236,28,7,9,48.33,5.31,0.77,100,0.85,158.15,0.23,7,0.93,604,14.06,0.26,2024-03-11,117.93,0.662
ITM10792,5,L34,70,66,7,9,48.21,5.61,0.65,150,4.7,82.39,0.69,7,0.97,128,3.09,0.43,2024-07-14,261.12,0.512
ITM10793,1,L49,311,53,11,8,22.74,7.56,0.89,104,3.19,165.51,1.34,1,0.83,550,9.41,0.84,2024-03-09,213.73,0.705
ITM10794,5,L42,100,44,5,3,39.96,2.85,0.55,89,4.69,198.74,0.5,3,0.77,838,5.86,0.63,2024-11-24,45.38,0.648
ITM10795,1,L28,402,10,5,9,1.65,2.7,0.4,112,3.34,196.14,1.19,3,0.82,428,9.86,0.51,2024-12-12,110.99,0.618
ITM10796,2,L59,107,61,9,5,27.84,9.52,1.0,57,2.44,135.91,0.67,1,0.78,313,12.93,0.47,2024-03-14,15.63,0.735
ITM10797,1,L42,213,94,11,8,37.42,0.76,0.42,95,3.05,81.29,1.7,8,0.7,354,5.01,0.29,2024-02-05,268.91,0.335
ITM10798,4,L44,123,79,8,8,11.63,1.82,0.49,79,4.23,22.44,0.76,3,0.9,537,2.1,0.47,2024-09-28,226.63,0.566
ITM10799,4,L98,290,46,4,8,4.0,5.92,0.83,56,1.97,150.23,0.54,3,0.71,789,3.86,0.58,2024-10-15,136.4,0.595
ITM10800,4,L49,115,74,3,2,8.64,7.51,0.18,19,4.8,195.81,1.11,3,0.76,174,7.15,0.74,2024-01-05,230.51,0.624
ITM10801,4,L36,442,60,4,2,22.65,5.61,0.45,89,2.6,22.92,0.36,4,0.92,667,8.21,0.41,2024-11-08,280.69,0.659
ITM10802,5,L97,398,10,3,6,25.81,3.87,0.18,22,4.8,11.17,1.62,9,0.9,791,14.19,0.92,2024-11-28,91.17,0.611
ITM10803,2,L54,217,30,12,8,19.66,9.79,0.23,67,4.46,168.04,1.39,7,0.72,695,1.23,0.59,2024-03-25,92.89,0.399
ITM10804,1,L33,20,62,12,7,22.56,7.19,0.1,93,3.95,29.43,1.56,3,0.9,130,11.61,0.52,2024-08-13,149.97,0.623
ITM10805,1,L11,426,25,11,9,24.04,8.4,0.11,77,2.6,25.51,0.86,2,0.98,921,2.02,0.68,2024-06-28,215.0,0.633
ITM10806,4,L61,397,70,12,6,38.7,0.88,0.44,93,3.14,182.96,1.69,0,0.72,670,2.09,0.33,2024-04-19,297.98,0.469
ITM10807,4,L3,186,63,14,3,6.16,2.74,0.83,95,4.27,25.12,1.04,1,0.82,224,10.16,0.29,2024-11-17,57.25,0.633
ITM10808,3,L96,145,49,10,4,38.68,4.05,0.63,166,2.95,31.66,0.28,3,0.92,725,13.73,0.48,2024-03-18,109.22,0.775
ITM10809,2,L70,332,35,9,2,34.74,2.23,0.67,153,3.82,118.22,0.53,8,0.9,174,5.03,0.23,2024-07-29,115.4,0.48
ITM10810,5,L7,100,89,5,8,37.34,1.19,0.57,72,4.06,153.79,1.45,0,0.77,397,4.77,0.5,2024-11-11,220.49,0.573
ITM10811,1,L45,437,74,10,3,36.99,2.64,0.84,52,2.81,85.92,1.8,5,0.75,938,9.65,0.74,2024-12-17,267.11,0.547
ITM10812,3,L29,270,83,4,6,24.06,5.57,0.89,160,2.91,89.91,0.28,5,0.94,416,11.87,0.85,2024-08-14,63.3,0.788
ITM10813,3,L84,188,73,4,6,11.36,7.11,0.86,167,1.39,130.2,1.74,9,0.99,584,13.17,0.66,2024-04-21,216.96,0.552
ITM10814,1,L9,496,52,13,2,27.29,7.85,0.83,39,1.6,106.03,1.62,2,0.93,464,4.5,0.75,2024-02-14,273.79,0.594
ITM10815,5,L100,92,26,12,6,47.94,0.91,0.26,76,4.57,13.54,0.78,9,0.99,927,11.36,0.87,2024-02-21,45.18,0.665
ITM10816,3,L84,160,68,5,7,29.84,4.57,0.63,33,4.28,31.58,1.41,8,0.88,892,5.3,0.82,2024-03-12,194.17,0.51
ITM10817,3,L6,89,32,9,6,1.54,1.66,0.62,110,0.55,120.5,0.46,9,0.98,623,8.63,0.46,2024-03-04,68.69,0.577
ITM10818,2,L97,281,16,3,5,3.93,4.6,0.58,115,4.41,160.8,1.65,2,0.91,773,3.67,0.66,2024-10-28,137.93,0.558
ITM10819,5,L4,359,53,10,9,49.65,4.62,0.53,110,0.61,154.99,1.35,0,0.97,301,3.04,0.41,2024-07-15,46.77,0.582
ITM10820,3,L32,327,62,14,4,4.53,5.23,0.18,17,2.56,150.61,0.93,1,0.75,657,14.09,0.66,2024-06-28,208.25,0.757
ITM10821,5,L26,264,80,9,6,3.26,8.98,0.19,105,0.8,156.54,1.74,3,0.94,770,8.66,0.54,2024-08-07,126.4,0.577
ITM10822,1,L3,22,88,6,9,18.3,8.15,0.91,171,4.86,18.44,0.36,3,0.76,618,1.06,0.5,2024-06-10,174.5,0.57
ITM10823,4,L80,356,43,7,9,48.5,6.55,0.67,44,4.88,180.07,1.71,1,0.71,283,12.11,0.35,2024-03-12,161.83,0.582
ITM10824,3,L20,82,55,12,5,16.62,8.91,0.34,105,3.25,178.96,0.15,9,0.86,407,10.67,0.65,2024-05-06,211.26,0.649
ITM10825,2,L31,68,77,3,3,21.08,6.95,0.35,59,2.26,111.07,1.53,5,0.8,375,5.56,0.78,2024-05-21,269.72,0.537
ITM10826,1,L17,95,87,6,6,32.07,8.28,0.65,154,2.8,57.23,1.19,5,0.71,114,7.5,0.66,2024-11-26,91.13,0.555
ITM10827,5,L61,387,87,3,7,2.18,5.86,0.47,11,3.93,122.51,1.42,2,0.99,342,7.3,0.26,2024-02-13,182.6,0.565
ITM10828,1,L86,194,25,3,3,44.99,5.49,0.5,53,1.5,116.0,0.88,0,0.9,373,4.85,0.94,2024-05-07,176.39,0.745
ITM10829,3,L15,128,80,12,9,26.45,7.38,0.15,111,2.49,52.36,1.74,9,0.97,380,14.73,0.2,2024-10-10,101.39,0.476
ITM10830,5,L73,202,28,3,9,23.87,0.69,0.22,139,3.82,124.59,0.69,8,1.0,578,8.61,0.91,2024-11-03,154.88,0.668
ITM10831,4,L28,211,11,9,8,43.18,7.06,0.45,81,2.28,161.49,0.62,3,0.82,184,13.56,0.81,2024-11-03,21.73,0.785
ITM10832,1,L60,84,19,9,6,47.7,9.38,0.73,119,0.64,163.16,0.67,8,0.78,869,9.19,0.28,2024-11-07,133.81,0.508
ITM10833,3,L90,356,59,6,2,21.75,7.28,0.14,146,2.78,21.34,1.57,4,0.76,468,10.66,0.39,2024-05-25,88.45,0.535
ITM10834,2,L33,470,90,14,5,9.45,0.85,0.4,138,3.82,47.46,1.04,6,0.85,179,1.41,0.48,2024-12-19,260.55,0.461
ITM10835,5,L99,493,21,4,5,40.97,4.09,0.73,112,4.9,136.96,1.12,2,0.88,985,8.17,0.93,2024-01-14,113.76,0.719
ITM10836,1,L48,290,79,14,2,20.76,8.19,0.81,146,0.67,173.37,1.68,2,0.84,598,11.1,0.98,2024-12-03,65.74,0.704
ITM10837,1,L22,119,31,5,4,46.84,9.61,0.27,151,2.93,109.03,1.68,7,0.82,811,2.71,0.27,2024-06-03,163.6,0.346
ITM10838,4,L78,51,41,10,9,47.55,4.02,0.76,36,2.52,144.43,0.41,0,0.75,618,10.5,0.52,2024-04-15,245.18,0.753
ITM10839,4,L78,371,93,10,8,6.63,8.49,0.96,146,1.59,14.0,1.14,7,0.83,406,2.18,0.32,2024-09-22,112.67,0.405
ITM10840,2,L96,147,10,13,7,47.87,8.71,0.92,173,3.37,125.6,0.34,7,0.73,571,12.3,0.42,2024-11-06,255.58,0.62
ITM10841,2,L92,471,63,13,5,19.05,1.67,0.81,102,1.24,192.76,1.75,2,0.96,509,14.69,0.98,2024-09-17,104.58,0.769
ITM10842,3,L15,421,67,8,3,32.67,8.53,0.74,109,1.78,135.59,1.69,0,0.71,642,9.77,0.99,2024-04-06,223.32,0.701
ITM10843,3,L100,388,79,12,9,2.7,3.58,0.31,140,4.02,185.23,1.71,8,0.81,991,2.08,0.58,2024-07-19,43.42,0.375
ITM10844,2,L21,358,92,11,7,44.56,6.14,0.67,126,2.57,117.54,1.44,3,0.73,651,9.21,0.35,2024-05-31,28.04,0.535
ITM10845,2,L40,62,27,13,5,32.44,5.62,0.68,160,4.97,170.24,0.99,6,0.93,950,11.37,0.64,2024-11-26,223.9,0.647
ITM10846,5,L14,391,15,14,8,32.53,6.8,0.47,131,2.24,33.59,0.87,8,0.79,950,14.06,0.46,2024-01-28,116.84,0.59
ITM10847,4,L75,438,54,11,4,45.21,7.53,0.54,119,2.58,33.47,0.85,2,0.73,681,1.64,0.94,2024-05-02,123.97,0.631
ITM10848,3,L4,97,32,6,8,25.91,4.69,0.72,82,1.85,32.83,0.23,4,0.86,663,11.85,0.85,2024-09-10,176.5,0.797
ITM10849,4,L40,333,32,14,3,21.12,8.94,0.96,39,1.56,102.88,1.9,9,0.97,544,2.86,0.45,2024-07-16,296.19,0.352
ITM10850,4,L74,308,35,3,8,43.44,8.19,0.37,28,4.65,72.75,0.96,2,0.97,588,12.07,0.21,2024-02-27,59.74,0.661
ITM10851,2,L87,289,86,3,7,37.38,7.96,0.32,111,3.87,146.65,1.87,4,0.77,310,13.44,1.0,2024-05-03,96.96,0.666
ITM10852,5,L49,181,16,14,9,47.5,4.85,0.64,76,2.0,181.5,1.77,1,0.92,622,13.06,0.75,2024-09-12,198.12,0.711
ITM10853,1,L51,208,88,12,3,47.07,0.86,0.22,59,3.65,127.68,1.67,3,0.71,185,10.14,0.54,2024-11-22,213.28,0.558
ITM10854,5,L92,266,53,7,9,19.73,5.18,0.62,57,4.85,50.51,1.22,1,0.74,976,8.01,0.43,2024-10-31,214.78,0.599
ITM10855,5,L26,407,36,4,2,22.9,9.04,0.18,12,0.83,186.87,0.29,2,0.85,658,13.24,0.2,2024-02-06,182.67,0.718
ITM10856,4,L10,235,35,8,6,13.54,2.31,0.54,75,1.69,110.29,0.72,4,0.77,710,8.27,0.32,2024-09-27,180.6,0.576
ITM10857,5,L76,334,88,9,2,33.37,9.83,0.66,164,1.4,146.79,1.25,8,0.94,276,3.66,0.2,2024-01-07,52.95,0.392
ITM10858,3,L89,432,45,3,7,18.86,8.17,0.16,115,4.41,179.2,0.13,2,0.98,838,14.2,0.68,2024-07-03,252.04,0.868
ITM10859,4,L81,358,64,8,6,39.52,7.24,0.29,120,1.31,198.07,0.18,9,0.7,868,6.23,0.73,2024-06-11,12.58,0.571
ITM10860,3,L32,409,73,10,2,6.96,6.93,0.4,49,1.89,106.15,1.39,5,0.77,896,9.74,0.81,2024-03-08,131.1,0.607
ITM10861,1,L14,396,66,14,6,6.7,6.08,0.43,134,2.95,163.53,1.79,3,0.83,277,3.79,0.35,2024-07-17,72.47,0.448
ITM10862,4,L90,452,78,7,5,11.02,7.35,0.71,27,3.29,117.7,1.72,3,0.87,876,2.55,0.28,2024-10-18,40.26,0.432
ITM10863,1,L99,187,70,14,8,5.13,4.51,0.58,164,4.14,102.43,0.42,9,0.97,810,8.71,0.72,2024-08-03,102.65,0.632
ITM10864,4,L39,358,11,9,3,31.38,8.53,0.44,148,2.33,112.17,1.83,9,0.97,307,8.76,0.6,2024-07-06,200.58,0.468
ITM10865,2,L88,212,64,12,6,8.22,7.12,0.51,176,2.9,102.01,1.42,4,0.89,463,6.18,0.9,2024-10-06,154.15,0.618
ITM10866,5,L77,472,89,8,5,8.84,7.83,0.11,28,4.84,90.0,1.46,6,0.78,875,5.36,0.63,2024-12-15,263.32,0.487
ITM10867,2,L16,302,96,6,8,1.7,8.03,0.79,98,1.84,147.51,0.68,3,0.93,269,6.24,0.56,2024-03-29,183.91,0.653
ITM10868,1,L73,355,47,9,8,39.32,1.37,0.14,144,1.62,57.44,1.46,7,0.76,285,12.13,0.59,2024-08-29,83.41,0.546
ITM10869,5,L6,409,89,12,4,40.8,1.03,0.85,66,3.7,127.11,1.45,8,0.99,69,6.01,0.83,2024-02-07,159.41,0.539
ITM10870,4,L45,32,87,11,9,8.94,8.11,0.59,139,3.97,145.46,1.23,8,0.7,473,13.9,0.21,2024-01-09,75.94,0.484
ITM10871,5,L69,259,38,12,2,37.24,2.96,0.58,47,2.37,179.5,0.78,8,0.87,462,2.58,0.93,2024-10-27,61.81,0.556
ITM10872,3,L55,339,35,12,4,22.24,6.03,0.73,142,1.46,73.06,1.64,1,0.73,438,14.04,0.77,2024-02-04,286.96,0.703
ITM10873,5,L85,465,44,9,9,12.74,4.72,0.87,91,4.01,173.51,1.88,2,0.82,394,10.65,0.91,2024-01-08,145.73,0.66
ITM10874,3,L48,166,88,14,9,31.45,0.71,0.95,45,3.52,189.61,1.75,4,0.89,699,5.82,0.97,2024-05-14,198.85,0.595
ITM10875,5,L9,223,76,7,7,9.75,0.88,0.59,97,4.44,133.25,0.56,0,0.91,516,1.1,0.38,2024-04-20,263.3,0.617
ITM10876,3,L65,99,96,9,5,38.09,8.36,0.24,128,4.3,156.57,0.95,3,0.94,238,12.23,0.66,2024-01-21,103.43,0.728
ITM10877,1,L83,398,38,5,4,3.33,6.27,0.89,94,1.42,87.08,0.75,4,0.88,666,14.57,0.59,2024-01-31,238.82,0.733
ITM10878,2,L44,62,43,4,4,48.0,5.48,0.14,157,4.25,190.91,1.44,8,0.78,417,14.75,0.63,2024-07-22,238.76,0.575
ITM10879,4,L2,477,50,13,9,4.52,9.47,0.83,142,1.29,137.46,1.68,7,0.97,434,6.93,0.24,2024-09-16,248.96,0.426
ITM10880,5,L54,108,50,7,8,29.39,2.14,0.71,33,4.39,68.93,0.51,0,0.94,992,1.99,0.93,2024-05-26,64.94,0.75
ITM10881,2,L63,167,32,6,5,45.21,2.95,0.91,39,3.97,86.81,1.9,2,0.75,147,5.39,0.96,2024-11-17,289.22,0.584
ITM10882,4,L14,114,80,7,8,1.58,7.69,0.91,37,3.06,127.37,1.39,2,0.95,319,5.34,0.75,2024-12-30,89.69,0.632
ITM10883,4,L56,471,12,10,3,25.43,7.86,0.15,118,3.39,54.49,0.52,5,0.99,714,2.43,0.41,2024-09-13,235.28,0.56
ITM10884,3,L47,447,67,14,6,18.15,4.35,0.65,144,0.97,153.24,0.81,3,0.89,267,8.35,0.83,2024-07-31,57.07,0.714
ITM10885,1,L82,170,41,6,7,29.44,9.53,0.21,179,0.68,52.69,0.3,3,0.78,70,9.46,0.78,2024-08-04,278.03,0.748
ITM10886,1,L59,21,40,11,7,12.05,9.41,0.17,44,1.99,122.44,1.23,0,0.88,321,11.2,0.66,2024-12-25,134.08,0.734
ITM10887,2,L91,395,91,9,2,4.18,0.62,0.5,128,4.2,142.43,0.42,9,0.8,763,1.71,0.34,2024-07-24,203.91,0.429
ITM10888,1,L20,41,52,12,8,31.67,2.14,0.19,43,2.6,173.35,1.42,3,0.9,209,4.86,0.36,2024-02-12,256.56,0.515
ITM10889,5,L56,390,16,14,6,21.43,8.29,0.76,112,1.51,149.44,1.5,0,0.86,541,5.97,0.67,2024-11-23,91.89,0.636
ITM10890,1,L23,332,10,9,9,31.5,3.68,0.97,126,4.26,161.78,1.01,4,0.98,478,13.49,0.3,2024-10-01,122.81,0.655
ITM10891,2,L94,347,70,10,2,11.32,1.41,0.61,85,1.53,183.46,0.28,2,0.89,625,13.62,0.78,2024-10-02,100.88,0.848
ITM10892,1,L67,26,23,14,7,17.6,7.96,0.31,63,4.17,123.58,1.26,9,0.76,645,4.64,0.37,2024-11-11,92.03,0.382
ITM10893,5,L84,225,61,8,6,28.52,4.82,0.86,38,2.54,170.79,0.81,4,0.92,634,7.82,0.93,2024-03-19,157.99,0.713
ITM10894,3,L35,459,15,10,4,30.06,5.18,0.87,147,2.59,54.06,1.9,2,0.79,621,6.95,0.92,2024-05-22,168.56,0.605
ITM10895,2,L79,394,19,5,3,19.24,2.27,0.76,36,1.73,164.8,1.08,4,0.78,915,8.37,0.43,2024-02-12,32.28,0.566
ITM10896,3,L69,470,80,12,9,14.72,6.78,0.65,22,4.55,52.12,0.24,3,0.82,708,5.01,0.27,2024-06-07,205.25,0.601
ITM10897,3,L100,133,99,12,4,14.41,5.74,0.88,51,0.9,187.58,1.31,8,0.7,96,7.48,0.69,2024-02-10,131.8,0.487
ITM10898,3,L62,291,39,3,3,9.56,2.46,0.25,174,1.15,72.69,1.58,5,0.99,272,3.04,0.56,2024-09-18,267.96,0.493
ITM10899,4,L60,102,30,8,9,16.94,3.73,0.94,30,3.36,42.65,0.4,9,0.86,207,10.93,0.31,2024-04-14,266.8,0.56
ITM10900,4,L56,198,69,3,8,10.77,6.17,0.95,140,4.33,38.15,0.95,1,0.93,96,6.18,0.63,2024-03-20,218.83,0.679
ITM10901,3,L94,229,90,11,5,32.06,9.29,0.88,145,0.93,45.58,1.51,0,0.78,850,8.59,0.99,2024-10-01,257.6,0.718
ITM10902,2,L76,483,83,4,2,28.88,9.24,0.33,79,3.8,95.03,0.14,0,0.92,771,9.46,0.26,2024-06-16,277.53,0.748
ITM10903,5,L35,347,72,13,2,19.75,3.24,0.87,154,3.84,109.21,0.16,0,0.87,582,12.71,0.41,2024-07-19,177.43,0.809
ITM10904,5,L42,143,51,4,5,16.97,7.49,0.55,19,3.12,183.62,1.39,8,0.83,400,2.14,0.63,2024-10-27,291.85,0.422
ITM10905,1,L32,132,60,9,6,12.64,7.87,0.64,150,2.69,82.39,1.48,4,0.99,368,7.76,0.83,2024-11-20,287.07,0.639
ITM10906,2,L12,31,73,4,5,27.24,8.18,0.86,115,1.94,51.32,1.71,3,0.85,280,13.52,0.22,2024-11-28,41.87,0.563
ITM10907,4,L36,145,85,12,8,46.03,5.92,0.13,21,2.08,151.33,0.86,9,0.9,347,5.62,0.79,2024-12-14,161.6,0.547
ITM10908,3,L58,72,65,10,7,34.6,0.6,0.43,137,3.53,35.58,0.84,4,0.7,494,7.22,0.31,2024-11-25,43.2,0.534
ITM10909,1,L32,350,89,8,5,37.48,7.74,0.83,160,0.79,179.53,1.15,8,0.79,154,2.19,0.86,2024-02-03,208.4,0.484
ITM10910,5,L97,408,50,9,3,41.88,1.51,0.83,137,3.13,87.79,1.54,2,0.97,687,11.51,0.75,2024-06-07,231.93,0.703
ITM10911,4,L60,302,41,9,7,18.23,1.61,0.86,70,1.75,126.63,1.32,2,0.93,932,2.19,0.57,2024-12-23,266.56,0.557
ITM10912,4,L73,159,24,8,5,4.08,6.25,0.25,35,2.6,45.38,0.72,1,0.86,348,9.83,0.86,2024-08-11,198.5,0.783
ITM10913,3,L79,420,71,12,2,31.51,9.84,0.74,24,3.02,37.65,0.76,7,0.97,117,6.24,0.79,2024-05-02,141.66,0.619
ITM10914,5,L86,409,36,13,4,10.24,2.8,0.23,31,4.49,161.78,1.55,6,0.85,587,5.73,0.81,2024-01-30,55.22,0.533
ITM10915,2,L49,116,37,11,3,28.88,6.64,0.81,98,3.11,91.64,1.12,1,0.87,722,9.2,0.43,2024-05-05,46.28,0.651
ITM10916,4,L44,24,90,11,8,37.24,3.38,0.32,74,1.52,197.48,0.29,3,0.81,669,8.95,0.7,2024-02-14,150.84,0.732
ITM10917,3,L4,76,73,9,3,39.4,9.04,0.76,163,0.86,109.62,0.39,6,0.89,850,6.68,0.31,2024-08-10,251.44,0.57
ITM10918,2,L64,431,68,11,9,15.79,6.14,0.51,30,3.32,170.67,1.72,0,0.8,866,4.9,0.86,2024-02-29,227.71,0.625
ITM10919,5,L42,353,67,12,6,26.11,2.47,0.99,161,2.95,196.19,2.0,0,0.82,645,8.11,0.62,2024-08-20,265.43,0.596
ITM10920,4,L24,88,11,5,4,31.43,2.99,0.62,25,3.52,63.42,0.74,7,0.99,90,4.74,0.86,2024-11-09,245.19,0.619
ITM10921,2,L63,137,45,5,3,41.15,4.61,0.67,169,2.57,162.17,0.83,5,0.73,249,2.44,0.37,2024-11-07,69.59,0.47
ITM10922,2,L28,395,80,3,9,38.31,1.66,0.43,25,4.21,14.18,0.39,1,0.73,597,12.19,0.3,2024-01-29,68.09,0.71
ITM10923,2,L46,78,22,7,5,49.41,1.25,0.76,51,4.64,139.15,0.55,9,0.71,912,10.83,0.75,2024-06-07,142.82,0.601
ITM10924,4,L34,52,24,6,3,1.4,6.96,0.55,169,0.68,151.59,0.91,9,0.8,424,2.18,0.25,2024-12-07,65.44,0.368
ITM10925,4,L44,337,98,4,3,22.44,4.37,0.12,50,3.85,100.7,0.64,0,0.82,455,3.28,0.4,2024-12-02,64.37,0.624
ITM10926,1,L36,69,96,11,3,13.55,7.4,0.65,117,0.66,40.8,1.43,2,0.73,283,2.4,0.93,2024-03-30,87.66,0.581
ITM10927,5,L77,387,69,5,6,6.87,1.55,0.85,134,2.5,127.18,1.12,3,0.86,557,12.07,0.31,2024-03-02,16.54,0.623
ITM10928,3,L90,38,31,10,3,45.66,6.29,0.31,161,2.58,180.53,1.66,4,0.87,291,11.82,0.5,2024-01-07,175.69,0.586
ITM10929,2,L36,233,72,8,3,49.9,4.71,0.3,22,3.63,186.95,1.48,9,0.93,992,6.71,0.96,2024-12-28,125.02,0.539
ITM10930,1,L72,216,99,7,6,9.85,1.05,0.65,88,2.09,151.76,0.34,2,0.99,388,12.5,0.22,2024-03-11,78.84,0.735
ITM10931,3,L2,398,84,3,9,2.88,5.68,0.84,147,4.19,60.11,0.33,4,0.89,69,14.64,0.56,2024-12-25,48.92,0.772
ITM10932,1,L67,469,83,6,7,14.48,1.29,0.32,51,2.04,175.36,1.8,6,0.73,904,14.59,0.83,2024-01-06,142.2,0.607
ITM10933,4,L25,497,34,5,4,41.91,8.36,0.94,178,2.04,178.88,1.66,8,0.73,713,14.73,0.93,2024-03-24,184.57,0.602
ITM10934,2,L11,66,57,3,9,15.4,6.5,0.93,130,1.5,79.78,0.99,4,0.93,943,12.85,0.79,2024-09-11,292.25,0.736
ITM10935,3,L31,186,52,14,8,3.79,5.79,0.28,140,3.58,44.77,0.35,3,0.9,220,4.04,0.91,2024-06-26,83.61,0.721
ITM10936,3,L93,471,47,7,7,3.57,1.77,0.34,25,0.84,176.19,1.81,9,0.75,265,1.8,0.23,2024-09-24,17.64,0.259
ITM10937,3,L53,308,50,8,2,21.94,3.23,0.73,53,2.13,178.17,0.54,8,0.78,917,12.36,0.28,2024-09-21,223.44,0.563
ITM10938,3,L63,160,54,4,6,46.66,5.18,0.96,167,1.7,29.17,0.17,7,0.93,890,5.32,0.79,2024-05-12,78.2,0.658
ITM10939,3,L72,103,97,5,6,15.01,6.52,0.74,130,1.53,193.73,1.86,4,0.87,793,5.73,0.8,2024-03-26,150.44,0.544
ITM10940,1,L98,201,49,13,3,21.93,2.24,0.5,174,0.77,111.29,1.64,8,0.88,65,2.02,0.68,2024-07-09,244.39,0.415
ITM10941,2,L31,410,26,8,3,5.99,0.58,0.25,33,1.36,198.81,1.42,8,0.76,332,11.01,0.78,2024-03-05,20.72,0.553
ITM10942,4,L89,98,97,6,8,25.19,3.78,0.51,35,2.51,94.55,0.16,0,0.89,350,7.03,0.89,2024-05-17,51.04,0.834
ITM10943,4,L61,234,66,11,2,35.13,5.09,0.65,67,2.77,111.32,1.1,5,0.93,214,3.86,0.64,2024-03-01,38.47,0.555
ITM10944,4,L83,33,11,7,3,14.29,2.25,0.4,18,1.71,60.56,1.34,4,0.97,830,10.13,0.96,2024-01-16,77.78,0.707
ITM10945,4,L92,234,71,6,5,15.54,5.18,0.56,135,3.43,180.8,1.54,5,0.92,740,14.72,0.76,2024-06-20,60.18,0.678
ITM10946,1,L63,422,97,4,3,42.26,3.72,0.22,28,2.01,94.31,1.0,9,0.87,307,7.98,0.58,2024-08-07,101.81,0.516
ITM10947,5,L58,147,18,8,3,1.51,4.82,0.51,37,2.15,164.78,1.91,2,0.9,637,9.49,0.54,2024-05-19,226.43,0.584
ITM10948,2,L3,329,77,12,5,32.19,3.8,0.18,144,4.02,25.15,0.57,2,0.85,666,3.28,0.8,2024-09-25,22.28,0.677
ITM10949,3,L12,496,90,4,2,20.3,6.47,0.14,54,2.98,159.77,0.23,9,0.77,402,3.25,0.7,2024-02-02,31.39,0.534
ITM10950,5,L38,267,26,14,5,15.62,0.91,0.87,137,4.79,103.15,0.73,4,0.96,136,7.42,0.85,2024-05-14,173.65,0.708
ITM10951,4,L29,423,59,9,6,33.22,2.12,0.28,103,2.12,11.03,1.36,6,0.86,876,12.83,0.82,2024-12-30,160.88,0.651
ITM10952,5,L52,48,49,5,5,41.9,4.61,0.62,174,4.23,52.99,1.5,3,0.88,575,13.73,0.62,2024-10-22,147.48,0.673
ITM10953,2,L89,299,67,11,4,28.36,3.88,0.23,25,3.82,46.81,1.5,5,1.0,920,9.98,0.96,2024-11-17,159.61,0.675
ITM10954,3,L32,357,84,13,6,2.52,4.22,0.34,14,4.51,152.84,0.31,4,1.0,994,6.05,0.76,2024-02-09,225.19,0.722
ITM10955,3,L40,338,94,7,3,23.61,8.14,0.43,166,4.81,100.67,1.78,1,0.88,847,11.5,0.36,2024-09-11,177.07,0.603
ITM10956,2,L85,221,30,10,8,23.68,8.92,0.23,61,0.53,40.35,0.63,0,0.71,808,5.09,0.69,2024-08-21,142.52,0.685
ITM10957,2,L75,380,27,13,6,27.65,2.86,0.14,160,0.9,58.79,0.5,5,0.82,927,4.07,0.36,2024-09-18,33.71,0.54
ITM10958,4,L48,76,64,8,2,33.88,8.45,0.89,15,3.53,105.77,1.27,4,0.98,802,12.14,0.65,2024-07-03,292.68,0.681
ITM10959,3,L61,411,38,14,2,1.95,4.86,0.11,173,2.26,13.73,0.5,8,0.79,915,11.52,0.83,2024-01-29,79.41,0.668
ITM10960,5,L71,237,33,12,5,25.6,3.1,0.16,170,4.19,90.58,1.07,6,1.0,58,13.35,0.85,2024-09-12,262.06,0.721
ITM10961,1,L68,81,83,10,6,29.83,9.86,0.82,58,0.55,138.83,0.87,0,0.73,512,9.07,0.72,2024-10-17,119.9,0.724
ITM10962,1,L45,176,26,13,3,17.82,8.34,0.35,178,4.13,108.37,0.54,9,0.87,585,13.55,0.83,2024-03-26,208.34,0.687
ITM10963,2,L55,221,27,14,2,33.75,9.95,0.75,89,1.11,123.64,0.65,5,0.85,673,1.37,0.58,2024-07-07,141.7,0.539
ITM10964,4,L96,36,51,5,7,12.18,2.1,0.23,107,1.81,72.06,0.91,6,0.78,346,4.55,0.64,2024-03-21,112.71,0.534
ITM10965,1,L71,341,93,5,3,16.55,1.87,0.31,116,4.86,44.78,0.76,2,0.98,266,12.26,0.9,2024-05-10,188.15,0.823
ITM10966,3,L43,25,54,7,7,48.18,5.28,0.62,163,0.73,163.85,0.82,8,0.89,277,6.93,0.59,2024-02-22,165.47,0.546
ITM10967,2,L46,77,91,13,4,18.06,6.57,0.99,46,2.07,182.07,1.5,1,0.77,81,4.35,0.48,2024-10-20,77.41,0.538
ITM10968,5,L90,344,26,12,7,17.98,2.13,0.17,125,0.88,107.04,0.42,0,0.82,480,12.15,0.84,2024-12-11,107.51,0.852
ITM10969,2,L59,431,82,5,9,30.19,8.67,0.46,26,4.34,67.96,1.29,9,0.92,838,12.51,0.24,2024-02-29,19.97,0.49
ITM10970,5,L35,337,23,10,2,48.58,5.55,0.14,41,3.66,107.13,1.39,9,0.79,219,7.39,0.97,2024-04-26,66.14,0.532
ITM10971,2,L40,188,58,12,5,49.17,4.4,0.28,165,4.1,177.01,1.62,8,0.96,280,7.53,0.47,2024-09-17,107.39,0.464
ITM10972,2,L33,472,38,14,4,29.4,6.22,0.92,34,2.87,141.37,1.71,6,0.75,119,11.93,0.7,2024-01-02,291.92,0.558
ITM10973,2,L30,101,13,10,6,1.05,6.53,0.19,31,2.11,173.14,0.4,9,0.78,160,11.8,0.75,2024-01-23,162.86,0.643
ITM10974,5,L16,493,91,4,3,45.13,0.91,0.87,70,0.51,72.39,0.36,0,0.74,138,13.13,0.31,2024-01-07,213.23,0.749
ITM10975,5,L93,487,29,14,2,28.94,10.0,0.26,135,1.75,145.28,1.27,3,0.73,51,10.04,0.86,2024-05-05,205.34,0.665
ITM10976,2,L25,444,56,6,4,18.93,3.96,0.88,53,2.82,134.08,1.54,9,0.79,976,3.6,0.66,2024-01-24,294.46,0.404
ITM10977,1,L41,452,18,12,4,41.63,1.08,0.58,111,3.49,118.61,0.62,2,1.0,105,8.7,0.46,2024-08-29,171.14,0.706
ITM10978,4,L16,238,86,3,9,20.59,8.6,0.89,29,1.53,110.36,1.1,6,0.73,719,6.35,0.88,2024-07-05,179.79,0.577
ITM10979,4,L96,196,88,6,2,2.67,9.93,0.24,118,1.13,114.69,1.57,4,0.76,320,1.38,0.7,2024-07-15,97.02,0.473
ITM10980,4,L69,223,36,14,6,41.23,8.26,0.79,97,1.41,171.44,1.56,8,0.78,323,3.75,0.83,2024-03-17,191.57,0.456
ITM10981,5,L98,90,24,13,6,27.75,8.59,0.71,56,2.09,184.04,1.34,2,0.89,593,3.88,0.99,2024-04-01,229.74,0.654
ITM10982,5,L89,406,28,6,5,17.57,6.45,0.59,60,1.17,31.44,0.25,5,0.92,319,2.15,0.3,2024-01-19,39.94,0.548
ITM10983,1,L24,285,99,12,8,13.29,9.26,0.83,48,1.21,118.07,0.2,9,0.93,239,7.35,0.8,2024-10-10,149.24,0.644
ITM10984,4,L25,117,61,11,7,30.1,0.84,0.68,23,0.7,184.5,0.84,1,0.7,771,8.11,0.81,2024-12-01,132.35,0.706
ITM10985,4,L28,364,35,5,6,11.19,7.78,0.89,30,4.36,35.6,0.15,2,0.9,532,5.76,0.9,2024-08-02,42.94,0.782
ITM10986,2,L95,310,98,4,9,16.87,6.87,0.44,152,1.49,88.44,1.82,3,0.89,357,6.77,0.53,2024-04-24,108.97,0.532
ITM10987,5,L62,227,35,11,5,32.19,0.97,0.63,109,4.2,26.93,0.14,5,0.86,71,8.69,0.9,2024-06-13,165.2,0.754
ITM10988,4,L36,21,35,11,7,44.2,5.67,0.88,106,2.47,31.56,0.16,0,0.81,63,2.69,0.71,2024-05-07,198.46,0.724
ITM10989,1,L93,143,55,3,4,27.11,5.39,0.29,10,3.35,181.78,0.41,5,0.94,535,8.87,0.26,2024-08-01,93.78,0.617
ITM10990,1,L76,299,58,8,2,38.2,7.07,0.54,118,0.84,94.77,1.29,3,0.8,767,10.94,0.23,2024-06-12,148.13,0.563
ITM10991,4,L98,93,91,12,6,38.39,1.24,0.96,91,3.13,140.86,1.13,7,0.77,595,13.25,0.59,2024-05-18,222.88,0.596
ITM10992,5,L68,185,62,10,5,33.55,8.15,0.53,147,1.8,36.39,1.35,8,0.79,903,5.22,0.83,2024-02-09,132.45,0.499
ITM10993,1,L77,41,12,5,4,13.05,1.82,0.33,160,0.93,14.17,1.8,7,0.83,513,11.46,0.51,2024-10-19,282.82,0.501
ITM10994,2,L37,173,75,13,6,43.47,4.48,0.42,27,4.59,179.19,0.96,7,0.76,617,9.48,0.88,2024-07-09,18.9,0.618
ITM10995,1,L13,446,51,11,3,22.38,8.87,0.9,67,3.22,119.16,0.18,1,0.88,801,8.04,0.59,2024-03-02,85.47,0.763
ITM10996,3,L25,458,28,4,8,3.17,5.83,0.96,135,1.59,13.8,1.55,9,0.97,998,13.87,0.22,2024-09-14,48.68,0.488
ITM10997,3,L38,314,26,8,4,12.99,4.11,0.96,82,2.39,198.54,1.64,1,0.88,482,9.68,0.98,2024-12-10,166.97,0.717
ITM10998,5,L30,238,42,3,9,38.51,0.96,0.73,119,2.11,103.52,0.19,5,0.83,624,6.12,0.59,2024-01-27,61.44,0.647
ITM10999,4,L47,176,85,9,9,4.39,6.89,0.56,61,3.65,100.42,0.56,4,0.94,449,10.98,0.72,2024-04-01,225.13,0.742
ITM11000,5,L23,249,58,5,6,8.22,9.87,0.26,55,3.23,127.97,1.56,5,0.92,641,14.44,0.36,2024-04-24,276.32,0.593
ITM11001,5,L39,39,65,9,9,35.02,9.16,0.21,116,0.59,11.5,0.81,8,0.81,601,13.85,0.44,2024-09-21,70.09,0.594
ITM11002,5,L2,494,72,6,4,44.74,7.31,0.15,22,1.39,118.14,1.0,9,0.88,855,14.72,0.59,2024-01-24,272.96,0.61
ITM11003,5,L91,60,12,11,2,32.05,1.5,0.12,105,2.65,129.6,1.66,6,0.92,963,2.33,0.88,2024-07-24,193.21,0.505
ITM11004,2,L69,457,58,7,2,11.89,2.77,0.89,26,2.5,66.42,0.28,4,0.77,328,7.21,0.28,2024-02-05,66.89,0.598
ITM11005,2,L17,167,64,5,8,3.62,2.28,0.83,76,2.83,148.1,1.39,9,0.81,817,7.06,0.82,2024-08-26,223.6,0.501
ITM11006,1,L36,127,35,10,2,31.14,3.88,0.61,70,3.72,81.71,0.51,6,0.73,159,6.37,0.66,2024-05-24,36.35,0.592
ITM11007,3,L6,422,81,8,7,3.32,2.74,1.0,74,3.57,146.38,0.22,7,1.0,97,3.5,0.6,2024-06-08,210.72,0.605
ITM11008,5,L7,103,61,4,3,31.02,2.82,0.96,142,2.18,37.33,1.36,0,0.73,793,12.65,0.9,2024-06-16,259.77,0.759
ITM11009,1,L71,386,16,5,2,12.05,6.36,0.69,169,4.45,183.6,0.33,9,0.75,131,10.42,0.29,2024-02-14,285.61,0.534
ITM11010,3,L38,341,55,10,9,45.33,3.53,0.52,98,0.78,177.1,1.52,6,0.84,735,9.48,0.99,2024-10-10,25.81,0.62
ITM11011,4,L90,433,55,12,3,24.28,6.93,0.24,65,3.13,38.62,0.49,3,0.96,674,7.26,0.88,2024-08-21,27.96,0.756
ITM11012,2,L17,328,25,9,2,11.97,9.5,0.56,14,4.77,188.31,0.19,4,0.81,327,6.44,0.46,2024-01-05,279.82,0.641
ITM11013,3,L82,309,33,12,7,42.8,6.57,0.24,110,2.97,115.98,0.29,1,0.93,430,12.01,0.56,2024-07-07,238.98,0.809
ITM11014,4,L97,425,70,8,9,13.45,7.64,0.46,96,2.55,143.31,1.7,9,0.9,359,8.38,0.22,2024-04-12,234.54,0.386
ITM11015,3,L63,342,63,3,4,16.02,7.64,0.95,171,1.1,169.66,0.8,4,0.89,601,9.51,0.62,2024-05-29,225.36,0.669
ITM11016,2,L14,153,71,11,6,41.88,3.64,0.41,70,4.15,25.88,0.67,8,0.95,591,2.4,0.64,2024-10-15,218.03,0.523
ITM11017,2,L2,226,10,5,6,16.13,0.64,0.24,78,2.18,42.16,1.03,0,0.7,816,7.6,0.94,2024-06-04,187.83,0.726
ITM11018,1,L74,302,58,7,2,21.1,1.02,0.62,72,3.66,65.17,1.3,2,0.98,289,2.82,0.51,2024-11-14,245.69,0.566
ITM11019,5,L37,285,34,9,6,18.04,3.18,0.64,53,1.39,100.67,0.17,3,0.95,232,1.75,0.66,2024-05-04,19.91,0.668
ITM11020,3,L61,92,19,9,2,6.7,7.05,0.27,37,0.69,75.75,1.81,8,0.98,233,10.65,0.79,2024-08-25,224.69,0.555
ITM11021,3,L62,371,89,5,2,2.91,9.11,0.28,22,1.87,106.11,1.92,1,0.94,603,4.85,0.69,2024-07-07,179.05,0.579
ITM11022,4,L57,67,25,6,9,36.5,9.61,0.99,39,1.77,45.32,0.89,6,0.96,987,14.51,0.32,2024-10-29,273.16,0.64
ITM11023,2,L44,345,67,12,8,32.61,0.75,0.32,163,4.43,139.61,0.88,8,0.76,515,9.48,0.34,2024-09-09,281.55,0.498
ITM11024,3,L24,252,81,9,5,14.84,9.91,0.85,72,4.39,20.59,1.77,9,0.8,688,10.03,0.31,2024-04-10,79.99,0.399
ITM11025,2,L7,462,38,10,5,15.48,3.56,0.52,82,2.9,78.68,0.92,3,0.79,486,3.76,0.37,2024-10-06,238.94,0.53
ITM11026,3,L33,119,15,4,8,47.31,8.51,0.49,66,0.59,44.02,1.73,4,0.73,643,2.8,0.46,2024-05-05,287.53,0.422
ITM11027,1,L62,78,25,11,5,49.4,2.21,0.37,73,1.53,148.69,0.15,9,0.92,282,8.36,0.79,2024-03-18,87.33,0.658
ITM11028,5,L15,277,29,9,3,24.2,1.1,0.8,61,3.38,177.89,1.03,3,0.74,870,13.96,0.25,2024-01-04,256.81,0.621
ITM11029,3,L9,432,89,10,5,40.32,4.09,0.89,72,0.96,24.97,1.91,6,0.72,753,1.78,0.86,2024-07-28,180.09,0.429
ITM11030,2,L52,471,80,8,2,37.1,8.66,0.34,150,3.65,159.16,0.58,7,0.93,50,8.11,0.41,2024-01-13,124.55,0.578
ITM11031,1,L63,84,87,8,7,15.57,2.6,0.19,102,0.55,180.19,0.61,7,0.97,554,3.78,0.69,2024-04-29,248.85,0.581
ITM11032,3,L10,102,52,11,7,3.87,1.96,0.22,116,3.57,195.05,1.3,2,0.93,411,11.95,0.64,2024-10-04,262.39,0.703
ITM11033,4,L74,173,35,6,4,7.99,9.14,0.81,118,4.3,120.08,1.86,1,0.95,768,10.55,0.32,2024-06-26,91.97,0.589
ITM11034,5,L81,492,99,13,9,42.08,9.41,0.49,97,2.61,72.2,0.48,5,0.88,758,2.36,0.43,2024-11-21,240.39,0.545
ITM11035,3,L88,285,87,13,5,36.83,0.62,0.22,54,4.23,71.17,1.85,0,0.97,332,9.63,0.44,2024-12-21,24.4,0.625
ITM11036,1,L7,328,80,7,7,33.55,7.41,0.41,117,4.02,82.0,1.36,8,0.85,578,14.77,0.7,2024-01-05,131.12,0.611
ITM11037,4,L20,98,42,11,5,7.4,3.44,0.56,55,3.52,126.41,1.99,6,1.0,880,8.39,0.83,2024-06-20,30.24,0.559
ITM11038,1,L20,334,35,3,9,32.36,4.06,0.87,86,2.5,103.14,1.5,7,0.73,945,5.0,1.0,2024-01-01,95.21,0.523
ITM11039,1,L73,169,54,6,4,38.84,4.96,0.68,178,1.72,134.19,1.37,6,0.94,218,3.13,0.28,2024-12-02,285.61,0.429
ITM11040,4,L39,454,93,9,7,43.17,4.55,0.26,55,4.37,17.47,1.65,4,0.89,938,14.85,0.95,2024-07-11,223.07,0.721
ITM11041,1,L11,67,72,13,2,1.65,5.39,0.24,138,3.42,30.12,0.43,4,0.87,235,8.89,0.65,2024-06-06,229.12,0.7
ITM11042,4,L32,424,76,11,3,34.54,6.03,0.47,101,4.09,195.54,1.9,6,0.92,171,6.25,0.49,2024-02-23,49.0,0.455
ITM11043,3,L16,398,61,13,8,1.94,4.92,0.17,21,2.98,199.12,0.41,6,0.95,490,4.0,0.43,2024-04-15,177.82,0.568
ITM11044,4,L72,267,77,14,8,35.64,7.16,0.78,97,1.27,151.87,0.15,1,0.96,785,14.3,0.37,2024-09-28,122.76,0.822
ITM11045,4,L98,297,35,12,8,32.15,7.33,0.46,82,4.91,58.72,1.43,1,0.75,688,9.78,0.65,2024-05-01,222.91,0.647
ITM11046,5,L54,375,84,8,5,8.27,4.68,0.41,172,1.32,191.14,0.45,6,0.76,727,1.81,0.96,2024-08-02,55.55,0.603
ITM11047,4,L78,117,11,14,7,38.54,1.85,0.56,111,4.6,50.6,1.54,4,0.7,523,1.83,0.35,2024-09-08,91.76,0.4
ITM11048,4,L77,433,23,10,9,4.35,6.59,0.74,108,1.44,148.97,1.61,1,0.74,171,14.15,0.55,2024-01-31,270.59,0.666
ITM11049,3,L80,44,39,11,9,41.49,7.84,0.61,170,2.18,31.9,0.55,0,0.78,883,10.94,0.36,2024-03-13,59.24,0.719
ITM11050,5,L29,303,58,12,7,13.83,6.56,0.82,67,2.48,133.29,0.26,8,0.92,781,2.45,0.34,2024-12-30,193.4,0.499
ITM11051,2,L100,468,21,6,4,34.75,6.09,0.67,137,4.65,154.31,1.05,7,0.84,990,9.73,0.89,2024-05-23,101.39,0.631
ITM11052,3,L67,388,99,3,2,46.26,2.68,0.81,126,4.5,173.33,1.79,1,0.93,840,6.87,0.41,2024-02-17,33.75,0.561
ITM11053,3,L49,320,53,10,6,17.65,6.63,0.73,44,4.2,149.52,1.71,1,0.85,709,12.04,0.4,2024-01-23,74.87,0.62
ITM11054,2,L58,87,42,4,7,25.64,3.68,0.27,93,2.2,185.46,0.32,2,0.87,341,4.83,0.93,2024-04-28,262.13,0.752
ITM11055,4,L57,26,22,13,3,23.69,9.24,0.15,75,0.52,108.98,1.93,3,0.73,987,6.36,0.51,2024-09-23,274.06,0.48
ITM11056,1,L39,324,87,3,4,8.72,6.71,0.91,35,3.57,138.71,0.6,8,0.93,296,3.34,0.21,2024-07-30,131.75,0.453
ITM11057,5,L76,156,97,9,7,29.93,3.14,0.95,51,2.35,80.21,0.76,5,0.93,967,4.53,0.78,2024-12-24,190.06,0.626
ITM11058,1,L55,183,35,14,7,37.41,4.99,0.75,86,3.91,11.97,0.38,2,0.79,237,3.65,0.61,2024-07-09,160.94,0.651
ITM11059,2,L40,102,30,12,4,45.93,8.54,0.75,39,4.08,153.77,0.82,7,0.8,572,1.34,0.82,2024-08-22,91.11,0.52
ITM11060,3,L73,404,37,11,4,42.69,3.69,0.34,125,2.48,175.27,1.31,5,0.77,333,1.65,0.66,2024-02-13,109.99,0.477
ITM11061,3,L80,157,57,13,5,25.99,5.49,0.59,169,3.87,43.05,1.06,7,0.94,606,12.7,0.48,2024-10-24,162.78,0.607
ITM11062,5,L8,439,49,14,7,36.23,6.96,0.99,45,4.28,15.44,1.67,9,0.92,173,12.25,0.25,2024-02-18,211.65,0.45
ITM11063,3,L79,92,75,14,6,40.24,7.67,0.87,28,4.68,41.26,1.32,1,0.88,939,2.97,0.89,2024-09-15,111.46,0.642
ITM11064,3,L95,256,82,11,3,25.18,2.15,0.37,31,3.12,180.1,0.6,7,0.77,296,10.35,0.37,2024-03-09,212.69,0.566
ITM11065,5,L13,65,96,5,2,6.66,5.87,0.37,74,4.0,66.15,1.16,4,0.75,455,11.44,0.98,2024-11-22,288.68,0.703
ITM11066,5,L98,125,88,8,2,22.46,9.17,0.54,66,2.73,54.4,0.22,9,0.72,386,1.72,0.4,2024-07-20,17.12,0.445
ITM11067,2,L27,435,86,9,6,42.28,9.7,0.46,20,0.69,12.77,1.2,3,0.71,208,2.24,0.86,2024-02-08,57.51,0.564
ITM11068,3,L81,307,32,12,9,30.24,6.73,0.43,35,1.2,66.44,0.84,2,0.76,316,8.88,0.83,2024-10-30,275.72,0.712
ITM11069,3,L28,281,90,11,4,36.5,9.84,0.66,28,1.08,145.97,0.29,8,0.73,341,6.24,0.57,2024-10-17,30.76,0.554
ITM11070,2,L34,195,57,4,4,10.08,5.92,0.11,92,1.27,192.23,0.68,9,0.87,639,10.79,0.52,2024-02-01,231.86,0.574
ITM11071,4,L85,185,11,10,9,48.25,4.7,0.79,149,0.55,69.42,1.81,6,0.81,852,8.81,0.76,2024-08-10,190.95,0.53
ITM11072,4,L11,164,93,9,4,20.8,5.74,0.77,76,4.36,55.73,1.21,6,0.83,944,1.43,0.62,2024-12-05,23.83,0.468
ITM11073,4,L21,349,29,6,9,33.03,1.6,0.85,65,3.02,178.73,1.82,5,0.88,200,10.57,0.71,2024-03-07,10.21,0.577
ITM11074,2,L31,389,68,4,7,1.92,4.32,0.86,27,2.22,171.98,0.88,8,0.9,334,3.85,0.58,2024-05-01,155.58,0.499
ITM11075,3,L23,302,55,10,9,7.24,4.85,0.61,122,2.34,72.35,1.96,2,0.89,200,5.38,0.65,2024-05-29,44.03,0.544
ITM11076,2,L71,73,12,13,4,39.32,8.56,0.8,14,2.59,23.07,0.78,0,0.78,173,11.31,0.35,2024-05-13,262.94,0.699
ITM11077,2,L10,197,64,7,4,48.43,7.71,0.54,121,0.83,198.48,1.54,6,0.94,789,11.8,0.24,2024-06-10,149.42,0.519
ITM11078,4,L21,438,21,8,7,16.68,6.21,0.96,161,1.74,139.33,0.68,8,0.98,321,5.84,0.48,2024-07-20,77.99,0.542
ITM11079,1,L1,263,49,13,9,2.82,3.8,0.27,124,4.33,186.05,0.3,5,0.79,920,2.25,0.57,2024-12-24,58.78,0.572
ITM11080,3,L53,360,75,9,7,18.68,2.28,0.92,175,3.85,74.96,1.68,9,0.71,389,11.78,0.92,2024-06-16,252.37,0.535
ITM11081,4,L58,146,87,12,6,1.86,3.8,0.33,76,3.04,133.06,1.55,1,0.97,778,13.18,0.53,2024-06-11,218.43,0.701
ITM11082,1,L89,428,25,3,5,10.43,6.96,0.19,79,2.66,138.15,1.66,7,0.98,708,14.5,0.55,2024-08-19,218.21,0.593
ITM11083,1,L77,431,92,10,7,37.87,3.0,0.5,61,1.67,175.85,0.67,8,0.72,779,5.45,0.74,2024-05-19,34.74,0.538
ITM11084,5,L61,386,43,6,3,46.92,4.56,0.65,136,2.62,198.68,1.44,9,0.7,657,2.73,0.37,2024-04-29,191.11,0.326
ITM11085,3,L38,290,53,11,4,5.29,4.17,0.31,176,3.19,30.65,0.52,7,0.94,496,14.13,0.9,2024-02-08,262.15,0.764
ITM11086,1,L5,151,15,3,5,28.34,7.77,0.6,163,3.71,129.91,0.12,8,0.79,611,6.6,0.54,2024-04-13,232.11,0.582
ITM11087,4,L30,112,86,13,2,13.44,8.9,0.83,74,1.25,73.92,1.75,0,0.97,506,2.31,0.94,2024-03-10,44.27,0.638
ITM11088,5,L37,398,73,4,6,7.81,7.14,0.33,89,4.16,164.22,1.09,2,0.77,604,7.98,0.42,2024-10-26,285.29,0.595
ITM11089,3,L91,92,31,8,9,11.73,3.75,0.62,122,2.06,153.29,1.97,2,0.96,580,3.67,0.57,2024-02-25,30.22,0.518
ITM11090,2,L37,430,27,13,5,29.31,4.62,0.41,120,2.76,179.58,0.83,8,0.72,162,5.97,0.82,2024-03-20,171.5,0.545
ITM11091,4,L90,429,21,12,7,4.19,1.86,0.58,62,3.24,75.3,1.92,2,0.78,938,5.48,0.64,2024-02-24,284.05,0.525
ITM11092,1,L59,422,61,13,4,22.28,2.1,0.7,146,2.7,45.06,1.27,9,0.99,774,14.82,0.73,2024-03-25,248.45,0.635
ITM11093,1,L10,267,60,3,4,7.63,2.06,0.42,142,3.07,14.14,1.07,0,0.77,579,9.95,0.42,2024-08-18,207.44,0.664
ITM11094,4,L88,367,80,6,4,14.36,1.74,1.0,125,1.0,58.55,0.68,2,0.74,695,7.89,0.46,2024-08-26,258.34,0.637
ITM11095,1,L30,292,57,10,5,10.35,2.21,0.61,81,2.44,79.76,1.67,1,0.96,852,8.19,0.61,2024-06-09,205.25,0.636
ITM11096,5,L34,62,28,12,4,44.27,2.43,0.84,30,1.76,189.75,1.67,8,0.74,575,9.46,0.36,2024-07-27,25.94,0.419
ITM11097,3,L81,396,15,7,7,35.69,1.56,0.75,112,0.89,103.36,0.89,0,0.73,113,13.22,0.3,2024-03-02,111.75,0.693
ITM11098,5,L76,60,93,11,9,43.55,6.58,0.87,116,1.36,115.72,1.48,1,0.8,442,3.04,0.88,2024-10-01,133.87,0.609
ITM11099,1,L85,189,36,13,5,19.79,9.91,0.26,72,3.21,177.22,0.95,0,0.89,724,9.39,0.82,2024-07-02,168.45,0.772
ITM11100,2,L26,453,62,13,4,16.36,8.85,0.3,157,1.39,178.16,1.51,8,0.91,819,5.51,0.95,2024-04-16,76.6,0.534
ITM11101,3,L55,231,57,8,2,19.65,0.93,0.54,159,1.31,110.3,1.99,6,0.96,548,9.0,0.67,2024-08-19,265.54,0.527
ITM11102,3,L15,187,16,3,2,1.91,4.52,0.87,86,2.99,31.6,0.6,0,0.86,567,8.25,0.54,2024-06-06,76.32,0.73
ITM11103,4,L70,58,68,8,3,36.51,8.66,0.28,84,4.57,61.4,1.3,9,0.82,404,1.42,0.28,2024-08-25,200.7,0.329
ITM11104,4,L29,388,78,8,4,18.14,1.78,0.97,167,4.05,96.81,0.82,5,0.81,682,9.15,0.88,2024-05-15,264.22,0.678
ITM11105,2,L83,264,20,8,4,16.35,8.55,0.21,72,4.57,152.72,1.14,4,0.95,202,10.93,0.57,2024-03-02,222.52,0.656
ITM11106,3,L20,170,24,10,5,30.31,6.13,0.26,76,3.12,145.22,1.76,9,0.92,378,4.44,0.65,2024-02-16,49.44,0.417
ITM11107,2,L35,130,73,8,5,22.38,9.35,0.25,45,2.34,132.11,0.76,4,0.97,739,2.5,0.45,2024-03-21,285.9,0.561
ITM11108,4,L19,499,12,7,8,49.06,8.82,0.63,143,3.78,177.25,0.24,3,0.99,528,3.96,0.62,2024-12-17,36.66,0.691
ITM11109,4,L10,455,78,13,9,18.46,6.93,0.93,46,1.68,162.5,1.62,2,0.79,440,9.91,0.83,2024-06-04,68.02,0.654
ITM11110,3,L8,66,32,4,4,31.08,6.75,0.33,102,0.85,196.6,1.15,7,0.86,624,7.56,0.77,2024-12-26,50.38,0.572
ITM11111,5,L22,82,62,6,3,16.27,2.53,0.6,84,2.05,178.94,0.95,6,0.89,461,13.11,0.99,2024-12-22,203.41,0.736
ITM11112,1,L40,244,46,12,9,49.54,1.61,0.26,175,1.85,47.17,0.45,4,0.75,307,4.99,0.6,2024-11-04,244.15,0.612
ITM11113,4,L77,385,18,7,4,22.81,4.45,0.67,124,3.54,20.95,0.28,8,0.72,626,6.11,0.62,2024-01-21,79.02,0.561
ITM11114,4,L96,88,24,12,9,32.07,2.27,0.21,162,2.98,88.76,0.63,6,0.96,918,8.39,0.24,2024-04-20,293.98,0.569
ITM11115,5,L73,318,12,6,7,7.21,1.47,0.54,86,1.12,127.33,1.47,9,0.86,556,7.44,0.51,2024-06-16,50.38,0.446
ITM11116,5,L37,451,79,4,5,36.92,3.37,0.69,170,4.59,132.19,0.88,1,0.87,748,8.67,0.94,2024-03-16,101.6,0.77
ITM11117,2,L57,309,26,9,4,14.19,8.67,0.62,22,3.17,60.83,1.18,6,0.87,969,5.37,0.48,2024-02-16,152.19,0.504
ITM11118,2,L16,315,35,12,9,22.98,0.66,0.23,47,2.56,173.38,0.26,6,0.93,788,3.33,0.81,2024-12-30,244.57,0.646
ITM11119,1,L60,222,30,12,5,44.27,3.28,0.25,157,4.72,72.56,0.33,3,0.74,760,12.25,0.98,2024-05-07,119.2,0.814
ITM11120,1,L89,80,81,4,4,48.56,4.53,0.7,26,0.94,184.63,0.12,7,0.88,343,1.55,0.3,2024-07-01,62.17,0.505
ITM11121,3,L39,453,30,3,6,21.8,5.35,0.83,132,4.05,99.6,1.38,3,0.84,812,6.18,0.47,2024-07-21,144.83,0.546
ITM11122,2,L90,470,20,7,5,41.91,2.22,0.92,123,2.14,11.97,0.6,6,0.97,526,2.22,0.58,2024-09-19,148.18,0.56
ITM11123,4,L52,337,47,14,9,3.61,9.66,0.83,161,3.63,40.79,1.94,3,0.86,879,11.31,0.39,2024-01-26,14.7,0.547
ITM11124,2,L35,333,81,3,3,42.53,6.0,0.98,35,4.69,29.44,0.69,7,0.98,754,6.12,0.21,2024-12-12,16.06,0.511
ITM11125,4,L65,180,97,3,6,31.85,5.46,0.47,177,2.83,18.36,0.79,2,0.81,557,1.42,0.57,2024-06-02,90.52,0.576
ITM11126,5,L70,350,44,3,7,24.95,0.58,0.4,41,0.6,145.66,0.99,1,0.99,168,2.06,0.63,2024-05-13,224.95,0.632
ITM11127,2,L64,35,23,8,4,44.61,5.11,0.13,174,0.63,46.54,0.71,9,0.96,740,3.78,0.7,2024-03-30,116.14,0.531
ITM11128,5,L57,357,23,11,8,42.42,8.46,0.5,95,1.99,169.34,1.65,5,0.88,527,12.02,0.86,2024-01-16,71.25,0.643
ITM11129,1,L11,113,19,12,7,15.55,2.59,0.69,107,4.02,60.25,1.76,6,0.81,613,12.19,0.4,2024-07-26,42.76,0.509
ITM11130,1,L77,323,21,13,5,39.78,3.84,0.83,100,1.8,16.14,0.12,6,0.81,671,14.95,0.25,2024-08-19,91.35,0.679
ITM11131,3,L6,157,47,14,6,5.88,0.7,0.34,130,2.01,165.93,1.34,5,0.93,785,4.37,0.27,2024-10-11,149.62,0.464
ITM11132,2,L56,357,43,3,7,41.32,9.78,0.56,66,4.03,98.57,1.4,7,0.87,891,1.85,0.6,2024-10-08,37.08,0.439
ITM11133,5,L95,57,50,7,3,34.1,1.13,0.7,116,1.02,123.91,1.93,5,0.82,659,4.96,0.94,2024-05-07,14.33,0.525
ITM11134,4,L42,146,19,11,8,5.31,9.03,0.6,31,4.31,73.88,0.8,5,0.89,368,3.5,0.99,2024-02-18,46.92,0.643
ITM11135,1,L78,294,26,11,5,34.47,3.47,0.35,121,1.7,18.75,0.47,2,0.92,444,10.95,0.36,2024-08-24,224.01,0.715
ITM11136,1,L33,183,26,3,6,29.45,6.08,0.82,94,0.73,80.33,1.09,1,0.71,97,14.57,0.32,2024-02-22,145.23,0.671
ITM11137,4,L4,462,76,10,7,30.13,6.95,0.26,89,1.03,108.47,0.95,6,0.73,662,4.82,0.48,2024-03-12,139.1,0.491
ITM11138,5,L12,338,71,3,6,15.25,1.84,0.91,82,4.79,12.22,1.6,5,0.73,487,5.6,0.57,2024-03-03,15.73,0.475
ITM11139,5,L30,96,10,10,6,14.06,4.72,0.96,86,2.53,119.12,1.82,0,0.77,524,5.92,0.85,2024-01-07,216.17,0.621
ITM11140,2,L87,193,21,3,7,38.36,3.59,0.43,83,1.65,179.68,0.26,1,0.83,995,13.0,0.82,2024-02-01,68.55,0.857
ITM11141,2,L74,406,13,14,2,13.58,1.04,0.44,136,2.85,51.39,1.71,1,0.94,801,9.09,0.94,2024-04-23,36.35,0.706
ITM11142,3,L76,477,51,7,4,22.87,8.42,0.77,130,3.57,186.09,1.83,0,0.81,635,14.64,0.89,2024-03-07,254.19,0.752
ITM11143,1,L3,377,22,10,9,35.04,0.93,0.51,94,1.93,28.55,1.86,2,0.71,599,9.78,0.55,2024-04-11,150.83,0.556
ITM11144,2,L98,340,94,8,5,4.9,6.71,0.13,179,3.76,166.83,1.55,4,0.85,777,10.88,0.22,2024-07-24,227.19,0.524
ITM11145,5,L87,395,95,11,5,30.13,3.48,0.93,177,1.64,169.66,1.51,3,1.0,185,2.25,0.39,2024-07-09,248.35,0.497
ITM11146,4,L35,110,13,3,8,29.88,2.33,0.49,159,1.01,58.97,0.13,1,0.8,567,14.32,0.69,2024-12-17,289.74,0.856
ITM11147,5,L74,257,91,11,8,34.53,6.84,0.28,91,2.97,191.99,1.85,7,0.99,808,9.79,0.6,2024-11-18,190.87,0.524
ITM11148,1,L6,283,78,3,8,19.13,5.96,0.6,30,1.18,89.15,0.77,8,0.73,373,8.28,0.39,2024-11-26,29.8,0.497
ITM11149,5,L98,198,28,12,5,23.0,3.49,0.3,151,4.73,36.84,0.18,7,0.75,246,6.42,0.31,2024-02-13,171.73,0.54
ITM11150,3,L97,228,11,12,6,17.17,5.37,0.29,83,0.5,122.43,0.88,6,0.92,951,2.08,0.37,2024-10-25,157.76,0.478
ITM11151,1,L23,92,21,5,8,40.6,2.84,0.59,18,3.9,199.36,1.49,9,0.85,160,2.87,0.41,2024-10-27,26.69,0.361
ITM11152,4,L61,409,90,3,7,7.4,8.71,0.45,155,1.76,180.87,0.94,1,0.93,849,1.16,0.89,2024-05-12,98.83,0.665
ITM11153,3,L67,126,83,5,4,48.18,3.48,0.62,22,4.31,62.93,1.54,5,0.96,599,14.98,0.77,2024-02-08,129.53,0.692
ITM11154,1,L84,364,15,14,3,32.11,2.83,1.0,26,0.77,119.63,1.07,3,0.78,164,12.01,0.64,2024-01-12,56.68,0.677
ITM11155,4,L57,314,17,13,5,44.46,7.64,0.87,135,4.79,31.92,0.67,4,0.9,746,12.16,0.22,2024-02-03,12.54,0.639
ITM11156,3,L36,388,60,4,7,21.89,0.67,0.11,96,0.96,97.75,0.49,8,0.88,773,11.22,0.86,2024-04-11,229.52,0.689
ITM11157,3,L24,463,20,4,4,17.28,3.05,0.15,162,4.05,109.38,0.9,8,0.96,537,7.78,0.64,2024-11-26,256.97,0.574
ITM11158,1,L75,303,72,11,4,45.14,4.07,0.65,25,2.83,69.9,0.17,3,0.83,414,2.23,0.7,2024-08-15,76.44,0.659
ITM11159,2,L56,372,66,10,2,5.84,8.88,0.66,33,2.44,102.0,0.9,7,0.72,533,2.01,0.25,2024-03-06,11.1,0.391
ITM11160,3,L82,201,21,3,9,6.74,9.53,0.89,84,1.76,184.79,0.23,4,0.87,816,13.83,0.85,2024-02-17,268.08,0.825
ITM11161,3,L63,56,82,14,7,15.67,7.31,0.67,160,4.29,105.03,1.77,8,0.99,881,1.0,0.87,2024-06-18,48.85,0.448
ITM11162,4,L12,156,11,6,5,48.03,5.18,0.3,178,1.4,167.89,1.19,1,0.7,359,10.79,0.91,2024-03-03,126.94,0.727
ITM11163,5,L61,357,17,3,8,32.02,6.59,0.52,112,3.75,70.3,1.33,3,0.77,162,9.8,0.62,2024-01-22,116.13,0.616
ITM11164,1,L45,75,20,3,6,28.16,4.43,0.83,95,2.51,194.57,0.65,2,0.79,319,8.02,0.52,2024-08-24,57.64,0.664
ITM11165,1,L53,206,62,14,8,35.56,3.34,0.93,170,4.99,27.76,0.53,6,0.93,369,14.65,0.26,2024-01-26,183.66,0.66
ITM11166,2,L43,360,19,14,4,21.46,9.53,0.31,114,3.25,121.26,1.45,1,0.8,995,3.77,0.36,2024-03-27,276.38,0.517
ITM11167,2,L42,277,94,6,4,38.15,1.6,0.59,51,0.97,160.08,1.38,2,0.77,224,11.99,0.38,2024-10-20,158.98,0.612
ITM11168,1,L86,464,93,4,3,20.27,3.79,0.24,27,2.39,164.67,0.33,8,0.89,871,10.45,0.25,2024-08-09,292.14,0.574
ITM11169,2,L14,77,17,5,8,41.49,9.04,0.55,87,0.8,47.67,0.55,7,0.71,68,14.64,0.32,2024-07-21,65.32,0.606
ITM11170,4,L21,382,45,13,9,14.1,7.37,0.18,101,1.79,86.31,1.9,1,0.75,252,14.08,0.91,2024-09-11,256.07,0.71
ITM11171,1,L43,142,85,11,9,14.6,0.78,0.95,20,2.04,128.6,0.68,5,0.82,984,2.8,0.64,2024-01-16,84.5,0.561
ITM11172,2,L53,207,23,4,2,26.6,0.72,0.67,161,4.34,70.02,0.15,2,0.81,175,5.31,0.81,2024-07-14,82.66,0.74
ITM11173,1,L89,249,63,6,9,22.11,5.41,0.87,173,4.27,135.08,0.22,5,0.8,516,12.91,0.42,2024-12-15,44.13,0.694
ITM11174,5,L64,187,94,3,4,32.76,5.1,1.0,135,0.55,81.97,1.57,4,0.73,303,4.2,0.31,2024-08-06,260.45,0.427
ITM11175,3,L37,439,95,4,4,18.85,4.71,0.26,106,2.9,76.66,1.54,9,0.81,877,6.3,0.5,2024-03-29,220.27,0.412
ITM11176,1,L85,133,30,7,9,12.3,3.37,0.72,62,1.51,30.53,0.83,3,0.94,978,9.76,0.83,2024-06-30,109.08,0.741
ITM11177,3,L52,271,59,12,6,24.02,9.87,0.9,92,1.94,17.46,0.39,6,0.82,816,8.88,0.44,2024-04-19,111.33,0.611
ITM11178,2,L98,126,48,3,6,28.49,3.08,0.62,56,0.6,168.7,1.05,9,0.88,849,9.97,0.36,2024-04-05,254.99,0.496
ITM11179,3,L71,56,29,13,9,7.99,5.16,0.68,61,3.87,103.01,0.73,6,0.75,341,10.99,0.22,2024-05-20,279.0,0.548
ITM11180,1,L5,354,97,9,3,28.28,4.35,0.47,66,4.78,116.95,0.81,3,0.72,201,11.2,0.7,2024-05-23,184.7,0.692
ITM11181,5,L59,111,96,6,7,16.64,2.12,0.71,84,1.49,80.72,0.6,2,0.96,988,11.33,0.55,2024-08-16,127.98,0.753
ITM11182,2,L12,37,16,8,3,20.23,2.42,0.46,160,2.04,35.98,0.22,3,0.8,248,14.88,0.41,2024-03-17,25.41,0.758
ITM11183,1,L41,373,18,10,3,14.69,9.22,0.53,68,1.43,95.42,1.6,1,0.81,248,5.99,0.62,2024-01-18,46.7,0.586
ITM11184,2,L33,82,10,8,9,46.64,8.65,0.19,78,4.69,53.5,1.27,3,0.96,863,1.62,0.76,2024-11-10,51.12,0.579
ITM11185,4,L42,169,35,4,6,34.48,2.39,0.11,95,0.54,169.16,1.69,3,0.91,736,5.88,0.4,2024-11-13,90.27,0.511
ITM11186,3,L15,158,47,3,8,13.86,8.82,0.15,179,3.13,197.49,1.06,4,0.93,502,13.76,0.69,2024-11-11,84.54,0.721
ITM11187,4,L99,205,47,10,8,32.61,2.49,0.27,155,4.42,178.93,1.97,0,0.9,831,2.17,0.41,2024-05-05,167.44,0.494
ITM11188,1,L52,204,70,10,9,42.58,6.45,0.51,80,1.34,110.37,1.93,1,0.73,990,10.06,0.99,2024-11-27,283.79,0.665
ITM11189,5,L66,224,53,11,8,20.68,1.27,0.12,42,3.15,129.35,0.62,7,0.99,229,6.92,0.79,2024-05-31,259.88,0.646
ITM11190,2,L1,279,95,8,7,41.67,8.86,0.24,12,0.73,190.14,0.84,7,0.97,267,13.9,0.68,2024-09-12,157.66,0.691
ITM11191,3,L85,233,53,14,6,8.57,0.99,0.8,37,4.17,112.35,1.53,7,0.77,679,14.0,0.34,2024-07-29,15.02,0.516
ITM11192,2,L70,275,83,3,9,41.32,5.77,0.79,10,1.73,131.33,1.58,4,0.94,867,11.99,0.67,2024-10-08,29.84,0.644
ITM11193,1,L60,154,71,11,2,27.47,7.91,0.81,135,4.95,129.55,1.83,7,0.82,882,2.38,0.84,2024-09-02,259.5,0.441
ITM11194,2,L53,80,15,14,5,11.93,1.61,0.93,122,4.65,144.54,1.34,8,0.91,894,1.35,0.79,2024-02-01,92.25,0.464
ITM11195,3,L7,382,26,5,5,20.95,4.34,0.21,56,3.8,131.65,1.0,3,0.75,369,2.91,0.82,2024-02-14,102.25,0.593
ITM11196,1,L25,329,60,13,9,49.41,0.9,0.25,46,2.74,137.43,0.82,3,0.86,72,5.51,0.45,2024-05-23,50.54,0.593
ITM11197,2,L67,107,47,8,9,39.39,6.99,0.4,95,3.95,147.92,0.9,6,0.74,686,4.38,0.46,2024-07-15,74.7,0.488
ITM11198,5,L47,343,33,12,2,29.18,3.42,0.92,57,1.09,163.73,1.72,4,0.86,133,6.18,0.63,2024-03-11,81.68,0.528
ITM11199,1,L80,495,60,12,8,6.64,5.81,0.8,117,1.9,86.58,1.96,9,0.77,760,3.0,0.42,2024-08-02,129.51,0.302
ITM11200,1,L97,226,19,13,5,21.47,9.36,0.39,28,0.62,151.71,0.2,0,0.84,375,11.54,0.29,2024-04-12,190.71,0.76
ITM11201,5,L64,148,81,14,7,13.89,3.41,0.18,151,3.4,29.04,1.2,7,0.9,748,12.83,0.57,2024-11-25,112.42,0.605
ITM11202,4,L81,330,30,11,9,4.48,0.96,0.65,92,4.12,176.48,1.09,3,0.96,378,7.83,0.2,2024-09-26,140.46,0.567
ITM11203,3,L57,22,79,13,6,27.57,6.92,0.33,74,4.76,65.11,0.81,7,0.75,653,14.39,0.81,2024-05-07,62.75,0.683
ITM11204,4,L98,481,94,5,5,44.57,7.97,0.58,35,3.59,86.66,1.72,1,0.97,379,2.68,0.8,2024-11-18,26.35,0.598
ITM11205,2,L7,441,66,7,7,34.1,9.6,0.95,147,3.79,162.69,1.19,3,0.82,743,2.48,0.64,2024-10-05,110.99,0.546
ITM11206,5,L27,261,48,7,6,13.23,2.0,0.62,108,4.53,131.03,0.69,1,0.95,788,3.81,0.8,2024-01-10,28.12,0.712
ITM11207,4,L35,140,97,12,9,29.11,4.23,0.93,86,4.71,68.64,0.94,4,0.85,760,14.75,0.7,2024-07-14,96.92,0.733
ITM11208,1,L71,404,42,9,7,47.22,8.52,0.45,79,2.71,52.83,0.78,9,0.96,522,6.83,0.76,2024-07-02,252.9,0.577
ITM11209,2,L17,121,68,6,2,36.42,8.17,0.67,52,0.99,191.97,0.92,9,0.9,527,13.94,0.25,2024-09-02,116.41,0.544
ITM11210,2,L37,57,27,13,9,34.78,6.44,0.9,79,2.6,26.68,0.24,7,0.85,284,3.83,0.91,2024-10-05,66.05,0.639
ITM11211,4,L57,360,65,6,3,48.44,3.06,0.63,68,3.0,10.82,0.31,6,0.79,971,12.85,0.72,2024-09-05,271.6,0.722
ITM11212,4,L90,432,66,9,2,40.14,3.2,0.65,12,3.34,137.86,1.29,4,0.99,605,5.34,0.69,2024-06-25,195.41,0.598
ITM11213,5,L63,152,85,11,5,7.69,1.68,0.74,142,4.95,126.75,1.4,6,0.94,637,11.28,0.51,2024-10-16,296.59,0.58
ITM11214,3,L16,221,57,13,6,18.03,9.26,0.89,94,4.63,150.15,1.31,4,0.81,702,14.64,0.22,2024-09-14,97.07,0.59
ITM11215,4,L4,367,51,6,7,48.29,2.14,0.18,104,2.28,149.01,1.55,6,0.75,743,14.06,0.92,2024-06-13,68.11,0.646
ITM11216,4,L81,40,36,6,5,25.0,5.94,0.4,87,1.01,174.02,1.89,3,0.93,168,12.64,0.99,2024-07-17,96.4,0.704
ITM11217,1,L78,261,83,8,5,6.47,6.05,0.46,110,1.47,185.2,1.74,3,1.0,89,1.7,0.85,2024-05-18,245.62,0.559
ITM11218,2,L31,474,61,8,9,23.47,4.01,0.92,92,1.28,157.25,0.9,9,0.78,309,9.51,0.93,2024-04-02,53.94,0.599
ITM11219,3,L91,470,51,9,3,35.15,3.85,0.96,174,2.1,54.14,0.51,3,0.97,998,12.7,0.3,2024-01-14,79.91,0.712
ITM11220,1,L21,128,41,3,8,49.88,6.85,0.21,93,4.44,98.06,0.69,7,0.74,805,6.59,0.3,2024-06-12,213.47,0.487
ITM11221,5,L40,322,35,13,5,16.87,4.19,0.21,130,2.47,131.93,1.22,0,0.99,690,11.24,0.9,2024-11-01,224.02,0.806
ITM11222,5,L71,103,34,5,3,26.19,2.92,0.94,144,3.05,112.48,1.73,9,0.92,55,2.93,0.25,2024-04-22,288.06,0.32
ITM11223,4,L2,102,84,11,6,44.1,4.29,0.37,62,1.31,40.19,1.43,4,0.8,360,3.47,0.27,2024-01-16,294.24,0.437
ITM11224,4,L71,310,32,8,6,18.41,8.17,0.32,123,2.72,121.96,1.13,9,0.79,115,10.01,0.85,2024-05-23,202.42,0.568
ITM11225,5,L53,471,66,8,7,6.35,9.68,0.13,15,4.43,178.44,1.24,1,0.89,423,7.12,0.65,2024-01-30,115.21,0.659
ITM11226,4,L12,88,61,7,8,47.5,6.54,0.35,144,3.98,89.52,1.1,9,0.88,780,4.06,0.51,2024-08-29,141.37,0.442
ITM11227,3,L29,148,96,13,3,24.93,7.93,0.72,27,0.87,137.1,1.95,3,0.98,195,4.96,0.64,2024-09-28,137.39,0.535
ITM11228,4,L15,215,40,5,2,25.64,5.56,0.48,63,4.38,127.03,1.65,4,0.93,283,9.66,0.9,2024-07-02,122.34,0.65
ITM11229,2,L60,159,73,13,6,31.44,6.44,0.57,136,1.73,81.64,1.58,7,0.86,78,11.16,0.81,2024-10-26,108.09,0.585
ITM11230,4,L16,463,80,7,9,1.17,9.89,0.93,166,3.5,117.4,1.08,1,0.98,870,3.91,0.75,2024-04-29,58.69,0.67
ITM11231,1,L83,302,42,3,8,46.63,4.66,0.2,34,1.16,49.94,0.73,1,0.88,722,14.37,0.98,2024-03-22,116.19,0.871
ITM11232,3,L20,331,94,5,7,18.71,1.13,0.16,72,3.54,113.76,0.14,1,0.95,692,1.11,0.62,2024-02-21,291.08,0.695
ITM11233,1,L64,253,11,6,2,20.45,9.59,0.87,124,0.66,161.78,0.18,7,0.95,709,10.8,0.21,2024-05-06,265.83,0.618
ITM11234,1,L92,42,27,7,6,9.53,8.03,0.8,150,3.2,154.2,0.16,2,0.98,949,5.07,0.54,2024-12-02,189.02,0.716
ITM11235,2,L38,172,56,12,6,19.53,4.28,0.34,169,3.41,78.01,1.96,4,0.72,643,7.7,0.28,2024-05-03,65.91,0.427
ITM11236,3,L66,296,42,11,7,40.39,9.83,0.39,164,1.6,31.3,0.32,1,0.88,953,8.98,0.29,2024-05-16,264.81,0.702
ITM11237,3,L91,80,93,6,7,40.2,3.78,0.38,60,4.72,161.99,0.37,5,0.84,519,8.86,0.4,2024-09-30,100.44,0.629
ITM11238,3,L35,338,44,5,4,46.85,4.04,0.68,171,0.71,60.36,1.02,9,0.85,410,11.87,0.51,2024-01-29,168.26,0.548
ITM11239,3,L54,397,60,12,9,20.76,6.29,0.16,37,4.51,20.08,1.01,5,0.84,903,12.53,0.59,2024-04-22,274.42,0.652
ITM11240,3,L62,71,27,3,5,35.73,3.11,0.54,82,2.22,94.59,1.85,1,0.95,644,2.03,0.34,2024-10-21,107.06,0.48
ITM11241,2,L61,363,97,12,5,25.85,7.14,0.22,81,3.71,150.5,0.24,3,0.8,973,10.84,0.45,2024-07-17,274.87,0.711
ITM11242,4,L32,172,81,8,2,40.4,1.95,0.84,94,3.43,163.61,1.92,1,0.84,634,6.59,0.42,2024-06-30,78.19,0.528
ITM11243,1,L59,256,39,9,5,35.91,1.53,0.44,119,1.26,196.62,0.51,9,0.76,404,12.46,0.49,2024-03-29,279.32,0.585
ITM11244,3,L71,330,53,12,2,19.03,5.58,0.57,39,1.94,45.99,1.94,3,0.78,775,9.52,0.29,2024-03-31,114.01,0.487
ITM11245,4,L19,321,62,10,8,17.5,5.78,0.13,18,2.88,65.82,1.13,6,0.9,75,1.14,0.52,2024-05-01,118.63,0.466
ITM11246,4,L50,51,19,14,6,13.37,1.51,0.15,150,4.31,125.8,1.34,4,0.74,339,10.33,0.64,2024-10-30,170.37,0.6
ITM11247,1,L25,74,96,3,4,29.25,9.66,0.71,91,4.8,164.16,0.7,9,0.76,120,13.96,0.28,2024-06-11,110.64,0.544
ITM11248,2,L77,371,61,14,4,48.23,5.95,0.79,73,0.59,54.47,1.26,3,0.86,911,2.16,0.62,2024-12-23,140.49,0.539
ITM11249,5,L66,408,58,6,9,10.8,1.93,0.74,47,2.09,87.88,1.45,9,0.71,738,7.92,0.8,2024-07-02,155.38,0.483
ITM11250,5,L96,55,20,13,9,5.67,3.46,0.76,128,3.51,87.6,0.12,9,0.74,138,9.76,0.21,2024-10-29,152.4,0.528
ITM11251,4,L18,129,75,7,6,6.85,8.1,0.19,31,2.87,156.86,0.17,2,0.96,226,3.74,0.24,2024-01-15,288.72,0.633
ITM11252,1,L9,196,67,4,7,39.37,5.47,0.72,168,4.74,55.78,1.97,5,0.95,76,10.11,0.57,2024-12-26,91.72,0.542
ITM11253,5,L36,381,99,3,9,18.16,2.29,0.26,108,0.58,194.06,0.97,1,0.8,338,1.7,0.9,2024-12-24,92.53,0.646
ITM11254,4,L99,333,45,10,9,11.99,1.48,0.19,179,2.47,106.99,1.88,3,0.8,889,13.68,1.0,2024-06-29,253.0,0.694
ITM11255,2,L54,314,42,8,3,18.29,4.59,0.78,115,3.51,63.59,1.49,7,0.98,866,11.68,0.27,2024-10-17,123.68,0.517
ITM11256,5,L44,355,56,7,3,32.62,3.71,0.9,73,1.48,64.01,0.81,1,0.71,624,14.17,0.21,2024-10-15,31.23,0.672
ITM11257,4,L65,116,22,11,5,27.79,6.73,0.75,18,3.77,13.48,0.39,8,0.87,977,6.86,0.38,2024-03-13,149.56,0.542
ITM11258,4,L35,388,49,13,7,37.44,9.29,0.83,135,0.87,141.56,1.96,1,0.88,580,1.48,0.57,2024-10-15,169.57,0.494
ITM11259,3,L1,232,98,13,2,17.61,2.85,0.99,104,2.53,157.43,1.21,7,0.94,533,5.78,0.66,2024-04-06,189.13,0.536
ITM11260,2,L37,336,77,4,8,23.15,8.62,0.22,177,3.54,16.16,0.47,7,0.99,483,8.22,0.98,2024-09-09,78.18,0.717
ITM11261,3,L93,156,51,12,4,6.0,9.24,0.97,97,1.7,121.33,1.4,6,0.81,542,14.1,0.91,2024-10-04,292.25,0.672
ITM11262,1,L39,25,28,14,5,4.58,9.07,0.64,178,0.83,158.52,0.27,9,0.83,327,13.36,0.65,2024-06-07,223.74,0.667
ITM11263,3,L76,128,91,10,9,23.65,9.54,0.83,122,4.81,81.49,1.75,5,0.9,395,9.32,0.49,2024-03-30,218.84,0.527
ITM11264,3,L75,54,28,13,6,15.78,8.5,0.69,81,4.61,92.22,0.27,0,0.99,628,11.22,0.46,2024-09-08,263.13,0.813
ITM11265,5,L85,58,67,12,7,31.03,6.14,0.61,59,4.67,78.71,0.55,1,0.97,287,14.35,0.66,2024-01-20,17.58,0.842
ITM11266,4,L63,169,32,11,9,3.11,4.39,0.73,157,4.9,69.97,0.27,6,0.9,186,12.91,0.78,2024-02-16,187.81,0.761
ITM11267,2,L20,444,63,3,4,6.97,5.17,0.39,90,1.33,103.32,0.3,3,0.96,212,10.22,0.59,2024-01-29,247.17,0.756
ITM11268,3,L58,137,89,9,2,43.39,8.79,0.93,179,1.21,41.56,1.1,8,0.73,888,8.56,0.44,2024-04-29,19.97,0.478
ITM11269,2,L69,280,74,10,2,28.75,3.36,0.2,42,0.65,93.73,1.41,2,0.81,896,7.66,0.69,2024-11-04,229.28,0.621
ITM11270,3,L62,445,21,5,3,35.89,2.01,0.39,72,4.51,188.95,1.6,3,0.7,949,11.59,0.65,2024-04-22,297.01,0.605
ITM11271,1,L45,106,33,6,5,42.26,1.84,0.13,114,3.89,15.21,1.42,2,0.75,342,12.32,0.54,2024-01-11,182.09,0.64
ITM11272,3,L43,484,43,5,9,23.73,8.36,0.34,108,3.35,41.3,0.79,6,0.89,77,4.05,0.8,2024-09-26,133.16,0.593
ITM11273,5,L71,95,62,9,6,38.29,7.73,0.3,15,4.67,157.76,1.16,1,0.97,305,7.64,0.43,2024-09-01,141.55,0.646
ITM11274,4,L98,490,17,11,4,26.7,5.23,0.14,144,3.09,35.09,1.86,9,0.89,954,11.8,0.59,2024-01-01,207.05,0.487
ITM11275,1,L70,483,27,5,9,11.91,3.11,0.54,18,1.08,61.54,0.84,1,0.9,852,10.46,0.95,2024-06-18,175.29,0.805
ITM11276,3,L49,470,66,8,8,17.55,6.94,0.52,110,1.3,96.42,0.58,1,0.73,673,9.28,0.78,2024-11-10,238.4,0.748
ITM11277,2,L59,433,14,10,2,25.03,0.87,0.17,70,1.09,189.2,1.09,3,0.9,801,5.53,0.51,2024-04-13,132.27,0.587
ITM11278,1,L42,332,35,8,9,16.53,5.9,0.34,171,1.88,44.87,0.66,7,0.84,804,9.53,0.64,2024-03-07,131.02,0.617
ITM11279,1,L25,402,39,4,4,17.44,4.29,0.96,172,2.21,185.39,0.6,7,0.9,714,9.57,0.52,2024-06-23,226.33,0.612
ITM11280,3,L90,233,63,9,6,17.53,9.79,0.2,108,4.09,146.52,1.58,7,0.8,314,7.05,0.29,2024-03-31,197.2,0.414
ITM11281,1,L31,476,22,4,4,7.02,5.32,0.37,157,1.36,137.52,1.79,7,0.87,613,14.44,0.47,2024-06-14,235.65,0.542
ITM11282,2,L74,304,92,4,5,5.15,5.75,0.13,67,3.76,147.47,1.05,6,0.83,530,10.14,0.89,2024-01-31,267.28,0.654
ITM11283,1,L50,258,38,4,3,3.28,7.27,0.23,69,2.71,15.94,1.58,5,0.87,450,12.91,0.57,2024-01-12,86.39,0.602
ITM11284,2,L30,184,12,13,4,6.44,5.1,0.73,44,5.0,28.79,0.46,6,0.74,509,2.81,0.67,2024-03-16,101.36,0.553
ITM11285,3,L100,106,99,3,7,17.84,2.63,0.43,56,3.99,73.62,1.14,4,0.82,826,11.59,0.35,2024-10-27,162.82,0.595
ITM11286,4,L53,160,67,13,9,30.1,5.6,0.51,55,4.86,24.05,1.31,7,0.81,615,9.43,0.48,2024-12-26,279.83,0.513
ITM11287,1,L6,179,85,3,3,10.22,9.47,0.24,96,2.04,197.64,1.03,1,0.92,182,5.32,0.94,2024-03-13,252.06,0.72
ITM11288,4,L41,65,11,9,6,44.51,4.39,0.71,13,1.05,120.28,0.32,4,0.91,240,2.91,0.45,2024-02-26,145.85,0.599
ITM11289,2,L96,391,84,14,3,40.61,6.96,0.78,19,2.78,102.6,1.49,6,0.97,173,6.32,0.4,2024-09-26,176.2,0.489
ITM11290,1,L61,131,37,7,4,26.51,9.79,0.26,116,1.06,159.25,1.69,8,0.89,480,7.18,0.24,2024-07-05,216.57,0.393
ITM11291,5,L91,426,91,13,4,36.49,8.38,0.14,84,2.72,195.62,1.31,9,0.79,267,2.97,0.28,2024-02-07,161.58,0.343
ITM11292,4,L49,64,86,5,7,18.95,6.76,0.17,49,1.71,191.47,0.42,0,0.93,926,10.38,0.67,2024-07-10,38.55,0.816
ITM11293,1,L50,420,95,3,2,2.8,7.49,0.69,136,2.71,160.68,0.24,8,0.85,452,5.3,0.73,2024-12-26,112.29,0.603
ITM11294,4,L85,266,85,13,9,45.31,9.4,0.22,128,4.77,81.66,0.67,2,0.76,371,12.28,0.71,2024-12-05,23.81,0.751
ITM11295,1,L84,123,11,12,7,7.26,9.62,0.54,82,1.8,22.53,0.17,0,0.92,350,10.08,0.63,2024-07-21,204.26,0.827
ITM11296,3,L20,104,16,8,4,47.45,9.71,0.24,49,4.97,28.69,1.69,6,0.74,120,5.35,0.59,2024-10-27,107.77,0.448
ITM11297,4,L64,469,35,13,8,29.02,6.44,0.25,105,1.53,10.22,1.44,2,0.75,263,6.04,0.26,2024-02-21,224.13,0.499
ITM11298,5,L5,153,99,3,3,15.97,4.15,0.1,32,1.44,10.36,1.17,7,0.93,923,14.19,0.87,2024-06-21,134.62,0.692
ITM11299,5,L17,127,97,11,7,25.28,1.76,0.39,152,2.95,187.92,1.79,1,0.93,594,14.27,0.61,2024-06-03,23.22,0.699
ITM11300,2,L65,37,85,4,7,25.58,4.16,0.18,124,4.29,186.13,0.31,3,0.94,423,6.86,0.31,2024-06-14,120.09,0.65
ITM11301,1,L76,113,25,3,9,2.14,9.46,0.45,125,3.87,136.84,1.46,1,0.79,385,10.51,0.31,2024-03-10,73.42,0.594
ITM11302,4,L43,169,32,14,8,18.42,8.95,0.64,142,3.76,148.07,0.38,3,0.96,220,14.72,0.61,2024-03-21,72.14,0.812
ITM11303,2,L13,265,49,9,8,37.25,5.47,0.43,177,1.77,107.51,0.22,0,0.92,393,14.92,0.4,2024-08-11,119.51,0.841
ITM11304,4,L57,308,69,8,8,25.99,5.6,0.73,155,0.6,55.19,0.35,9,0.95,505,2.01,0.94,2024-11-23,293.71,0.59
ITM11305,1,L13,433,82,8,9,12.97,3.43,0.77,30,1.23,183.73,1.91,4,0.91,911,8.75,0.6,2024-09-06,288.42,0.548
ITM11306,5,L68,228,41,7,2,17.42,4.82,0.73,12,2.07,62.76,0.94,2,0.87,459,11.17,0.98,2024-11-28,243.0,0.785
ITM11307,3,L59,145,24,13,4,43.29,7.29,0.94,55,4.87,150.54,0.19,8,0.73,350,3.62,0.79,2024-06-11,81.19,0.573
ITM11308,5,L2,254,22,6,4,26.75,4.32,0.31,99,4.64,56.63,1.21,3,0.91,545,12.51,0.85,2024-03-30,231.54,0.738
ITM11309,2,L93,435,14,13,6,26.89,2.29,0.27,88,1.4,175.33,0.48,5,0.91,340,7.56,0.51,2024-12-28,14.46,0.637
ITM11310,3,L19,445,84,6,9,48.11,5.64,0.65,136,3.77,133.74,0.11,8,0.79,798,7.97,0.31,2024-10-14,26.34,0.555
ITM11311,2,L53,481,83,5,2,16.72,2.64,0.64,62,3.11,132.11,1.54,1,0.92,898,4.84,0.75,2024-12-21,252.36,0.625
ITM11312,1,L84,141,61,12,6,24.5,9.76,0.56,157,0.72,28.5,0.39,6,0.87,486,5.2,0.53,2024-11-10,173.63,0.59
ITM11313,3,L20,157,86,10,6,40.77,4.21,0.1,30,2.17,89.7,1.89,2,0.87,151,2.18,0.96,2024-07-01,118.26,0.566
ITM11314,2,L10,134,50,9,6,38.19,9.14,0.6,99,2.69,109.73,1.23,0,0.81,59,14.04,0.35,2024-04-24,224.73,0.696
ITM11315,1,L61,439,62,11,9,14.02,2.64,0.94,122,3.5,65.87,0.27,8,0.74,90,6.35,0.7,2024-12-06,43.17,0.586
ITM11316,5,L34,181,59,3,5,8.4,2.3,0.4,60,1.83,177.39,0.51,8,0.77,419,3.27,0.89,2024-10-28,93.14,0.565
ITM11317,1,L44,220,24,9,6,35.33,6.36,0.97,162,4.7,169.16,1.26,3,0.93,175,2.99,0.52,2024-03-30,221.01,0.544
ITM11318,4,L80,253,16,12,7,13.63,7.9,0.42,77,2.53,103.79,0.74,8,0.78,834,6.7,0.96,2024-07-12,70.08,0.603
ITM11319,1,L89,47,49,6,3,46.21,5.88,0.23,125,1.62,74.61,1.11,6,0.7,432,9.85,0.26,2024-06-06,184.19,0.492
ITM11320,1,L51,30,37,9,7,7.33,2.68,0.46,147,1.92,162.29,1.62,3,1.0,376,11.89,0.67,2024-12-18,139.82,0.671
ITM11321,4,L84,225,41,14,7,16.6,0.86,0.55,92,3.88,47.41,1.61,1,0.76,499,13.94,0.82,2024-05-30,68.69,0.721
ITM11322,2,L11,186,24,3,4,3.68,6.37,0.67,104,3.38,23.59,1.43,4,0.9,572,9.9,0.36,2024-03-06,267.63,0.561
ITM11323,2,L43,266,94,7,5,35.46,1.74,0.55,146,3.84,18.68,1.78,7,0.98,880,6.89,0.25,2024-03-31,136.3,0.42
ITM11324,1,L87,66,79,5,9,44.67,3.76,0.58,38,1.82,17.35,0.48,9,0.88,756,6.91,0.26,2024-01-01,183.66,0.492
ITM11325,4,L69,265,74,7,6,32.16,6.92,0.12,174,1.97,102.89,0.44,9,0.94,991,9.04,0.46,2024-12-25,83.38,0.577
ITM11326,4,L49,146,13,6,4,46.95,1.43,0.33,119,2.29,58.51,1.62,5,0.99,581,8.53,0.38,2024-10-20,110.57,0.526
ITM11327,5,L41,166,20,4,2,7.3,1.71,0.38,80,1.35,141.17,0.71,4,0.96,958,9.97,0.38,2024-07-19,24.21,0.65
ITM11328,2,L81,137,35,13,2,5.3,1.09,0.99,47,3.61,134.24,1.07,3,0.87,322,8.05,0.57,2024-10-17,150.13,0.628
ITM11329,3,L92,418,70,6,9,42.08,9.96,0.37,136,1.98,112.98,1.51,5,0.81,551,1.83,0.27,2024-01-17,110.01,0.389
ITM11330,2,L98,401,46,5,4,42.92,4.18,0.91,81,1.97,77.04,0.85,2,0.84,796,8.01,1.0,2024-04-03,105.53,0.75
ITM11331,2,L63,431,32,3,3,41.72,9.11,0.37,68,1.71,171.59,0.35,1,0.95,536,1.32,0.76,2024-11-04,268.08,0.705
ITM11332,5,L70,171,94,14,9,40.15,3.29,0.19,37,2.54,144.84,1.39,0,0.96,977,3.53,0.22,2024-06-11,214.12,0.544
ITM11333,3,L5,91,49,12,4,18.75,7.66,0.32,165,3.97,61.59,1.65,8,0.95,276,6.42,0.75,2024-11-09,142.61,0.501
ITM11334,5,L80,382,86,10,4,11.66,2.58,0.35,55,4.26,105.32,0.12,0,0.88,276,8.72,0.83,2024-04-23,66.65,0.846
ITM11335,3,L9,156,32,7,5,46.51,5.23,0.98,80,4.12,39.69,1.17,3,0.84,915,3.59,0.35,2024-11-23,292.24,0.509
ITM11336,1,L31,194,25,6,9,16.04,8.33,0.71,47,3.3,72.47,0.99,5,0.79,390,4.87,0.87,2024-10-16,31.68,0.598
ITM11337,3,L81,308,70,12,2,20.52,8.26,0.94,126,1.76,199.46,0.59,8,0.7,321,6.24,0.69,2024-02-23,49.47,0.542
ITM11338,5,L88,465,77,14,2,35.28,8.05,0.85,117,3.81,52.53,0.41,3,0.93,840,3.76,0.86,2024-09-11,88.39,0.707
ITM11339,2,L37,38,89,7,6,15.37,8.33,0.62,155,0.68,142.68,0.46,6,0.78,444,14.98,0.77,2024-03-13,286.81,0.744
ITM11340,3,L30,214,40,6,7,41.14,2.51,0.71,104,4.09,55.3,1.48,6,0.8,173,12.27,0.76,2024-06-18,90.88,0.608
ITM11341,3,L96,349,62,5,9,4.43,5.08,0.66,72,4.01,188.25,1.12,5,0.95,959,12.35,0.33,2024-02-09,152.51,0.609
ITM11342,4,L12,443,34,7,4,39.77,5.11,0.7,112,3.52,68.93,1.96,8,0.72,244,8.96,0.45,2024-05-01,230.74,0.397
ITM11343,2,L56,194,53,6,9,30.49,8.96,0.34,14,0.94,75.87,0.56,9,0.98,632,14.46,0.62,2024-06-26,279.46,0.677
ITM11344,1,L13,468,21,3,4,29.08,3.32,0.47,166,4.99,122.83,1.92,6,0.7,793,11.25,0.29,2024-06-12,185.48,0.436
ITM11345,5,L98,432,99,14,3,23.46,9.35,0.63,116,3.9,121.74,1.08,2,0.98,222,5.63,0.58,2024-03-26,121.44,0.639
ITM11346,1,L82,453,18,5,9,14.58,4.78,0.13,151,3.81,120.02,0.38,5,0.84,252,9.55,0.56,2024-11-21,295.8,0.669
ITM11347,2,L91,373,21,12,8,23.74,6.86,0.53,67,0.79,118.92,0.38,6,0.73,82,8.61,0.39,2024-02-15,17.59,0.581
ITM11348,3,L13,160,78,12,8,23.05,3.05,0.87,155,2.29,69.32,1.26,6,0.9,260,9.12,0.36,2024-12-28,251.33,0.528
ITM11349,3,L57,265,63,10,2,29.6,4.4,0.54,16,0.89,92.54,1.68,5,0.97,862,12.45,0.4,2024-12-09,90.45,0.572
ITM11350,2,L22,404,63,9,3,14.8,7.24,0.6,96,2.12,122.75,1.52,2,0.83,743,8.13,0.68,2024-11-23,247.06,0.618
ITM11351,3,L89,437,37,4,5,4.8,5.37,0.28,106,3.07,137.54,1.35,5,0.91,802,11.2,0.53,2024-06-20,57.03,0.602
ITM11352,3,L39,112,65,3,6,8.11,9.34,0.81,54,4.45,58.09,0.43,1,0.99,100,4.51,0.53,2024-08-16,110.58,0.701
ITM11353,3,L4,451,78,5,3,35.26,7.5,0.42,25,1.77,143.28,0.31,9,0.77,932,14.05,0.35,2024-01-06,26.23,0.6
ITM11354,5,L6,258,86,7,2,2.1,5.86,0.96,73,3.31,185.42,0.1,0,0.95,941,2.21,0.83,2024-05-15,67.89,0.775
ITM11355,5,L42,224,67,12,5,42.97,8.92,0.99,46,1.24,154.01,0.29,7,0.79,904,14.91,0.76,2024-04-17,184.81,0.74
ITM11356,4,L8,67,87,13,4,35.03,6.82,0.92,162,2.09,26.0,1.56,2,0.83,456,9.86,0.54,2024-05-07,230.84,0.609
ITM11357,1,L38,452,84,14,5,38.64,6.65,0.18,18,4.76,99.13,1.8,7,0.78,590,7.58,0.31,2024-12-20,274.26,0.399
ITM11358,2,L46,264,51,3,7,41.96,2.84,0.4,165,3.86,92.7,0.56,2,0.83,567,5.35,0.77,2024-02-04,44.71,0.695
ITM11359,2,L48,339,47,5,9,7.01,4.25,0.95,146,2.96,73.94,1.61,1,0.7,984,6.67,0.92,2024-06-28,50.77,0.632
ITM11360,2,L56,336,77,5,3,41.3,6.99,0.82,149,1.63,103.35,0.48,7,0.79,182,11.95,0.34,2024-05-11,282.24,0.597
ITM11361,4,L19,432,62,7,2,25.73,8.97,0.92,155,2.21,93.53,0.57,2,0.83,145,2.95,0.68,2024-02-25,232.13,0.644
ITM11362,5,L32,314,42,5,3,44.39,3.5,0.62,99,1.21,11.17,0.53,7,0.89,473,4.54,0.54,2024-01-01,166.53,0.554
ITM11363,4,L68,147,80,11,4,44.44,2.55,0.53,83,2.09,54.95,0.2,1,0.89,907,2.73,0.27,2024-01-25,148.25,0.628
ITM11364,2,L53,363,65,3,8,2.18,6.14,0.2,134,1.18,50.62,0.47,3,0.88,131,6.97,0.78,2024-07-16,55.74,0.718
ITM11365,1,L73,301,81,6,4,19.76,1.14,0.86,60,4.08,76.36,0.81,8,0.79,838,6.42,0.26,2024-08-12,120.0,0.455
ITM11366,3,L88,36,60,12,2,26.79,7.29,0.77,41,0.86,43.15,0.87,0,0.98,364,10.08,0.76,2024-08-02,118.06,0.795
ITM11367,5,L24,90,83,12,7,34.24,7.18,0.15,97,1.35,22.88,0.69,1,0.82,778,14.94,0.42,2024-03-26,198.02,0.758
ITM11368,5,L22,288,52,6,6,15.02,3.87,0.29,145,3.61,47.36,1.08,1,0.77,965,13.49,0.65,2024-07-30,183.68,0.736
ITM11369,4,L23,344,24,3,9,13.35,8.98,0.6,167,4.56,172.3,0.82,8,0.87,329,13.33,0.33,2024-09-09,27.32,0.576
ITM11370,5,L11,301,47,4,9,19.68,5.27,0.72,35,4.84,161.44,1.94,9,0.92,692,10.04,0.5,2024-07-12,256.06,0.444
ITM11371,2,L79,324,24,13,5,25.55,6.63,0.22,161,4.26,94.0,1.63,4,0.7,135,4.79,0.28,2024-06-28,281.89,0.417
ITM11372,2,L49,470,14,3,5,47.61,2.49,0.32,164,1.45,176.78,1.87,3,0.78,889,6.38,0.57,2024-10-06,236.26,0.508
ITM11373,4,L80,26,92,8,4,38.34,4.46,0.27,176,1.79,54.21,1.16,9,0.95,415,4.5,0.37,2024-07-11,61.73,0.428
ITM11374,2,L88,333,63,5,3,22.04,8.69,0.3,75,4.42,121.0,1.39,9,0.85,874,2.89,0.35,2024-02-21,59.93,0.36
ITM11375,1,L31,324,60,9,8,3.66,2.52,0.93,82,4.5,37.16,0.42,3,0.82,415,7.1,0.29,2024-09-02,220.57,0.615
ITM11376,4,L64,122,19,7,3,9.26,4.21,0.74,59,3.38,168.35,1.53,6,0.98,142,13.57,0.81,2024-10-22,137.85,0.666
ITM11377,1,L75,328,21,11,7,23.34,3.52,0.76,54,1.91,34.81,0.55,2,0.73,120,11.41,0.71,2024-11-29,235.85,0.745
ITM11378,3,L19,212,13,9,6,40.88,1.94,0.81,96,1.51,16.05,0.38,8,0.88,375,14.79,0.33,2024-12-17,31.89,0.641
ITM11379,1,L30,260,27,6,9,19.65,3.25,0.42,42,4.34,61.95,0.18,4,0.8,556,3.73,0.58,2024-04-25,217.77,0.628
ITM11380,3,L60,81,89,7,3,27.39,2.71,0.79,28,1.42,181.18,1.0,8,0.72,375,8.01,0.73,2024-03-24,132.99,0.537
ITM11381,3,L82,36,45,7,9,44.7,9.27,0.98,150,3.48,34.6,0.64,0,0.76,893,12.1,0.9,2024-08-19,18.99,0.829
ITM11382,1,L33,190,34,13,5,45.78,7.54,0.73,122,4.86,72.83,1.97,9,0.89,240,7.45,0.25,2024-02-07,168.1,0.35
ITM11383,4,L59,44,96,7,9,11.57,3.5,0.48,31,3.67,70.12,0.57,7,0.71,263,5.97,0.49,2024-01-18,212.72,0.523
ITM11384,2,L33,270,85,12,8,3.14,7.75,0.74,157,1.66,162.31,1.75,1,0.88,96,12.42,0.69,2024-05-30,163.19,0.685
ITM11385,2,L86,272,45,11,9,15.97,0.71,0.91,106,1.77,90.09,0.7,7,0.99,779,7.02,0.21,2024-01-11,45.64,0.524
ITM11386,3,L2,406,76,12,3,35.09,5.5,0.22,14,0.92,126.2,1.52,3,0.94,138,13.78,0.39,2024-06-12,246.61,0.638
ITM11387,3,L60,226,18,5,8,47.6,2.88,0.34,135,3.59,86.83,1.35,1,0.8,836,4.76,0.8,2024-05-13,101.95,0.628
ITM11388,4,L37,48,70,8,9,4.77,1.59,0.93,87,2.83,114.78,1.17,1,0.74,276,13.55,0.48,2024-02-23,277.22,0.688
ITM11389,5,L87,136,62,10,6,2.4,8.9,0.95,169,1.43,21.86,0.89,5,0.84,446,4.9,0.27,2024-02-07,272.99,0.498
ITM11390,1,L70,435,27,13,5,44.32,2.39,0.54,39,1.52,81.07,1.38,2,0.82,266,5.05,0.7,2024-06-24,68.11,0.593
ITM11391,3,L21,301,52,11,9,37.66,8.31,0.44,100,0.54,172.47,0.87,9,0.99,801,6.89,0.4,2024-03-28,148.15,0.503
ITM11392,2,L10,399,44,9,8,49.62,4.43,0.35,163,4.9,141.3,1.14,2,1.0,350,8.22,0.76,2024-07-11,49.84,0.708
ITM11393,4,L57,163,72,14,3,20.44,0.64,0.55,91,4.23,196.55,1.22,8,0.82,465,6.86,0.92,2024-03-23,206.55,0.557
ITM11394,1,L45,44,87,5,5,21.39,7.46,0.94,97,2.27,159.7,0.61,4,0.74,975,13.07,0.62,2024-02-08,257.06,0.705
ITM11395,4,L76,329,13,3,4,9.44,6.17,0.23,141,4.76,95.79,0.75,6,0.97,902,12.14,0.68,2024-10-07,198.03,0.697
ITM11396,1,L39,175,50,6,4,6.68,3.77,0.48,114,3.55,138.49,0.13,4,0.94,943,5.34,0.61,2024-02-17,85.54,0.688
ITM11397,1,L82,92,54,8,7,29.36,3.17,0.92,76,3.88,157.42,1.72,1,0.85,219,8.16,0.85,2024-06-22,32.13,0.657
ITM11398,3,L55,139,59,5,4,18.85,1.2,0.41,127,3.56,61.24,1.54,7,0.81,414,7.03,0.39,2024-10-31,30.09,0.44
ITM11399,4,L89,331,88,3,3,4.94,9.44,0.79,39,3.91,21.4,0.45,8,0.83,281,1.78,0.52,2024-11-10,187.17,0.489
ITM11400,4,L33,340,37,8,6,44.46,5.19,0.45,120,1.27,87.11,0.79,1,0.97,669,11.47,0.92,2024-09-04,286.47,0.832
ITM11401,2,L59,112,51,3,5,10.72,1.31,0.82,153,3.03,37.49,0.9,1,0.76,377,3.54,0.78,2024-12-26,211.63,0.645
ITM11402,2,L39,105,89,11,8,37.68,8.75,0.98,48,4.32,62.68,0.74,3,0.94,282,14.08,0.46,2024-01-16,221.88,0.734
ITM11403,3,L26,355,85,13,2,14.83,3.15,0.45,95,0.59,189.9,1.62,7,0.71,731,6.57,0.87,2024-08-08,105.5,0.502
ITM11404,3,L50,444,78,14,4,40.83,2.43,0.86,50,1.06,170.95,1.48,4,0.98,696,9.71,0.39,2024-11-30,179.95,0.575
ITM11405,5,L62,383,10,3,4,6.8,3.17,0.99,40,1.61,122.57,1.56,4,0.85,692,12.46,0.71,2024-03-25,101.81,0.642
ITM11406,2,L14,454,48,8,2,38.05,5.86,0.99,150,1.83,86.24,1.82,6,0.77,86,3.52,0.97,2024-11-06,271.48,0.493
ITM11407,1,L31,137,99,3,8,5.81,1.2,0.49,178,1.32,60.22,1.23,3,0.7,820,8.58,0.66,2024-08-10,48.43,0.603
ITM11408,4,L49,252,26,14,8,22.9,5.08,0.54,165,3.31,118.58,1.27,8,0.87,451,4.32,0.84,2024-03-21,193.29,0.513
ITM11409,3,L74,218,97,9,2,36.97,9.01,0.37,136,1.82,111.3,1.47,3,0.77,685,8.14,0.79,2024-01-28,221.95,0.614
ITM11410,4,L46,225,44,5,8,9.49,2.29,0.38,73,1.21,158.35,1.39,7,0.89,475,9.11,0.89,2024-02-21,212.56,0.598
ITM11411,4,L74,432,55,8,3,15.0,3.65,0.54,126,4.58,186.32,1.75,2,0.78,954,3.37,0.98,2024-06-18,84.62,0.582
ITM11412,5,L38,358,51,9,8,43.37,4.26,0.28,28,3.63,72.5,1.56,5,0.73,457,9.13,0.22,2024-04-15,150.95,0.456
ITM11413,2,L90,166,48,3,5,44.37,6.07,0.74,120,1.61,49.2,0.33,0,0.85,824,7.37,0.22,2024-04-07,202.37,0.679
ITM11414,3,L38,469,99,3,8,3.2,9.23,0.58,123,2.12,86.53,1.86,6,0.87,914,8.31,0.68,2024-07-28,279.97,0.515
ITM11415,4,L3,444,58,7,9,9.24,4.25,0.91,34,3.83,93.13,1.4,6,0.84,266,13.67,0.96,2024-12-22,154.9,0.682
ITM11416,3,L85,448,71,8,9,6.76,1.16,0.83,175,4.06,17.58,0.34,1,0.84,219,7.77,0.59,2024-10-10,97.15,0.736
ITM11417,1,L51,290,47,11,4,9.8,3.81,0.39,130,1.29,173.72,1.57,4,0.88,659,7.67,0.87,2024-10-03,122.09,0.615
ITM11418,5,L36,406,32,3,6,48.54,2.31,0.56,108,4.71,199.16,0.78,3,0.86,407,7.59,0.81,2024-05-15,166.98,0.697
ITM11419,1,L2,158,31,6,3,28.03,6.69,0.78,99,4.03,185.41,1.63,9,0.74,235,9.72,0.6,2024-12-04,293.14,0.455
ITM11420,3,L73,200,13,12,3,23.94,0.78,0.27,12,4.36,173.53,1.92,8,0.76,774,6.15,0.61,2024-05-24,192.22,0.404
ITM11421,3,L88,449,58,10,8,49.24,3.27,0.13,139,1.15,198.59,0.58,1,0.74,919,12.22,0.55,2024-06-01,54.87,0.743
ITM11422,2,L100,49,68,12,6,28.29,5.68,0.87,14,1.15,182.48,1.73,2,0.91,873,5.0,0.4,2024-05-01,254.51,0.516
ITM11423,4,L96,76,82,11,6,33.39,3.13,0.22,29,1.87,140.79,1.57,0,0.86,793,5.19,0.89,2024-02-19,62.62,0.662
ITM11424,4,L7,251,77,5,7,17.31,5.73,0.9,47,0.79,41.68,1.38,9,0.83,963,9.24,0.37,2024-01-26,21.24,0.445
ITM11425,1,L78,165,80,13,6,19.72,1.59,0.92,110,0.91,39.71,0.83,4,0.94,728,4.64,0.93,2024-07-20,39.06,0.673
ITM11426,5,L96,454,96,4,8,30.13,9.46,0.51,137,1.14,19.27,0.31,2,0.8,867,2.26,0.49,2024-10-19,237.98,0.617
ITM11427,4,L64,403,11,6,8,4.42,3.26,0.83,111,3.71,88.25,1.02,3,0.87,210,3.88,0.22,2024-10-08,271.55,0.508
ITM11428,2,L37,67,58,4,2,13.54,9.27,0.43,45,0.64,163.68,0.3,3,0.72,333,13.79,0.33,2024-09-08,87.78,0.704
ITM11429,1,L100,213,97,3,4,10.64,3.6,0.87,108,0.87,103.16,1.05,5,0.92,233,1.15,0.91,2024-03-19,154.45,0.576
ITM11430,1,L30,243,40,14,9,1.78,7.93,0.84,122,4.75,79.6,1.66,9,0.91,586,2.87,0.3,2024-01-28,183.19,0.334
ITM11431,2,L78,155,49,5,7,27.31,2.84,0.17,46,0.88,30.75,2.0,6,0.94,191,11.61,0.79,2024-07-03,131.42,0.581
ITM11432,5,L46,41,57,9,8,28.49,6.86,0.62,63,2.92,19.83,0.48,6,0.97,744,14.72,0.35,2024-01-02,28.94,0.692
ITM11433,2,L29,25,60,3,2,19.81,3.58,0.68,158,3.39,85.84,0.49,7,0.93,645,10.63,0.6,2024-08-06,26.43,0.659
ITM11434,5,L82,223,52,4,7,14.17,5.34,0.1,158,4.81,28.99,1.64,2,0.95,280,13.91,0.36,2024-02-14,137.7,0.643
ITM11435,2,L25,258,64,3,4,32.95,6.9,0.98,101,4.55,29.67,0.99,4,0.8,517,12.97,0.47,2024-05-30,241.38,0.648
ITM11436,2,L80,204,97,10,7,7.6,6.09,0.47,79,2.48,85.12,1.84,9,0.8,952,7.72,0.3,2024-12-04,34.54,0.359
ITM11437,3,L33,379,58,7,2,26.41,5.97,0.57,93,4.74,105.54,1.56,5,0.98,437,5.67,0.64,2024-11-16,69.65,0.544
ITM11438,1,L87,311,99,10,5,38.64,1.12,0.28,173,2.45,45.47,1.5,5,0.97,784,9.85,0.49,2024-11-03,88.23,0.573
ITM11439,2,L97,354,89,5,9,9.05,2.87,0.65,20,3.51,140.08,0.29,7,0.86,207,8.47,0.49,2024-09-02,172.15,0.614
ITM11440,2,L93,239,66,14,8,37.91,5.93,0.83,97,1.67,89.55,0.17,4,0.81,367,1.36,0.23,2024-04-12,22.53,0.529
ITM11441,4,L99,135,86,9,9,38.28,0.67,0.63,96,3.36,27.47,0.7,4,0.96,234,14.4,0.31,2024-02-19,259.41,0.696
ITM11442,1,L85,332,24,10,4,3.94,2.88,0.81,40,2.92,131.04,0.51,0,0.8,470,8.98,0.77,2024-01-14,146.51,0.783
ITM11443,4,L88,68,36,8,3,1.92,2.68,0.76,110,3.23,77.82,1.45,0,0.75,232,13.24,0.43,2024-04-15,150.72,0.668
ITM11444,1,L18,192,77,9,4,48.72,2.87,0.31,174,3.57,19.94,0.96,5,0.89,646,11.28,0.55,2024-03-28,104.69,0.642
ITM11445,4,L81,101,89,14,4,10.48,5.59,0.49,69,1.28,190.12,1.09,9,0.71,626,5.77,0.81,2024-11-22,71.48,0.492
ITM11446,2,L13,341,73,4,4,41.28,6.03,0.23,70,1.86,118.53,1.65,9,0.81,101,13.62,0.56,2024-05-29,115.46,0.511
ITM11447,2,L81,352,39,10,5,28.53,9.14,0.14,76,3.81,100.77,1.01,4,0.94,52,12.07,0.38,2024-02-11,274.89,0.644
ITM11448,3,L83,64,45,7,8,13.96,4.17,0.16,166,1.24,173.24,1.14,9,0.79,126,7.02,0.64,2024-08-30,37.33,0.486
ITM11449,4,L6,354,76,9,2,7.37,9.3,0.95,88,2.05,187.98,1.7,5,0.98,696,12.77,0.84,2024-02-29,27.61,0.664
ITM11450,5,L40,39,95,3,8,25.34,6.69,0.99,80,3.5,51.86,0.92,8,0.99,887,4.8,0.68,2024-06-06,43.19,0.546
ITM11451,3,L57,467,95,7,3,20.96,9.17,0.19,76,4.72,163.93,0.26,7,0.94,631,10.39,0.54,2024-07-22,235.32,0.669
ITM11452,4,L5,240,58,3,2,35.25,8.42,0.4,137,0.84,167.91,1.09,6,1.0,723,2.6,0.3,2024-08-29,24.04,0.466
ITM11453,4,L75,142,85,14,7,45.3,7.03,0.2,120,2.82,20.34,1.2,6,0.86,657,13.12,0.4,2024-09-07,106.62,0.587
ITM11454,3,L47,253,64,10,7,40.46,3.88,0.85,25,0.87,145.27,1.07,5,0.87,65,11.21,0.96,2024-12-04,133.21,0.708
ITM11455,2,L94,240,94,6,7,14.45,2.79,0.55,54,2.21,21.96,0.59,5,0.95,279,3.14,0.82,2024-05-15,157.06,0.637
ITM11456,4,L17,342,65,6,2,44.07,2.61,0.66,43,1.29,122.99,0.53,0,0.85,953,1.3,0.27,2024-02-16,10.93,0.588
ITM11457,2,L12,358,77,4,6,41.84,9.55,0.59,53,3.42,137.15,0.8,6,0.82,966,6.46,0.2,2024-11-24,151.16,0.49
ITM11458,3,L38,22,53,7,5,46.53,9.61,0.74,126,3.91,79.74,0.42,4,0.88,938,10.45,0.34,2024-10-05,66.53,0.661
ITM11459,2,L42,201,40,3,6,23.47,7.39,0.39,134,1.61,177.35,1.37,6,0.9,316,4.96,0.96,2024-07-17,38.38,0.581
ITM11460,1,L96,225,67,11,8,38.66,8.9,0.22,112,3.71,162.1,1.27,5,0.93,355,14.63,0.66,2024-04-04,164.66,0.686
ITM11461,5,L54,339,96,7,7,29.99,9.23,0.12,129,2.51,185.93,1.3,7,0.9,904,14.09,0.87,2024-07-08,225.8,0.672
ITM11462,4,L23,59,62,8,5,16.21,5.36,0.5,179,1.78,69.83,0.53,2,0.92,55,9.37,0.57,2024-07-14,281.08,0.73
ITM11463,5,L26,78,93,4,2,49.73,6.48,0.92,44,2.86,14.09,0.57,7,0.9,159,5.42,0.86,2024-07-08,274.67,0.627
ITM11464,2,L17,458,88,12,7,2.88,4.48,0.37,135,2.21,164.18,1.6,6,0.84,192,13.55,0.23,2024-04-05,125.71,0.515
ITM11465,4,L70,81,32,12,2,8.95,4.48,0.28,84,1.53,52.37,1.41,0,0.74,956,12.25,0.54,2024-08-16,214.18,0.678
ITM11466,2,L47,151,37,3,5,44.73,0.87,0.93,93,3.91,98.76,1.76,2,0.94,716,2.21,0.5,2024-01-23,211.73,0.501
ITM11467,1,L68,79,25,6,2,3.97,4.62,0.19,167,4.09,165.29,0.87,9,0.71,256,7.67,0.99,2024-05-14,129.51,0.575
ITM11468,3,L65,391,46,9,2,44.45,6.9,0.15,62,4.1,51.07,1.14,3,1.0,478,14.74,0.44,2024-08-13,38.48,0.711
ITM11469,4,L35,350,30,8,3,36.05,4.51,0.89,67,2.22,69.26,1.5,8,0.95,215,7.35,0.53,2024-08-26,120.78,0.484
ITM11470,1,L22,141,88,12,8,2.8,8.79,0.73,165,1.26,93.43,1.95,5,0.9,309,14.06,0.81,2024-05-14,297.78,0.634
ITM11471,1,L33,498,26,3,6,22.04,3.66,0.48,152,4.28,61.65,1.98,6,0.99,734,14.68,0.9,2024-04-25,170.96,0.656
ITM11472,4,L62,126,46,3,9,37.97,1.76,0.78,175,1.98,97.65,2.0,4,0.88,443,6.42,0.9,2024-05-17,109.0,0.562
ITM11473,2,L38,115,86,10,6,29.57,8.21,0.77,59,3.87,11.82,1.79,2,0.72,170,14.5,0.52,2024-10-15,225.71,0.622
ITM11474,1,L96,366,28,6,6,46.86,6.9,0.14,150,4.18,50.32,1.32,4,0.87,999,2.93,0.96,2024-02-01,209.03,0.593
ITM11475,5,L44,433,39,7,4,43.51,2.8,0.71,120,3.96,168.19,0.11,6,0.78,462,3.24,0.72,2024-03-18,177.85,0.612
ITM11476,1,L15,254,54,9,3,17.3,5.6,0.68,172,2.25,88.56,1.43,8,0.81,189,4.87,0.88,2024-12-22,194.86,0.5
ITM11477,2,L60,405,27,10,9,5.15,4.32,0.97,120,4.72,130.92,0.55,8,0.84,217,7.55,0.94,2024-12-07,179.63,0.642
ITM11478,2,L10,81,87,12,7,47.27,9.42,0.97,161,3.47,54.13,0.21,7,0.93,133,3.53,0.39,2024-02-19,287.32,0.55
ITM11479,5,L19,275,71,9,7,26.35,6.27,0.44,129,3.09,133.48,1.42,4,0.85,470,5.76,0.6,2024-02-13,157.65,0.545
ITM11480,1,L97,68,45,4,7,4.65,2.0,0.63,74,3.64,200.0,1.54,6,0.84,755,2.45,0.67,2024-12-08,181.16,0.461
ITM11481,2,L29,412,93,6,6,41.01,5.27,0.23,115,0.7,123.1,1.35,3,0.79,837,7.02,0.84,2024-06-25,146.78,0.625
ITM11482,4,L87,367,61,12,8,43.56,8.69,0.16,100,2.26,129.39,0.79,9,0.86,317,12.58,0.52,2024-10-04,184.06,0.585
ITM11483,3,L93,178,28,14,6,32.33,6.88,0.49,155,4.47,31.19,1.07,4,0.77,87,9.33,0.37,2024-07-30,268.34,0.565
ITM11484,3,L87,143,53,3,9,22.93,8.5,0.72,35,1.22,86.64,1.88,3,0.78,975,12.34,0.79,2024-10-28,108.53,0.631
ITM11485,3,L51,336,16,12,8,33.45,2.88,0.61,166,2.36,173.54,1.49,2,0.93,352,2.9,0.67,2024-04-26,153.81,0.57
ITM11486,1,L72,226,53,11,3,35.63,8.94,0.49,81,2.32,168.51,1.06,0,0.8,387,6.59,0.92,2024-10-10,140.1,0.726
ITM11487,5,L47,67,77,5,8,44.76,7.68,0.84,53,2.1,109.26,1.23,4,0.72,803,1.55,0.72,2024-02-01,125.41,0.506
ITM11488,2,L12,428,43,14,9,47.84,7.42,0.81,99,3.03,181.66,1.86,1,0.8,379,6.18,0.21,2024-07-17,248.1,0.478
ITM11489,4,L51,439,75,5,2,26.2,3.79,0.76,142,4.98,37.16,0.85,5,0.89,248,9.6,0.97,2024-09-24,77.26,0.715
ITM11490,4,L2,155,78,12,6,40.13,8.93,0.17,170,1.65,135.06,0.29,4,0.94,859,8.96,0.67,2024-08-02,154.98,0.732
ITM11491,1,L34,220,64,11,7,48.26,6.56,0.82,133,3.67,57.29,0.72,1,0.99,54,1.84,0.68,2024-10-01,278.14,0.667
ITM11492,3,L69,269,19,12,2,8.41,8.59,0.93,14,3.91,132.66,0.89,7,0.92,481,1.87,0.93,2024-12-17,56.76,0.566
ITM11493,1,L16,333,51,5,6,1.9,3.93,0.15,136,3.13,26.61,0.62,4,0.83,420,5.27,0.73,2024-08-31,11.35,0.64
ITM11494,5,L59,376,50,10,5,43.58,1.88,0.46,122,0.94,189.29,1.11,1,0.79,944,11.8,0.58,2024-10-20,86.91,0.7
ITM11495,5,L48,387,86,4,4,10.57,3.66,0.99,120,3.08,159.4,0.68,0,0.74,916,1.29,0.29,2024-04-30,277.47,0.555
ITM11496,2,L87,448,78,5,6,3.08,4.83,0.64,173,4.79,48.18,0.3,1,0.89,152,9.62,0.97,2024-08-31,35.41,0.85
ITM11497,2,L96,337,19,4,5,8.84,5.57,0.56,86,2.04,131.08,0.46,0,0.85,484,3.57,0.26,2024-06-02,49.75,0.624
ITM11498,5,L87,314,19,3,9,19.82,5.35,0.26,22,3.38,154.24,1.84,9,0.9,957,14.22,0.34,2024-02-10,102.9,0.474
ITM11499,5,L34,499,69,4,3,11.74,5.69,0.61,162,4.82,49.79,1.3,9,0.77,699,7.02,0.86,2024-07-21,233.21,0.51
ITM11500,5,L75,333,60,10,5,15.96,8.5,0.5,67,4.09,27.73,0.7,2,0.8,854,1.67,0.59,2024-01-18,227.87,0.59
ITM11501,1,L49,228,30,11,3,48.79,2.12,0.21,139,3.6,76.84,0.8,2,0.79,430,10.99,0.34,2024-09-14,35.25,0.653
ITM11502,5,L82,374,17,4,6,35.52,3.5,0.52,97,4.87,35.79,1.04,9,0.94,115,7.78,0.43,2024-10-19,280.81,0.494
ITM11503,4,L48,230,74,9,3,35.9,8.94,0.25,45,1.27,117.49,1.38,0,0.75,628,13.34,1.0,2024-09-21,79.26,0.79
ITM11504,3,L14,211,87,7,5,5.64,5.82,0.76,34,3.98,90.58,1.21,6,0.88,319,10.13,0.67,2024-10-19,91.38,0.604
ITM11505,5,L87,63,94,5,8,36.87,6.04,0.98,43,2.33,97.86,1.87,9,0.72,96,10.7,0.52,2024-12-12,122.06,0.424
ITM11506,3,L30,48,39,11,4,37.23,5.04,0.52,149,2.12,113.14,1.29,6,0.86,965,11.74,0.9,2024-11-13,194.0,0.66
ITM11507,1,L61,78,94,8,2,33.33,5.72,0.67,28,2.84,196.59,1.83,8,0.72,414,6.88,0.58,2024-03-16,161.18,0.409
ITM11508,3,L4,90,58,13,2,12.19,2.38,0.49,123,0.65,160.6,0.11,4,0.75,930,12.1,0.45,2024-03-02,279.3,0.71
ITM11509,1,L80,111,18,3,4,21.73,5.7,0.22,115,1.91,129.6,1.79,3,0.73,229,1.71,0.33,2024-08-17,173.74,0.396
ITM11510,4,L72,284,26,7,7,42.47,9.97,0.97,46,1.25,79.1,1.47,4,0.8,117,11.72,0.8,2024-03-29,258.54,0.649
ITM11511,1,L42,402,78,9,2,33.84,5.88,0.22,116,1.12,15.14,0.43,7,0.8,164,9.91,0.68,2024-03-26,32.68,0.645
ITM11512,1,L79,239,67,6,9,36.91,0.92,0.2,138,2.02,32.14,0.6,7,0.95,75,8.93,0.27,2024-04-18,258.21,0.563
ITM11513,2,L29,409,66,10,6,29.78,8.07,0.51,69,4.11,148.86,1.13,3,0.77,608,5.45,0.67,2024-04-08,67.34,0.588
ITM11514,5,L83,432,71,12,7,23.03,4.27,0.69,76,1.4,80.15,0.34,7,0.73,256,2.6,0.33,2024-03-05,115.14,0.473
ITM11515,5,L9,461,61,7,6,38.19,1.96,0.42,88,2.89,73.54,1.59,3,0.88,122,10.06,0.99,2024-01-22,102.77,0.689
ITM11516,4,L82,420,70,11,5,4.33,8.69,0.27,120,3.87,178.91,1.6,3,0.91,308,7.6,0.41,2024-08-04,107.81,0.545
ITM11517,4,L60,419,49,11,9,33.98,2.38,0.84,57,1.58,102.06,0.67,7,0.79,435,4.05,0.76,2024-02-10,276.42,0.557
ITM11518,5,L90,234,47,11,5,49.86,9.25,0.43,156,4.66,180.92,0.23,1,0.88,986,1.61,0.72,2024-12-15,138.06,0.698
ITM11519,2,L39,498,52,3,7,39.23,4.7,0.27,97,4.4,178.46,1.98,3,0.93,79,8.54,0.75,2024-08-10,87.71,0.592
ITM11520,5,L84,406,72,4,7,15.24,7.56,0.43,49,1.63,25.23,0.58,0,0.8,470,2.77,0.54,2024-04-13,95.38,0.647
ITM11521,2,L53,296,28,5,9,14.61,5.7,0.29,143,4.95,189.62,0.23,0,0.86,52,14.01,0.26,2024-11-17,242.97,0.788
ITM11522,4,L15,83,59,6,9,33.69,2.94,0.57,105,3.51,24.62,0.73,7,0.74,570,3.11,0.98,2024-03-16,166.34,0.572
ITM11523,3,L18,365,42,12,7,44.9,6.88,0.7,172,1.79,193.07,1.94,3,0.71,569,1.45,0.35,2024-10-31,140.35,0.377
ITM11524,4,L6,311,22,11,7,29.32,9.6,0.82,70,3.56,96.0,1.61,5,0.99,570,4.67,0.82,2024-05-12,278.78,0.563
ITM11525,4,L5,264,87,12,3,26.84,7.81,0.3,14,3.5,154.56,1.01,4,0.79,937,3.45,0.31,2024-06-12,279.7,0.485
ITM11526,1,L39,489,71,8,8,8.86,6.24,0.25,46,3.23,144.17,0.68,9,0.78,450,12.08,0.42,2024-02-04,229.27,0.553
ITM11527,1,L64,81,52,3,7,36.06,9.91,0.12,148,3.7,108.51,0.9,5,0.99,713,5.05,0.65,2024-02-14,160.22,0.605
ITM11528,1,L15,445,58,14,9,35.41,3.02,0.31,115,1.71,127.7,0.13,3,0.92,703,4.43,0.53,2024-07-17,43.82,0.676
ITM11529,1,L13,351,45,11,8,48.38,1.09,0.12,108,4.91,190.48,1.46,3,0.88,999,14.93,0.97,2024-10-11,215.31,0.763
ITM11530,2,L31,189,19,8,7,15.71,0.81,0.41,177,4.36,186.2,0.29,6,0.91,897,3.1,0.88,2024-07-22,246.38,0.65
ITM11531,5,L69,464,15,6,5,38.07,7.25,0.23,17,3.86,134.32,1.09,0,0.91,323,2.19,0.94,2024-10-09,257.09,0.69
ITM11532,3,L18,288,66,6,6,22.27,8.39,0.62,96,0.62,134.97,1.18,8,0.93,521,5.28,0.71,2024-06-15,178.74,0.52
ITM11533,4,L50,286,10,5,8,28.37,6.53,0.45,93,3.16,56.92,0.1,9,0.72,984,6.67,0.38,2024-05-21,188.88,0.519
ITM11534,2,L59,73,80,9,5,41.01,9.1,0.18,20,3.68,167.44,1.96,2,0.82,421,11.65,0.61,2024-09-23,215.69,0.605
ITM11535,3,L48,35,67,5,2,11.88,7.13,0.46,80,4.34,130.19,0.67,3,0.79,480,14.38,0.81,2024-08-22,263.44,0.785
ITM11536,2,L86,27,30,4,9,17.8,4.02,0.29,103,4.76,166.99,0.25,8,0.72,588,11.69,0.25,2024-01-07,23.17,0.565
ITM11537,2,L96,123,89,12,3,38.89,2.22,0.71,132,4.62,134.99,1.72,4,0.82,397,11.17,0.89,2024-12-24,173.33,0.639
ITM11538,4,L90,78,65,10,3,28.95,9.28,0.43,150,2.33,66.87,0.39,3,0.88,120,14.88,0.71,2024-11-15,117.04,0.817
ITM11539,5,L70,332,96,6,6,5.53,1.48,0.23,115,4.53,46.0,0.15,5,0.75,531,11.72,0.78,2024-10-27,251.62,0.747
ITM11540,1,L54,59,29,10,7,22.08,5.66,0.41,58,0.5,24.62,1.04,0,0.79,780,2.95,0.76,2024-09-24,48.81,0.645
ITM11541,5,L76,256,63,3,5,29.75,3.48,0.3,16,2.08,121.34,0.35,9,0.89,851,7.46,0.88,2024-08-02,273.81,0.638
ITM11542,4,L96,462,34,7,2,45.57,3.08,0.82,110,1.01,63.97,1.97,0,0.87,305,8.05,0.27,2024-02-27,45.96,0.538
ITM11543,4,L94,405,37,11,5,10.24,6.64,0.99,162,4.47,129.8,0.12,4,0.96,152,5.27,0.5,2024-07-31,35.9,0.67
ITM11544,4,L20,113,14,3,9,40.49,2.7,0.12,160,4.68,21.14,0.2,4,0.94,196,3.3,0.6,2024-03-17,110.48,0.652
ITM11545,3,L54,241,30,13,9,7.4,9.21,0.72,60,1.65,81.38,1.68,8,0.99,951,10.96,0.64,2024-03-16,298.47,0.544
ITM11546,5,L84,223,27,6,7,12.87,4.36,0.34,14,2.15,59.51,0.56,0,0.88,719,4.88,0.95,2024-10-17,193.8,0.775
ITM11547,5,L13,157,56,8,7,12.92,6.94,0.16,22,4.93,80.36,1.83,2,0.91,909,9.75,0.23,2024-10-28,17.67,0.535
ITM11548,2,L63,319,79,12,9,44.0,7.41,0.11,51,3.05,20.31,0.69,2,0.96,189,5.52,0.89,2024-10-25,82.29,0.735
ITM11549,2,L79,414,66,10,4,10.75,6.99,0.89,134,2.74,147.59,0.23,3,0.95,704,8.09,0.64,2024-02-21,53.26,0.743
ITM11550,2,L53,226,28,5,9,39.56,9.08,0.42,142,2.75,32.17,0.12,6,0.92,670,5.72,0.64,2024-02-24,10.29,0.656
ITM11551,4,L36,355,74,7,5,23.63,2.7,1.0,160,3.63,12.74,0.64,6,0.85,472,6.76,0.46,2024-10-15,159.33,0.568
ITM11552,5,L5,100,12,9,6,49.96,1.32,0.5,71,4.8,189.79,1.0,9,0.78,920,11.25,0.71,2024-02-21,120.52,0.568
ITM11553,4,L89,237,51,3,5,42.12,1.03,0.27,138,2.15,46.65,0.1,4,0.96,881,13.37,0.72,2024-05-26,187.85,0.824
ITM11554,3,L48,21,30,9,3,37.25,8.84,0.8,83,1.28,167.33,1.2,8,0.93,113,8.12,0.35,2024-10-01,72.75,0.484
ITM11555,2,L28,197,49,14,2,43.67,9.75,0.93,123,1.33,193.25,0.73,6,0.95,320,9.54,0.74,2024-06-25,251.01,0.672
ITM11556,4,L57,415,76,13,8,32.07,3.37,0.83,63,0.59,111.48,0.84,1,0.74,747,13.1,0.41,2024-07-29,121.12,0.701
ITM11557,4,L57,390,34,10,6,42.34,7.09,0.77,125,3.0,109.96,0.6,2,0.79,917,3.01,0.75,2024-05-15,150.04,0.648
ITM11558,3,L31,365,64,10,4,13.8,0.58,0.4,140,4.68,79.81,1.11,6,0.83,884,3.27,0.69,2024-07-15,222.42,0.517
ITM11559,1,L47,298,93,11,2,5.79,2.29,0.16,92,3.71,90.86,0.54,4,0.95,562,6.03,0.77,2024-12-01,58.19,0.69
ITM11560,5,L13,165,61,8,2,31.18,7.05,0.28,139,4.97,101.59,0.36,6,0.97,56,5.33,0.22,2024-09-05,86.08,0.553
ITM11561,1,L88,337,53,14,8,22.3,1.13,0.5,58,4.59,38.9,1.79,8,0.79,442,14.81,0.3,2024-10-19,54.88,0.476
ITM11562,2,L48,243,94,8,3,21.9,4.95,0.96,40,2.71,79.3,0.84,8,0.91,50,8.9,0.87,2024-11-07,232.74,0.631
ITM11563,4,L70,388,65,4,3,26.81,6.79,0.75,83,2.69,165.06,0.25,2,0.72,310,8.33,0.5,2024-08-30,38.28,0.69
ITM11564,3,L83,403,64,5,3,18.71,7.78,0.85,126,3.33,44.66,0.54,7,0.82,96,9.1,0.87,2024-01-20,151.81,0.665
ITM11565,3,L46,81,96,6,6,31.68,4.81,0.35,12,1.0,148.67,0.69,5,0.85,917,13.25,0.25,2024-03-29,227.47,0.628
ITM11566,5,L8,313,79,6,5,2.5,6.49,0.72,133,3.23,133.8,1.56,3,0.93,827,4.41,0.82,2024-05-21,157.25,0.593
ITM11567,1,L51,258,86,10,2,48.52,5.63,0.88,172,2.59,20.89,0.14,3,0.97,51,8.15,0.27,2024-07-25,157.52,0.683
ITM11568,5,L36,214,96,3,5,46.31,1.0,0.53,94,3.39,14.26,1.01,3,0.8,584,4.79,0.57,2024-03-14,28.47,0.577
ITM11569,4,L25,185,82,12,5,46.83,7.56,0.49,173,3.04,76.98,0.87,6,0.86,408,11.93,0.95,2024-11-12,237.03,0.714
ITM11570,5,L16,470,90,6,3,18.89,2.14,0.75,73,1.9,141.51,1.94,5,0.89,526,11.88,0.26,2024-11-07,185.16,0.494
ITM11571,3,L59,241,75,13,5,27.06,0.8,0.6,169,3.23,72.78,0.44,1,0.8,964,14.4,0.48,2024-12-14,203.58,0.784
ITM11572,3,L12,80,28,14,2,47.75,4.79,0.99,27,2.15,136.87,1.29,4,1.0,471,7.26,0.61,2024-12-21,232.08,0.61
ITM11573,2,L85,148,92,13,2,45.21,8.72,0.48,43,1.38,136.44,0.48,4,0.96,864,3.22,0.92,2024-07-24,172.58,0.691
ITM11574,2,L28,497,16,13,7,39.72,1.93,0.26,65,3.54,163.25,1.14,5,0.79,645,13.55,0.47,2024-01-20,157.5,0.619
ITM11575,4,L83,192,72,6,4,20.96,0.62,0.52,76,1.88,28.9,1.15,6,0.85,253,13.47,0.85,2024-07-21,202.32,0.685
ITM11576,1,L82,499,51,3,6,28.65,1.54,0.31,100,4.5,119.65,0.24,7,0.77,276,4.29,0.77,2024-06-18,271.0,0.601
ITM11577,5,L77,175,51,5,5,39.85,3.95,0.61,76,1.4,21.87,0.97,9,0.85,997,4.87,0.45,2024-12-19,195.16,0.448
ITM11578,4,L3,424,68,7,6,14.38,6.01,0.21,119,3.2,43.43,0.98,7,0.9,813,5.39,0.47,2024-05-01,238.61,0.508
ITM11579,2,L7,397,29,8,6,31.7,2.33,0.95,176,3.07,71.85,0.71,4,0.73,866,7.32,0.35,2024-01-26,149.28,0.563
ITM11580,5,L43,129,82,11,6,41.57,8.12,0.87,175,1.39,144.4,0.63,1,0.96,200,12.61,0.75,2024-08-31,180.98,0.827
ITM11581,2,L32,288,26,11,8,35.67,7.66,0.24,49,2.48,195.04,0.53,9,0.88,296,3.02,0.65,2024-05-17,62.24,0.513
ITM11582,5,L17,430,36,11,9,24.49,7.11,0.26,156,3.54,75.08,0.11,7,1.0,867,10.81,0.32,2024-07-09,151.67,0.657
ITM11583,1,L73,375,56,13,7,29.65,5.13,0.56,142,1.93,109.02,0.1,5,0.71,66,5.94,0.7,2024-01-11,53.18,0.651
ITM11584,4,L27,410,11,3,6,49.45,3.97,0.8,151,1.01,59.22,1.22,2,0.95,353,3.74,0.6,2024-06-21,145.44,0.598
ITM11585,5,L9,297,72,14,9,30.5,4.07,0.3,100,3.27,138.34,0.65,3,0.94,938,5.74,0.27,2024-06-04,28.84,0.594
ITM11586,3,L98,93,71,11,9,39.5,5.28,0.15,58,1.51,79.65,0.42,0,0.74,563,8.47,0.96,2024-06-08,177.1,0.811
ITM11587,3,L71,456,28,10,7,36.6,1.23,0.59,73,3.57,101.5,1.4,2,0.8,246,13.9,0.87,2024-05-23,93.15,0.739
ITM11588,5,L27,482,26,4,2,35.37,6.98,0.72,121,4.28,117.88,1.1,3,0.97,495,9.8,0.26,2024-09-08,254.08,0.607
ITM11589,5,L76,226,78,13,8,36.1,3.84,0.32,109,1.06,140.39,1.84,1,0.86,390,9.5,0.95,2024-12-22,119.12,0.685
ITM11590,5,L28,407,48,3,5,23.27,2.64,0.77,113,2.47,21.41,1.68,5,0.82,830,2.52,0.93,2024-12-16,276.15,0.516
ITM11591,3,L30,499,91,3,7,24.23,3.14,0.96,172,2.5,115.43,1.48,7,0.97,110,2.12,0.23,2024-02-20,147.14,0.38
ITM11592,3,L43,298,80,14,4,23.93,2.21,0.22,14,3.35,91.92,0.34,5,0.73,316,2.81,0.36,2024-04-26,256.17,0.521
ITM11593,5,L100,394,90,8,9,2.63,9.06,0.56,128,2.0,35.42,1.37,9,0.84,146,2.34,0.76,2024-03-09,96.21,0.434
ITM11594,2,L19,345,48,11,6,12.81,2.11,0.15,97,2.38,49.53,1.42,2,0.9,332,9.07,0.95,2024-06-02,140.96,0.709
ITM11595,2,L77,491,45,9,9,8.57,8.89,0.29,176,0.55,177.94,1.55,8,0.88,296,7.34,0.86,2024-08-14,193.76,0.531
ITM11596,1,L1,359,49,7,8,44.44,5.94,0.18,136,1.05,175.64,0.6,3,0.78,84,1.07,0.43,2024-06-13,85.01,0.536
ITM11597,4,L36,376,54,13,4,14.47,8.74,0.46,33,3.06,16.33,1.32,5,0.87,835,5.91,0.23,2024-05-17,200.63,0.467
ITM11598,2,L19,359,13,4,2,7.78,5.0,0.84,177,1.47,140.99,1.27,3,0.91,518,2.78,0.58,2024-08-01,93.69,0.548
ITM11599,3,L17,223,34,3,2,6.87,9.31,0.62,116,1.15,115.3,0.83,3,0.88,117,14.83,0.27,2024-11-05,150.44,0.685
ITM11600,2,L70,180,78,4,3,35.3,2.51,0.3,59,1.96,188.57,1.36,1,0.91,238,7.44,0.4,2024-11-26,16.78,0.605
ITM11601,1,L33,47,39,3,6,1.3,5.77,0.14,67,1.24,182.52,0.26,9,0.78,90,6.97,0.71,2024-02-15,32.67,0.585
ITM11602,1,L23,411,85,5,3,24.09,1.7,0.6,10,0.77,120.12,1.32,1,0.95,657,10.02,0.6,2024-04-06,75.86,0.692
ITM11603,4,L15,276,77,8,8,6.82,4.75,0.22,176,1.78,36.4,1.25,1,0.83,732,6.0,0.5,2024-08-14,243.88,0.601
ITM11604,2,L85,184,97,10,4,42.63,5.91,0.41,147,1.24,97.36,0.5,1,1.0,994,11.02,0.94,2024-04-18,201.51,0.865
ITM11605,3,L4,82,38,5,9,47.96,6.25,0.56,11,4.1,147.78,1.65,7,0.71,956,13.67,0.35,2024-07-27,269.1,0.489
ITM11606,3,L17,41,82,12,5,47.98,3.97,0.91,72,0.78,190.83,1.76,9,0.81,116,7.98,0.59,2024-09-05,272.37,0.43
ITM11607,5,L2,89,77,11,3,22.66,1.23,0.17,25,3.86,79.13,0.5,3,0.75,996,6.36,0.66,2024-09-21,118.65,0.657
ITM11608,3,L46,400,60,12,2,32.58,6.73,0.7,46,2.22,159.09,0.24,3,0.87,357,8.31,0.46,2024-07-10,116.58,0.693
ITM11609,4,L31,424,33,7,6,30.39,5.14,0.11,25,3.54,139.83,1.25,9,0.77,168,9.45,0.76,2024-01-29,252.37,0.527
ITM11610,4,L76,115,23,9,9,18.15,1.8,0.67,96,0.74,24.88,1.01,9,0.92,902,12.87,0.89,2024-09-20,133.67,0.653
ITM11611,3,L42,182,78,10,4,22.76,9.39,0.6,99,4.64,116.02,0.91,2,0.96,732,6.52,0.63,2024-03-22,258.59,0.674
ITM11612,3,L3,98,27,5,7,4.15,9.58,0.83,89,3.95,44.87,1.55,4,0.76,235,1.72,0.83,2024-02-03,156.72,0.506
ITM11613,5,L23,24,51,4,8,39.99,8.64,0.58,36,1.13,139.87,1.94,3,0.75,119,9.83,0.25,2024-06-08,133.17,0.477
ITM11614,3,L34,335,66,4,8,12.8,8.52,0.42,120,1.48,125.92,1.01,6,0.96,806,14.82,0.32,2024-12-29,90.93,0.633
ITM11615,5,L7,139,92,7,2,23.57,1.44,0.32,73,3.4,194.88,0.11,9,0.81,974,12.96,0.57,2024-09-16,46.68,0.658
ITM11616,5,L17,321,21,3,7,24.55,9.94,0.18,106,4.65,187.72,1.23,6,0.83,720,11.62,0.94,2024-07-25,162.51,0.666
ITM11617,3,L95,197,91,4,8,28.47,4.3,0.58,169,2.51,11.78,1.34,5,0.77,333,3.47,0.63,2024-03-10,104.32,0.492
ITM11618,1,L54,195,26,11,5,41.08,2.05,0.9,146,2.69,25.21,1.67,6,0.83,668,11.48,0.55,2024-09-25,82.34,0.542
ITM11619,1,L68,409,39,9,9,34.9,8.21,0.56,20,1.57,156.14,0.48,6,0.77,995,2.14,0.68,2024-10-18,59.2,0.551
ITM11620,5,L15,236,97,8,6,33.49,2.64,0.77,79,2.22,140.27,1.1,7,0.9,597,7.91,0.3,2024-01-15,122.7,0.495
ITM11621,3,L96,75,84,11,9,26.81,5.5,0.37,167,1.79,162.18,0.95,0,0.85,397,6.19,0.72,2024-03-29,171.2,0.702
ITM11622,1,L9,385,32,9,5,5.7,1.72,0.5,152,2.08,60.69,1.36,2,0.94,964,13.67,0.28,2024-04-08,252.74,0.65
ITM11623,3,L61,206,90,13,8,20.7,5.01,0.39,57,0.59,171.37,0.22,2,0.79,244,3.24,0.66,2024-04-12,247.86,0.671
ITM11624,3,L58,251,10,7,5,47.91,5.8,0.2,103,0.68,94.06,1.78,4,0.85,829,12.04,0.77,2024-01-30,257.97,0.627
ITM11625,3,L100,274,88,11,9,49.78,4.74,0.48,85,3.56,59.76,1.07,9,0.78,533,1.68,0.53,2024-05-07,177.11,0.397
ITM11626,2,L47,432,41,8,8,36.79,1.16,0.79,69,3.57,12.02,1.77,6,0.98,637,10.82,0.93,2024-01-17,172.27,0.629
ITM11627,3,L66,474,18,8,6,12.15,5.11,0.46,77,1.99,175.56,0.75,9,0.86,329,5.11,0.32,2024-08-21,272.49,0.449
ITM11628,2,L76,123,24,13,6,5.99,4.95,0.69,66,4.48,111.72,1.34,5,0.75,882,14.66,0.34,2024-01-26,93.68,0.579
ITM11629,5,L14,96,37,6,7,21.32,2.99,0.78,73,1.7,195.32,1.92,3,0.78,397,10.4,0.61,2024-07-03,52.18,0.565
ITM11630,1,L58,249,33,14,5,42.97,9.26,0.39,89,2.28,145.79,1.89,5,0.72,641,5.32,0.95,2024-12-26,34.0,0.516
ITM11631,1,L65,421,69,3,4,36.37,4.47,0.82,96,3.79,25.28,1.89,6,0.71,966,4.3,0.51,2024-04-11,265.5,0.392
ITM11632,1,L29,277,44,7,7,44.31,8.71,0.41,176,3.85,121.76,0.18,3,0.86,527,9.95,0.94,2024-05-20,117.81,0.815
ITM11633,1,L79,283,95,13,6,31.17,1.54,0.33,129,4.38,13.25,0.87,7,0.8,147,4.82,0.75,2024-07-07,154.63,0.547
ITM11634,1,L6,350,36,11,2,7.39,3.53,0.3,152,0.63,115.98,0.22,4,0.99,331,3.62,0.83,2024-08-25,242.89,0.71
ITM11635,1,L94,201,92,10,8,6.63,2.18,0.28,88,1.33,76.54,0.69,2,0.75,679,10.07,0.95,2024-09-15,118.22,0.765
ITM11636,1,L85,400,85,10,7,3.35,4.38,0.76,165,3.38,132.23,0.43,1,0.94,468,11.14,0.66,2024-07-22,261.71,0.806
ITM11637,5,L67,275,29,7,3,28.79,1.56,0.9,45,2.02,112.9,1.28,0,0.79,272,4.33,0.71,2024-11-21,103.29,0.63
ITM11638,3,L39,57,74,14,4,12.9,4.69,0.31,63,0.7,59.66,1.58,3,0.77,301,8.5,0.66,2024-03-04,222.39,0.581
ITM11639,4,L59,195,94,11,8,36.98,3.86,0.18,154,3.14,40.85,1.08,1,0.99,129,10.29,0.83,2024-12-14,203.54,0.773
ITM11640,2,L83,46,58,5,7,34.63,2.62,0.38,109,2.27,86.9,1.61,2,0.94,875,14.19,0.42,2024-01-16,68.39,0.66
ITM11641,4,L4,295,10,5,6,16.59,6.6,0.69,95,2.14,197.5,0.12,0,0.89,731,12.25,0.83,2024-05-03,46.1,0.895
ITM11642,4,L8,159,19,3,9,9.66,9.53,0.43,31,1.69,92.78,1.66,5,0.91,462,6.89,0.77,2024-07-09,42.35,0.562
ITM11643,3,L62,318,56,11,6,6.02,2.47,0.59,84,0.53,152.27,0.44,3,1.0,718,12.82,0.68,2024-09-07,198.77,0.803
ITM11644,3,L52,464,68,8,4,37.13,7.26,0.77,45,1.32,20.82,0.98,4,0.88,442,7.18,0.23,2024-10-31,13.75,0.54
ITM11645,3,L55,306,71,4,3,23.07,7.55,0.47,38,2.63,81.98,0.94,7,0.73,383,2.82,0.82,2024-08-16,201.6,0.514
ITM11646,1,L88,110,95,10,7,16.85,5.23,1.0,179,1.74,120.26,1.76,3,0.72,938,5.78,0.31,2024-03-31,236.77,0.447
ITM11647,5,L14,499,27,14,9,42.98,9.03,0.37,169,4.43,152.73,1.94,5,0.9,377,12.27,0.97,2024-08-30,97.73,0.644
ITM11648,1,L63,80,55,11,7,30.09,9.68,0.98,151,1.14,110.39,0.58,2,0.9,51,14.38,0.27,2024-10-27,226.25,0.728
ITM11649,5,L92,477,41,11,5,26.38,3.94,0.28,27,4.44,107.91,0.23,7,0.92,252,14.77,0.78,2024-10-09,57.96,0.774
ITM11650,5,L57,470,36,4,2,37.43,6.68,0.2,47,2.32,155.14,1.34,2,0.73,307,9.95,0.49,2024-06-28,288.54,0.603
ITM11651,4,L10,384,27,4,6,40.96,6.79,0.78,110,1.74,69.52,1.06,6,0.98,812,7.7,0.79,2024-06-25,77.3,0.631
ITM11652,4,L11,366,48,9,7,34.62,4.33,0.73,43,1.87,27.22,1.17,6,0.87,416,3.27,0.62,2024-03-24,151.63,0.505
ITM11653,5,L42,182,58,13,7,22.56,3.51,0.83,130,1.99,75.96,0.19,2,0.89,195,2.44,0.7,2024-05-12,294.34,0.692
ITM11654,5,L78,370,91,6,8,19.59,9.37,0.41,96,2.78,40.21,1.57,2,0.71,886,8.26,0.26,2024-12-18,273.07,0.507
ITM11655,1,L19,162,53,3,8,38.81,8.0,0.94,169,2.09,193.53,0.54,9,0.99,427,11.19,0.97,2024-02-16,201.24,0.707
ITM11656,1,L9,419,81,10,7,26.38,1.59,0.21,119,3.41,119.73,0.74,9,0.87,490,5.53,0.2,2024-05-25,117.07,0.434
ITM11657,4,L17,272,63,4,3,35.51,1.64,0.13,76,2.41,94.85,0.53,7,0.87,504,10.45,0.95,2024-01-15,213.03,0.71
ITM11658,3,L36,288,43,5,2,44.63,9.26,0.37,52,3.52,183.29,1.9,2,0.98,456,8.99,0.65,2024-07-16,143.48,0.616
ITM11659,5,L80,388,80,7,7,45.88,1.27,0.82,132,3.22,181.07,0.42,1,0.98,836,14.17,0.41,2024-01-26,41.56,0.805
ITM11660,1,L82,310,45,5,4,14.61,7.04,0.71,31,1.6,88.98,1.49,4,0.77,68,3.93,0.71,2024-03-24,240.83,0.519
ITM11661,4,L75,478,27,9,6,10.21,2.65,0.49,96,4.16,176.2,0.57,6,0.98,929,9.27,0.74,2024-10-19,262.77,0.691
ITM11662,1,L71,206,47,9,5,13.8,0.83,0.33,86,4.1,22.16,0.91,7,0.92,482,6.79,0.78,2024-04-19,128.21,0.6
ITM11663,5,L92,424,68,4,8,37.82,1.07,0.15,134,4.95,178.29,1.99,0,0.71,478,4.66,0.21,2024-04-23,203.06,0.447
ITM11664,5,L42,457,18,9,4,19.13,4.05,0.4,105,1.29,69.01,0.29,1,0.77,301,6.0,0.99,2024-11-27,18.81,0.783
ITM11665,2,L49,478,82,13,6,9.5,1.24,0.51,131,4.32,117.37,1.77,6,0.82,845,5.12,0.69,2024-04-25,67.2,0.473
ITM11666,3,L77,433,81,8,9,5.82,6.17,0.72,166,4.42,61.24,1.9,8,0.87,892,8.39,0.5,2024-12-12,175.38,0.436
ITM11667,2,L68,323,60,12,8,17.04,6.65,0.68,49,3.39,197.11,1.43,2,0.91,611,8.81,0.66,2024-04-15,89.48,0.648
ITM11668,4,L38,310,44,11,3,7.67,4.05,0.95,113,2.78,23.64,0.12,7,0.76,956,13.12,0.34,2024-05-17,283.87,0.643
ITM11669,1,L59,105,91,11,8,8.66,7.56,0.19,128,4.81,94.92,1.66,9,0.95,872,11.94,0.4,2024-11-29,252.74,0.483
ITM11670,4,L65,185,14,4,2,34.51,5.16,0.4,147,4.88,127.99,1.78,2,0.95,698,5.24,0.27,2024-07-28,199.95,0.496
ITM11671,5,L78,434,23,9,2,1.97,4.59,0.53,129,3.39,126.97,1.96,3,0.89,959,14.04,0.9,2024-09-19,299.66,0.689
ITM11672,2,L56,481,39,7,6,6.76,4.37,0.7,26,2.12,150.36,1.69,1,0.98,787,13.16,0.4,2024-01-11,80.54,0.662
ITM11673,2,L13,427,13,8,4,42.37,4.6,0.55,111,4.18,147.64,0.95,8,0.94,270,9.76,0.79,2024-12-15,276.55,0.621
ITM11674,2,L90,133,48,3,5,42.4,9.69,0.92,139,0.9,160.7,1.41,4,0.77,162,1.26,0.42,2024-01-05,98.33,0.434
ITM11675,4,L15,452,93,9,3,17.13,6.97,0.65,154,1.81,54.51,1.02,4,0.94,198,3.93,0.32,2024-08-30,183.01,0.522
ITM11676,5,L84,499,73,8,6,5.31,3.49,0.14,117,4.93,80.4,0.77,3,0.99,609,12.05,0.29,2024-03-08,135.97,0.68
ITM11677,1,L84,375,34,6,9,35.54,7.47,0.2,99,4.16,82.59,1.29,4,0.74,107,7.35,0.89,2024-11-27,138.53,0.615
ITM11678,1,L99,435,37,3,3,18.65,3.64,0.78,128,4.73,191.61,1.56,0,0.99,246,2.76,0.3,2024-03-29,231.13,0.539
ITM11679,4,L71,202,85,11,2,3.23,1.69,0.74,175,3.18,87.77,1.31,9,0.71,786,6.72,0.27,2024-11-03,110.79,0.375
ITM11680,2,L93,226,75,6,7,8.73,5.02,0.24,174,2.33,52.16,1.67,9,0.86,698,3.97,0.21,2024-01-05,157.18,0.32
ITM11681,3,L28,275,87,4,7,7.72,7.63,0.15,72,4.91,130.15,0.44,5,0.93,756,13.5,0.49,2024-04-24,71.4,0.72
ITM11682,4,L56,254,31,10,5,29.87,4.09,0.62,14,1.89,91.18,0.81,3,0.94,767,13.45,0.95,2024-05-09,231.41,0.816
ITM11683,4,L58,461,40,4,3,45.01,8.76,0.67,34,3.91,57.52,0.69,3,0.92,67,6.42,0.93,2024-11-07,170.06,0.727
ITM11684,5,L30,374,32,7,6,39.86,4.18,0.22,82,3.01,145.88,0.47,4,0.86,829,2.92,0.29,2024-06-05,83.97,0.542
ITM11685,1,L53,22,57,13,5,27.78,3.82,0.53,133,1.53,46.47,0.94,0,0.9,264,6.02,0.21,2024-12-30,87.12,0.608
ITM11686,4,L44,227,29,8,8,21.69,9.98,0.38,31,0.58,130.34,1.9,3,0.91,767,2.8,0.8,2024-12-29,95.13,0.529
ITM11687,4,L59,216,47,13,8,31.32,5.08,0.94,102,2.23,91.8,1.12,9,0.85,685,5.26,0.45,2024-11-25,212.79,0.438
ITM11688,2,L52,360,64,10,9,22.75,8.15,0.3,44,2.96,70.64,0.64,2,0.88,65,11.8,0.87,2024-05-20,182.58,0.803
ITM11689,2,L54,144,77,13,4,13.06,8.15,0.76,64,1.32,189.74,0.77,4,0.95,726,5.09,0.37,2024-08-04,248.45,0.575
ITM11690,3,L94,157,88,3,7,34.28,9.3,0.57,137,2.37,71.64,1.26,9,0.79,709,8.62,0.59,2024-07-11,175.74,0.485
ITM11691,5,L13,358,97,3,6,43.79,1.31,0.11,29,3.27,76.03,0.77,4,0.86,837,2.66,0.23,2024-06-27,98.93,0.496
ITM11692,3,L41,44,98,14,3,19.27,3.08,0.57,14,3.72,175.42,1.12,7,0.7,448,5.87,0.92,2024-08-23,289.23,0.55
ITM11693,2,L55,87,10,6,5,42.24,7.79,0.19,176,0.74,34.52,0.62,0,0.91,282,1.55,0.34,2024-05-09,266.97,0.609
ITM11694,1,L41,80,16,7,6,22.12,5.84,0.69,72,3.49,30.53,0.76,2,0.76,74,8.67,0.44,2024-04-21,90.86,0.64
ITM11695,2,L86,48,66,11,5,20.67,5.82,0.61,41,0.76,63.71,1.44,4,0.84,450,5.87,0.58,2024-08-26,274.68,0.538
ITM11696,5,L33,402,21,13,5,2.39,2.08,0.11,83,0.63,122.41,1.21,2,0.76,829,13.21,0.42,2024-06-03,218.84,0.651
ITM11697,2,L48,38,14,9,5,35.07,3.17,0.28,177,1.19,83.02,0.28,5,0.71,414,6.5,0.23,2024-12-12,130.26,0.547
ITM11698,5,L20,190,59,9,3,40.57,5.45,0.8,154,3.44,125.63,1.95,9,0.84,987,8.81,0.22,2024-09-23,145.39,0.354
ITM11699,5,L88,469,51,10,6,33.51,3.13,0.35,110,0.74,40.35,0.19,2,0.83,344,14.67,0.96,2024-11-15,139.45,0.895
ITM11700,5,L61,93,21,7,2,8.42,2.5,0.55,88,0.59,59.68,0.26,5,0.83,486,10.0,0.46,2024-07-22,241.09,0.665
ITM11701,5,L9,80,27,7,2,6.06,1.33,0.38,169,1.03,117.38,1.43,7,0.76,120,8.01,0.47,2024-10-26,60.9,0.47
ITM11702,5,L12,446,75,3,3,29.07,1.98,0.93,32,4.77,51.26,1.45,3,0.98,761,2.37,0.94,2024-02-22,27.01,0.611
ITM11703,1,L11,172,83,11,8,20.67,7.8,0.58,65,4.58,90.33,0.14,7,0.7,608,12.49,0.87,2024-01-04,154.55,0.727
ITM11704,3,L12,295,88,8,3,22.03,7.33,0.73,146,0.89,118.8,1.32,6,0.97,74,9.99,0.75,2024-09-18,94.22,0.625
ITM11705,4,L56,67,26,11,7,48.42,0.94,0.18,115,1.87,194.99,0.16,3,0.92,774,2.52,0.73,2024-12-05,173.54,0.688
ITM11706,3,L13,230,77,5,5,36.47,2.43,0.14,78,4.76,25.18,1.93,2,0.75,995,4.44,0.84,2024-07-10,293.68,0.544
ITM11707,5,L96,362,80,7,6,21.18,5.82,0.33,31,0.94,97.48,1.42,4,0.84,423,8.53,0.34,2024-10-14,204.72,0.528
ITM11708,1,L95,427,71,4,6,1.94,3.56,0.38,41,0.93,85.29,0.45,4,1.0,594,1.63,0.73,2024-11-27,288.17,0.643
ITM11709,2,L48,158,50,12,4,2.67,8.32,0.72,11,0.89,166.61,0.4,6,0.89,507,11.06,0.28,2024-10-31,222.3,0.621
ITM11710,1,L17,129,43,7,4,34.56,7.96,0.61,132,4.89,181.06,1.18,0,0.74,263,4.19,0.3,2024-11-07,32.02,0.546
ITM11711,5,L72,202,79,10,9,42.05,8.97,0.44,94,3.84,182.33,1.3,8,0.84,260,7.86,0.39,2024-05-24,267.9,0.461
ITM11712,1,L8,47,54,13,2,35.68,5.85,0.69,23,1.47,81.28,1.68,1,0.84,590,4.38,0.77,2024-06-01,67.69,0.592
ITM11713,1,L76,216,67,4,4,20.89,3.84,0.25,46,0.71,67.88,1.82,8,0.94,820,7.85,0.91,2024-12-16,260.79,0.533
ITM11714,5,L72,210,60,10,4,2.53,6.26,0.16,36,4.84,95.34,0.85,8,0.97,88,3.66,0.75,2024-02-25,227.23,0.548
ITM11715,1,L72,334,43,6,2,48.4,1.35,0.87,161,2.41,75.36,1.7,2,0.72,309,9.31,0.53,2024-09-03,253.2,0.564
ITM11716,4,L43,408,53,12,7,49.33,0.59,0.61,73,3.19,146.58,1.13,6,0.79,726,13.75,0.61,2024-02-02,83.54,0.63
ITM11717,4,L86,70,24,12,8,27.92,0.66,0.68,79,1.76,50.58,0.99,2,0.79,144,12.3,0.77,2024-06-21,244.15,0.737
ITM11718,1,L16,168,87,3,2,4.46,4.37,0.38,163,3.91,135.15,1.43,7,1.0,439,4.38,0.69,2024-05-21,187.0,0.513
ITM11719,2,L53,287,79,7,8,27.51,2.67,0.43,24,1.39,186.13,0.3,7,0.87,269,7.97,0.62,2024-11-23,33.74,0.634
ITM11720,5,L46,69,59,3,9,44.72,1.99,0.17,38,4.04,63.18,0.6,2,0.96,955,6.92,0.39,2024-06-15,267.85,0.662
ITM11721,4,L86,407,41,9,4,34.32,6.35,0.87,83,1.54,138.61,1.65,4,0.83,317,14.52,0.69,2024-05-21,264.28,0.653
ITM11722,2,L97,265,76,10,6,36.28,9.95,0.63,37,0.94,37.28,1.06,6,0.92,543,12.18,0.21,2024-05-13,175.88,0.562
ITM11723,1,L55,132,12,5,4,5.16,2.19,0.18,68,2.65,33.06,1.83,0,0.79,679,2.5,0.65,2024-12-01,141.26,0.538
ITM11724,2,L93,189,95,5,5,6.22,5.69,0.82,82,4.16,31.97,0.27,2,0.97,115,3.36,0.86,2024-12-30,126.16,0.744
ITM11725,3,L7,487,95,9,9,7.24,1.64,0.5,158,2.23,36.32,0.7,0,0.84,436,10.83,0.34,2024-11-29,184.79,0.71
ITM11726,4,L37,185,83,6,8,45.31,9.38,0.79,19,0.63,51.07,0.78,1,0.94,242,3.24,0.29,2024-06-01,254.09,0.591
ITM11727,1,L77,428,60,5,8,26.77,3.27,0.11,141,2.99,116.94,0.9,6,0.78,369,14.31,0.98,2024-04-06,174.12,0.733
ITM11728,5,L40,33,76,10,5,39.79,8.84,0.13,71,3.56,155.73,1.97,6,0.91,596,14.9,0.87,2024-03-17,47.6,0.638
ITM11729,1,L46,222,85,5,5,6.65,3.19,0.25,141,3.83,34.1,0.69,2,0.82,969,11.9,0.44,2024-09-21,98.79,0.702
ITM11730,5,L14,307,57,9,7,46.45,8.16,0.29,136,2.31,175.3,1.09,5,0.71,224,1.38,0.37,2024-05-03,203.79,0.425
ITM11731,1,L74,414,26,4,3,41.24,2.49,0.79,15,0.94,170.12,1.12,5,0.82,161,7.76,0.47,2024-01-30,197.58,0.549
ITM11732,2,L65,208,16,13,5,12.01,3.28,0.74,89,3.13,148.2,1.56,1,0.87,357,6.69,0.54,2024-11-03,160.48,0.595
ITM11733,2,L28,421,22,13,8,43.83,2.33,0.65,81,1.98,90.93,1.08,8,0.75,851,12.19,0.86,2024-07-25,79.74,0.617
ITM11734,2,L20,174,75,3,6,13.91,3.01,0.9,25,4.76,10.3,1.25,7,0.76,389,5.02,0.39,2024-12-04,88.47,0.432
ITM11735,3,L85,74,13,14,8,11.06,8.43,0.32,47,2.76,149.61,1.53,1,0.84,129,6.41,0.78,2024-06-12,150.43,0.636
ITM11736,5,L62,201,19,8,8,13.95,6.57,0.91,74,2.63,177.01,0.29,3,0.8,527,2.31,0.94,2024-12-14,124.4,0.69
ITM11737,2,L29,229,97,10,7,45.59,4.36,0.92,135,1.89,73.7,1.93,8,0.83,160,5.8,0.5,2024-03-12,101.62,0.39
ITM11738,3,L14,395,26,3,3,45.86,9.73,0.49,92,2.02,146.42,1.71,3,0.84,536,14.63,0.22,2024-01-14,250.54,0.576
ITM11739,5,L45,490,61,12,3,17.12,4.92,0.18,26,2.81,21.79,0.84,6,0.74,970,14.19,0.86,2024-12-01,156.17,0.705
ITM11740,1,L72,94,15,14,5,35.57,9.71,0.75,122,1.88,144.8,1.48,4,0.75,502,11.5,0.77,2024-09-11,155.89,0.629
ITM11741,3,L48,296,92,11,9,34.11,2.37,0.4,165,4.52,22.98,1.55,9,0.95,462,13.7,0.32,2024-05-31,134.14,0.502
ITM11742,4,L15,447,78,5,4,40.52,9.09,0.82,149,2.48,121.57,1.72,5,0.75,653,3.96,0.68,2024-05-12,207.46,0.467
ITM11743,3,L98,152,83,5,8,15.53,0.63,0.25,79,1.81,123.54,0.46,0,0.9,998,9.71,0.86,2024-08-02,60.94,0.835
ITM11744,3,L36,362,18,6,2,26.0,5.68,0.59,80,1.2,67.41,1.44,3,0.83,235,8.0,0.34,2024-07-26,283.64,0.537
ITM11745,5,L74,444,86,13,4,33.72,4.52,0.56,140,3.53,25.03,0.16,4,0.99,602,6.92,0.38,2024-07-17,40.34,0.67
ITM11746,1,L29,78,92,3,4,2.29,5.49,0.19,58,0.62,190.37,0.32,5,0.72,136,5.55,0.36,2024-01-19,215.99,0.558
ITM11747,4,L55,364,30,11,3,19.46,5.76,0.43,30,2.52,111.76,1.57,5,0.95,273,13.13,1.0,2024-10-25,214.25,0.708
ITM11748,2,L72,201,33,13,3,35.1,4.2,0.18,145,2.98,120.15,1.64,4,0.85,100,7.78,0.38,2024-12-28,43.04,0.506
ITM11749,2,L99,477,13,5,7,13.38,9.98,0.52,73,2.03,126.85,1.23,2,0.7,175,11.14,0.41,2024-10-19,297.98,0.608
ITM11750,3,L80,425,33,12,7,47.93,9.78,0.86,167,3.87,179.3,1.21,1,0.78,195,10.88,0.24,2024-04-07,19.95,0.608
ITM11751,5,L79,358,68,6,3,2.48,9.64,0.34,41,3.54,21.45,1.52,6,0.82,90,2.9,0.99,2024-06-24,115.76,0.529
ITM11752,5,L87,340,12,3,6,47.95,9.8,0.79,29,4.87,179.72,1.82,0,0.79,404,1.69,0.4,2024-04-23,133.18,0.479
ITM11753,2,L83,83,77,6,6,11.62,8.03,0.27,25,2.79,55.54,0.9,4,0.81,494,12.76,0.78,2024-12-17,242.81,0.718
ITM11754,4,L72,346,49,3,2,3.39,9.89,0.71,162,2.92,24.81,0.32,3,0.98,412,7.86,0.22,2024-09-30,18.65,0.653
ITM11755,1,L4,279,57,7,3,15.33,8.98,0.92,69,1.61,134.88,1.69,6,0.81,585,12.34,0.83,2024-11-22,171.54,0.604
ITM11756,4,L78,212,63,7,5,39.53,4.45,0.39,146,2.23,195.63,0.75,1,0.83,864,5.16,0.8,2024-08-31,69.16,0.7
ITM11757,1,L85,162,44,13,7,37.87,7.96,0.91,112,0.62,20.88,0.35,7,0.93,333,13.07,0.27,2024-12-09,176.05,0.639
ITM11758,2,L89,123,65,9,3,11.23,9.16,0.55,70,3.6,90.96,1.27,8,0.94,85,12.63,0.3,2024-07-02,197.44,0.529
ITM11759,1,L35,479,98,10,6,10.64,7.27,0.39,177,1.9,110.66,1.2,9,0.73,326,6.34,0.44,2024-09-16,19.9,0.419
ITM11760,5,L4,425,49,6,3,32.49,4.52,0.91,113,2.93,57.9,1.0,0,0.91,745,6.76,0.48,2024-06-02,29.56,0.668
ITM11761,3,L24,233,86,9,6,23.45,1.13,0.13,70,1.65,196.75,1.73,4,0.84,374,5.91,0.83,2024-03-28,34.72,0.56
ITM11762,3,L35,261,77,6,3,39.82,8.19,0.13,85,3.29,131.78,0.62,3,0.74,715,1.49,0.25,2024-12-02,257.16,0.496
ITM11763,2,L90,450,55,5,8,2.18,9.55,0.64,24,2.51,170.43,0.13,4,0.78,231,10.63,0.72,2024-10-12,278.73,0.749
ITM11764,5,L98,228,87,8,5,30.91,3.94,0.82,141,2.67,89.0,0.71,8,0.71,520,4.82,0.38,2024-04-02,136.94,0.451
ITM11765,4,L40,112,22,6,9,36.8,1.94,0.78,160,4.74,77.25,0.12,2,0.81,861,13.38,0.51,2024-05-30,263.69,0.79
ITM11766,5,L44,449,36,5,2,49.68,3.6,0.17,164,3.68,115.1,1.13,0,0.78,466,13.56,0.2,2024-02-19,148.1,0.664
ITM11767,3,L45,161,15,11,8,34.26,6.03,0.96,112,1.68,92.7,0.82,2,0.81,715,11.12,0.43,2024-08-29,126.33,0.674
ITM11768,3,L1,453,26,7,5,12.36,3.51,0.73,174,2.77,145.84,1.65,3,0.87,938,3.54,0.34,2024-03-06,164.06,0.464
ITM11769,5,L24,423,45,9,6,6.3,6.3,0.95,174,2.6,60.51,1.62,1,0.92,199,2.25,0.6,2024-05-12,239.15,0.552
ITM11770,5,L19,453,90,14,7,32.4,9.69,0.4,166,4.08,95.42,0.93,0,0.88,453,12.43,0.33,2024-10-13,74.89,0.715
ITM11771,3,L73,131,11,8,7,26.64,6.87,0.72,166,4.25,180.08,0.51,0,0.9,563,13.5,0.87,2024-04-03,97.5,0.883
ITM11772,4,L85,436,86,12,4,45.06,3.95,0.87,84,1.78,153.66,0.9,7,0.96,858,5.93,0.91,2024-12-14,256.17,0.623
ITM11773,2,L52,394,61,7,5,36.6,9.39,0.44,37,4.2,41.93,1.32,3,0.96,615,5.94,0.88,2024-06-20,275.63,0.655
ITM11774,2,L9,78,75,9,3,25.98,5.87,0.97,83,1.31,178.5,0.46,1,0.96,490,6.46,0.99,2024-12-01,45.67,0.81
ITM11775,5,L19,62,61,13,2,20.78,1.72,0.34,142,3.93,121.91,1.57,9,0.75,963,12.59,0.93,2024-02-15,214.43,0.567
ITM11776,2,L95,226,52,8,3,20.81,5.24,0.38,134,1.62,139.06,0.73,2,0.78,950,10.9,0.42,2024-04-23,12.79,0.672
ITM11777,3,L82,287,99,12,3,12.09,6.71,0.93,65,1.84,65.91,1.87,7,0.85,295,2.71,0.45,2024-06-30,81.39,0.369
ITM11778,3,L4,315,31,4,5,1.85,8.46,0.97,73,4.34,93.89,1.07,5,0.81,95,9.89,0.63,2024-04-24,29.9,0.613
ITM11779,5,L12,137,64,5,9,29.17,9.4,0.36,136,2.39,163.29,1.71,7,0.74,124,1.14,0.51,2024-06-06,159.46,0.354
ITM11780,5,L96,39,76,4,2,11.41,3.52,0.22,130,4.96,72.83,1.27,9,0.79,198,10.95,0.98,2024-08-03,109.58,0.593
ITM11781,5,L68,241,69,14,4,11.21,1.98,0.78,98,1.18,41.36,1.15,4,0.99,455,11.7,0.47,2024-06-18,49.9,0.653
ITM11782,4,L28,185,67,5,8,7.14,1.2,0.94,26,2.59,81.88,1.4,2,0.8,52,12.41,0.79,2024-07-09,10.09,0.703
ITM11783,2,L49,150,21,3,3,10.29,7.51,0.64,106,3.8,23.15,1.64,5,0.83,58,9.76,0.66,2024-05-13,122.63,0.564
ITM11784,5,L54,175,97,10,2,2.56,8.05,0.67,64,0.52,146.39,1.32,9,0.7,563,3.53,0.97,2024-10-26,95.4,0.469
ITM11785,1,L59,203,78,8,4,34.04,4.39,0.79,146,1.18,38.07,1.61,7,0.92,287,12.11,0.8,2024-05-30,23.54,0.604
ITM11786,1,L44,109,93,4,8,20.67,4.26,0.24,119,0.59,64.17,0.46,4,0.82,589,13.6,0.44,2024-08-25,257.01,0.707
ITM11787,3,L21,113,48,10,3,28.51,9.57,0.98,25,4.97,177.41,0.63,4,0.73,339,9.87,0.36,2024-03-01,129.13,0.607
ITM11788,2,L48,32,22,8,2,32.21,9.21,0.43,153,3.92,112.69,0.54,2,0.99,230,4.85,0.88,2024-08-28,234.69,0.745
ITM11789,5,L40,480,50,9,8,48.65,2.72,0.67,22,2.18,71.05,1.62,2,0.93,364,3.51,0.93,2024-01-28,132.39,0.617
ITM11790,1,L93,341,66,13,5,4.35,7.92,0.52,87,1.2,114.06,0.26,7,0.92,315,4.24,0.86,2024-11-20,29.58,0.647
ITM11791,2,L42,312,62,3,9,21.48,6.42,0.52,94,0.91,51.47,1.61,0,0.99,132,1.24,0.79,2024-10-25,124.34,0.612
ITM11792,3,L100,452,21,9,7,13.05,1.97,0.73,82,2.89,14.78,0.84,3,0.82,910,1.14,0.46,2024-10-24,266.98,0.527
ITM11793,4,L73,249,22,5,7,24.36,3.89,1.0,128,4.89,124.71,0.25,8,0.92,814,5.16,0.6,2024-11-13,12.25,0.588
ITM11794,2,L77,341,83,13,3,46.1,2.19,0.69,178,3.54,145.68,0.91,5,0.76,307,13.92,0.93,2024-02-06,269.64,0.733
ITM11795,2,L11,311,66,14,3,36.48,3.3,0.81,77,2.14,177.16,0.67,5,0.91,609,9.7,0.31,2024-08-29,200.45,0.606
ITM11796,4,L7,457,49,10,8,33.44,6.35,0.12,83,2.75,156.66,1.22,9,0.7,695,6.41,0.6,2024-04-09,298.73,0.443
ITM11797,2,L20,45,89,8,2,22.62,4.07,0.83,108,5.0,186.07,1.0,6,0.74,861,1.15,0.48,2024-09-13,275.67,0.439
ITM11798,3,L21,94,54,6,7,33.88,4.24,0.37,126,2.83,197.33,0.66,6,0.83,999,14.86,0.74,2024-03-02,262.0,0.726
ITM11799,3,L97,475,44,13,3,2.59,5.63,0.21,146,4.84,151.54,1.74,5,0.7,248,7.38,0.71,2024-12-14,20.88,0.506
ITM11800,4,L80,383,12,10,4,29.73,1.33,0.2,155,0.57,174.91,0.87,8,0.84,341,14.88,0.65,2024-07-14,91.27,0.649
ITM11801,5,L7,443,14,11,3,28.14,7.52,0.71,147,3.74,138.01,0.99,7,0.86,697,11.08,0.42,2024-09-28,118.68,0.565
ITM11802,1,L87,318,99,12,7,17.99,4.32,1.0,124,3.32,42.48,1.71,7,0.89,132,1.72,0.33,2024-06-01,212.95,0.356
ITM11803,5,L11,169,20,4,6,10.87,5.06,0.7,63,3.58,44.52,0.27,1,0.73,315,13.03,0.83,2024-07-30,198.11,0.839
ITM11804,2,L35,167,80,8,9,40.57,9.76,0.34,88,3.07,30.95,0.84,6,0.75,466,8.43,0.99,2024-01-28,59.79,0.656
ITM11805,1,L57,27,65,7,7,3.64,3.77,0.28,24,0.7,189.17,0.87,0,0.88,919,7.34,0.34,2024-03-18,223.68,0.655
ITM11806,4,L85,48,19,7,4,4.41,6.66,0.57,148,1.17,137.82,1.04,9,0.9,780,11.61,0.26,2024-03-11,55.13,0.503
ITM11807,4,L55,315,43,12,2,22.59,4.23,0.16,177,4.65,160.08,0.3,7,0.71,910,11.85,0.8,2024-04-12,142.37,0.69
ITM11808,1,L63,493,76,13,4,13.38,9.0,0.46,127,1.55,72.92,0.3,2,0.86,68,12.15,0.48,2024-06-24,177.83,0.76
ITM11809,3,L78,433,81,5,6,37.53,8.54,0.7,121,4.97,97.48,0.89,8,0.94,579,11.65,0.37,2024-07-28,262.5,0.568
ITM11810,1,L57,228,40,14,6,32.08,2.8,0.97,115,3.56,17.56,0.16,4,0.72,420,9.98,0.62,2024-10-18,193.08,0.705
ITM11811,2,L54,147,84,10,3,38.85,7.07,0.48,114,2.5,178.91,0.58,6,0.82,740,10.46,0.74,2024-08-22,286.9,0.673
ITM11812,3,L35,359,80,10,3,16.91,1.12,0.28,56,4.64,172.07,0.48,6,0.8,72,13.02,0.37,2024-03-14,298.4,0.64
ITM11813,4,L28,135,75,14,7,37.29,9.65,0.84,127,4.08,159.11,1.03,8,0.97,434,10.67,1.0,2024-06-10,157.56,0.673
ITM11814,1,L97,458,79,7,5,43.25,3.82,0.77,135,2.43,21.08,0.12,1,0.76,876,2.42,0.46,2024-04-02,24.93,0.644
ITM11815,5,L66,163,50,10,9,17.92,8.4,0.87,157,0.81,43.11,1.38,3,0.8,805,10.04,0.45,2024-02-11,18.21,0.586
ITM11816,5,L15,449,72,12,4,17.65,3.53,0.29,107,4.41,73.49,1.73,7,0.97,668,3.38,0.54,2024-09-06,258.14,0.434
ITM11817,2,L45,337,41,10,7,45.1,6.51,0.46,159,3.94,59.98,1.44,4,0.8,692,1.2,0.8,2024-06-19,154.96,0.512
ITM11818,5,L56,254,29,5,5,3.44,9.84,0.98,57,4.06,169.31,1.65,4,0.86,571,4.0,0.9,2024-11-19,116.37,0.56
ITM11819,1,L15,26,66,4,7,18.16,8.83,0.24,91,3.85,47.02,1.32,2,0.71,428,3.16,0.46,2024-03-31,92.49,0.504
ITM11820,1,L37,483,59,11,9,6.81,2.02,0.7,25,1.74,111.1,1.06,4,1.0,760,2.43,0.29,2024-06-09,91.72,0.504
ITM11821,5,L87,64,89,4,9,2.42,5.7,0.31,142,4.36,118.56,0.52,6,0.95,866,4.01,0.4,2024-11-20,31.12,0.551
ITM11822,1,L87,462,34,11,6,6.53,3.81,0.55,83,0.51,90.75,0.63,3,0.89,873,8.89,0.27,2024-01-30,97.87,0.628
ITM11823,2,L76,258,21,6,3,22.13,4.63,0.82,30,1.57,55.73,0.7,7,0.72,139,3.12,0.7,2024-01-03,196.99,0.516
ITM11824,3,L63,459,80,14,3,34.66,3.68,0.54,70,0.71,192.46,0.17,5,0.72,193,4.91,0.79,2024-08-19,121.71,0.65
ITM11825,2,L68,451,48,4,9,15.17,3.69,0.82,33,1.0,88.55,1.83,5,0.86,856,12.89,0.54,2024-05-20,284.87,0.569
ITM11826,2,L86,174,26,12,7,42.63,5.65,0.48,32,2.9,148.19,1.81,5,0.79,670,13.43,0.96,2024-04-17,203.77,0.648
ITM11827,1,L40,200,54,3,9,22.44,2.32,1.0,96,0.67,44.97,0.3,3,0.89,913,5.66,0.78,2024-03-27,260.55,0.719
ITM11828,3,L6,234,20,6,3,48.44,5.61,0.49,148,1.32,166.33,1.16,2,0.88,253,13.59,0.5,2024-10-22,43.11,0.701
ITM11829,1,L29,107,79,11,2,47.75,3.15,0.23,11,1.55,51.02,0.99,9,0.95,605,9.2,0.28,2024-03-22,140.65,0.49
ITM11830,4,L51,275,32,14,7,38.89,3.25,0.46,62,3.45,138.31,1.4,5,0.78,569,4.17,0.59,2024-09-07,22.02,0.49
ITM11831,1,L77,92,79,11,6,46.69,7.52,0.77,148,2.61,106.23,1.25,5,0.87,441,11.56,0.6,2024-02-15,269.55,0.623
ITM11832,1,L8,438,47,6,8,35.65,0.78,0.86,24,2.56,37.85,0.34,1,0.93,350,13.91,0.64,2024-03-07,52.59,0.845
ITM11833,1,L1,198,11,11,7,44.88,4.12,0.51,149,3.96,14.74,1.35,9,0.85,956,10.23,0.75,2024-11-10,243.57,0.541
ITM11834,3,L27,231,95,14,7,12.59,4.37,0.64,131,2.56,186.84,1.26,8,0.95,554,3.82,0.41,2024-08-10,277.91,0.437
ITM11835,1,L39,312,93,8,3,17.93,5.11,0.86,132,2.07,33.88,1.11,3,0.74,914,2.2,0.2,2024-11-20,138.15,0.446
ITM11836,3,L28,253,98,3,6,37.89,6.86,0.83,173,4.83,143.94,0.86,3,0.92,202,4.21,0.85,2024-08-07,122.91,0.664
ITM11837,5,L99,484,88,12,7,21.8,4.01,0.69,101,0.54,134.01,1.91,9,0.98,578,5.74,0.86,2024-07-25,184.03,0.474
ITM11838,4,L18,258,81,8,3,42.03,2.52,0.83,32,1.87,74.93,1.71,7,0.8,388,5.67,0.93,2024-08-07,224.7,0.511
ITM11839,3,L98,242,46,11,9,44.0,8.91,0.62,164,3.24,45.22,1.21,2,0.81,798,7.98,0.98,2024-09-01,197.23,0.703
ITM11840,5,L33,138,58,4,4,15.69,9.82,0.1,97,4.02,43.88,0.11,9,0.73,561,8.07,0.33,2024-07-15,10.33,0.529
ITM11841,3,L38,332,61,8,6,41.35,0.69,0.14,151,4.17,121.21,0.92,6,0.89,384,7.6,0.48,2024-01-03,237.92,0.563
ITM11842,3,L42,283,42,4,5,8.56,5.69,0.98,108,0.71,113.92,1.43,6,0.87,558,5.81,0.88,2024-01-20,52.74,0.564
ITM11843,4,L16,226,31,6,2,17.38,3.75,0.23,36,3.69,176.43,0.32,1,0.71,105,2.5,0.95,2024-09-30,140.41,0.713
ITM11844,2,L1,114,14,10,5,26.38,3.13,0.46,30,3.74,131.6,0.87,2,0.93,605,6.86,0.21,2024-04-12,91.88,0.592
ITM11845,2,L64,392,27,9,8,12.1,3.69,0.94,58,1.46,165.66,0.46,3,0.95,870,14.8,0.51,2024-07-10,279.09,0.783
ITM11846,3,L96,241,47,13,9,29.38,6.57,0.28,53,1.01,16.16,0.74,1,0.97,802,10.15,0.29,2024-01-08,155.61,0.693
ITM11847,1,L56,385,46,14,6,29.36,2.31,0.86,53,3.87,137.49,0.15,8,0.86,980,7.16,0.83,2024-06-13,161.43,0.658
ITM11848,5,L23,295,73,11,7,11.14,9.17,0.84,137,1.62,54.4,0.34,9,0.84,600,2.17,0.8,2024-09-28,32.08,0.543
ITM11849,1,L17,399,19,9,3,39.99,4.93,0.99,179,0.51,58.04,0.96,5,0.96,179,3.99,0.8,2024-04-07,270.23,0.609
ITM11850,1,L49,250,88,3,8,31.95,3.59,0.35,32,1.51,146.91,1.81,0,0.82,147,9.05,0.51,2024-01-10,79.32,0.606
ITM11851,3,L69,328,51,4,6,16.57,7.77,0.38,138,0.64,160.75,1.03,0,0.9,842,7.97,0.52,2024-12-12,130.05,0.687
ITM11852,3,L91,138,57,8,2,12.38,0.66,0.91,134,1.62,80.63,0.96,7,0.88,471,1.27,0.41,2024-01-03,295.74,0.439
ITM11853,3,L30,287,53,9,6,44.06,4.6,0.31,45,2.01,160.11,1.6,5,0.81,129,2.21,0.49,2024-11-16,43.03,0.429
ITM11854,3,L65,452,91,5,8,41.95,3.88,0.59,64,1.72,94.31,0.61,9,0.73,337,5.98,0.99,2024-05-07,218.37,0.583
ITM11855,2,L72,292,96,11,3,12.26,3.71,0.74,119,4.64,172.95,0.28,6,0.71,896,2.97,0.24,2024-04-25,85.44,0.482
ITM11856,3,L86,83,25,9,5,2.74,3.7,0.34,25,1.55,14.73,0.5,5,0.83,795,14.41,0.46,2024-12-21,131.74,0.7
ITM11857,2,L46,317,63,8,4,40.42,0.8,0.94,98,2.6,25.86,1.6,1,0.84,895,1.48,0.83,2024-06-25,131.28,0.574
ITM11858,2,L10,369,44,8,5,31.16,1.95,0.7,27,4.81,157.51,1.39,2,0.95,218,14.64,0.51,2024-06-08,280.35,0.708
ITM11859,3,L51,432,37,3,3,5.94,1.85,0.14,47,4.46,128.58,0.27,7,0.82,128,10.19,0.96,2024-03-07,13.01,0.725
ITM11860,4,L95,422,11,7,8,29.78,9.89,0.22,29,1.89,116.21,1.37,3,0.78,120,6.7,0.47,2024-02-22,116.49,0.542
ITM11861,5,L6,30,22,12,3,23.16,0.71,0.27,28,1.97,126.66,1.87,7,0.84,312,8.55,0.88,2024-07-15,257.2,0.531
ITM11862,1,L56,117,50,5,9,38.95,2.09,0.32,22,3.17,186.74,0.19,2,0.77,761,6.74,0.85,2024-09-14,274.05,0.755
ITM11863,2,L3,453,89,9,2,11.25,9.75,0.76,26,4.63,134.55,1.27,1,0.73,772,9.02,0.21,2024-10-28,100.28,0.561
ITM11864,5,L59,90,68,12,6,23.2,6.47,0.18,39,0.54,133.02,0.82,6,0.73,579,3.13,0.52,2024-06-05,80.17,0.49
ITM11865,4,L10,383,78,5,9,8.66,4.78,0.42,52,2.27,154.3,1.05,0,0.8,834,2.68,0.42,2024-03-26,143.77,0.575
ITM11866,1,L41,77,62,7,6,47.92,1.25,0.92,57,4.32,174.66,1.1,2,0.7,259,8.4,0.58,2024-02-03,226.29,0.618
ITM11867,1,L74,309,54,9,5,39.16,6.86,0.6,52,2.35,59.76,1.56,1,0.77,166,2.0,0.57,2024-01-24,54.67,0.519
ITM11868,2,L55,270,29,5,8,37.1,1.81,0.34,102,3.74,127.18,1.16,4,0.94,665,5.09,0.92,2024-06-01,237.5,0.644
ITM11869,3,L74,295,33,12,4,34.82,6.88,0.96,123,3.61,120.96,1.23,1,0.77,126,13.98,0.35,2024-05-28,158.68,0.667
ITM11870,4,L52,69,70,4,4,21.74,9.8,0.32,75,1.42,35.62,0.73,9,0.73,364,13.27,0.35,2024-08-21,50.83,0.54
ITM11871,2,L91,377,67,8,2,46.24,5.55,0.91,128,2.52,108.86,0.34,4,0.98,60,12.64,0.29,2024-09-23,204.81,0.709
ITM11872,4,L82,235,36,10,3,4.57,2.53,0.75,62,3.05,23.21,1.4,2,0.89,942,8.1,0.79,2024-11-01,192.18,0.664
ITM11873,3,L54,413,35,6,2,40.36,6.44,0.77,81,3.72,45.14,0.1,8,0.72,100,1.39,0.93,2024-09-25,190.49,0.579
ITM11874,3,L38,435,16,11,6,11.55,5.37,0.79,87,4.2,183.46,0.72,9,0.72,56,2.7,0.49,2024-06-21,228.89,0.426
ITM11875,2,L15,71,51,14,7,16.88,5.56,0.56,171,3.92,32.66,0.51,8,0.88,972,13.87,0.25,2024-08-10,62.55,0.6
ITM11876,3,L52,290,56,14,7,26.45,5.04,0.83,83,0.63,119.99,0.84,7,0.86,598,12.71,0.32,2024-12-17,212.27,0.581
ITM11877,5,L3,103,62,10,7,39.35,6.9,0.85,81,3.52,71.46,0.69,4,0.72,310,6.27,0.28,2024-03-09,267.32,0.535
ITM11878,1,L42,406,68,9,3,42.09,5.93,0.42,22,2.74,115.51,1.44,9,0.77,623,11.21,0.67,2024-06-24,163.79,0.513
ITM11879,2,L22,312,47,9,2,29.6,9.88,0.46,68,3.08,54.64,0.59,6,0.98,561,12.96,0.43,2024-09-07,150.95,0.676
ITM11880,4,L80,145,78,5,9,20.75,8.35,0.9,41,2.18,94.43,1.17,1,0.87,249,9.68,0.92,2024-07-02,241.36,0.75
ITM11881,5,L59,315,96,8,8,47.38,3.01,0.57,92,3.71,174.79,0.97,2,0.83,379,12.95,0.33,2024-04-06,52.41,0.668
ITM11882,2,L89,91,62,7,5,13.08,7.39,0.88,129,3.53,81.48,1.62,1,0.78,139,4.43,0.94,2024-03-25,108.85,0.621
ITM11883,3,L47,315,24,3,6,40.35,2.54,0.66,63,3.11,77.08,0.91,9,0.74,640,7.47,0.47,2024-07-25,257.6,0.471
ITM11884,3,L12,255,35,13,7,30.99,7.93,0.63,11,4.38,94.76,1.74,0,0.82,104,9.11,0.89,2024-01-10,154.93,0.689
ITM11885,3,L56,75,57,5,8,19.47,1.9,0.13,127,0.96,29.09,0.1,2,0.98,961,9.84,0.96,2024-04-26,253.73,0.869
ITM11886,3,L14,426,28,14,4,1.07,5.0,0.35,46,1.85,83.6,1.25,3,0.71,270,14.82,0.99,2024-04-24,83.04,0.753
ITM11887,4,L32,379,18,3,9,22.88,8.01,0.55,106,2.73,11.31,0.12,8,1.0,141,12.84,0.84,2024-03-08,122.98,0.767
ITM11888,5,L56,414,73,6,2,14.56,3.16,0.63,112,4.81,105.65,1.46,1,0.76,635,1.77,0.28,2024-04-18,248.85,0.466
ITM11889,1,L76,129,63,12,6,6.11,8.45,0.67,123,0.82,171.11,0.55,8,0.82,105,3.37,0.24,2024-01-12,57.41,0.442
ITM11890,4,L52,211,60,5,6,4.68,6.62,0.74,170,2.02,114.89,0.82,0,0.71,793,10.2,0.79,2024-10-28,269.49,0.754
ITM11891,4,L68,411,48,13,4,18.03,4.28,0.69,10,4.67,125.47,0.82,8,0.88,228,4.37,0.92,2024-09-15,99.86,0.576
ITM11892,1,L11,112,13,6,9,31.12,4.52,0.86,137,4.54,15.81,1.71,5,0.85,991,3.23,0.33,2024-03-27,292.08,0.408
ITM11893,1,L51,369,12,11,4,42.04,9.3,0.37,112,4.39,173.31,0.29,7,0.9,110,10.33,0.95,2024-03-04,250.04,0.739
ITM11894,3,L40,75,73,5,4,9.99,2.57,0.68,165,1.89,83.15,1.37,2,0.86,921,8.51,0.69,2024-07-06,142.12,0.646
ITM11895,4,L96,79,38,14,7,21.81,7.09,0.15,154,4.31,195.22,1.96,7,0.82,166,12.27,0.3,2024-12-30,225.25,0.452
ITM11896,2,L44,157,20,8,9,20.21,7.22,0.53,66,2.77,32.89,0.14,8,0.92,639,5.47,0.33,2024-11-29,171.03,0.549
ITM11897,1,L29,58,67,8,7,26.16,9.26,0.34,79,3.29,189.49,1.94,6,0.71,285,5.62,0.25,2024-01-20,257.44,0.353
ITM11898,1,L43,47,84,9,2,40.67,7.28,0.44,53,1.57,130.52,0.13,3,0.86,82,3.11,0.31,2024-07-11,160.25,0.602
ITM11899,5,L100,68,36,11,4,28.13,6.05,0.42,150,3.68,19.94,1.7,5,0.73,616,10.13,0.79,2024-11-23,296.52,0.569
ITM11900,2,L22,439,30,14,5,42.49,9.07,0.15,85,1.97,194.62,1.93,5,0.83,292,10.92,0.38,2024-05-10,48.72,0.495
ITM11901,2,L10,144,48,9,6,26.41,8.38,0.52,167,2.05,12.64,1.99,1,0.94,835,2.94,0.65,2024-09-30,206.18,0.538
ITM11902,1,L66,32,55,3,9,30.59,7.31,1.0,94,3.37,148.83,0.97,1,0.74,957,4.56,0.78,2024-11-15,81.24,0.648
ITM11903,3,L82,499,75,10,4,22.43,0.81,0.37,75,1.58,179.01,1.75,4,0.98,123,3.16,0.92,2024-01-25,65.46,0.567
ITM11904,5,L15,55,45,7,9,41.33,4.05,0.76,62,1.51,43.4,0.33,0,0.97,70,11.47,0.67,2024-10-31,128.39,0.848
ITM11905,2,L68,120,84,11,6,46.27,6.5,0.59,27,2.16,75.24,0.91,4,0.82,914,3.93,0.66,2024-01-25,116.56,0.577
ITM11906,1,L66,301,91,12,3,32.32,5.46,0.39,37,4.0,116.63,0.69,9,0.7,762,3.13,0.93,2024-12-04,23.44,0.519
ITM11907,2,L25,105,74,14,8,41.22,3.53,0.18,141,1.51,139.16,0.85,2,0.94,203,1.98,0.44,2024-02-25,134.04,0.577
ITM11908,5,L100,23,72,7,3,3.89,1.87,0.29,51,4.04,175.66,1.43,2,0.96,303,12.64,0.36,2024-11-30,286.06,0.65
ITM11909,5,L45,242,44,7,4,45.4,5.75,0.8,135,3.63,154.6,0.27,7,0.75,256,2.74,0.9,2024-01-11,145.39,0.6
ITM11910,4,L45,357,40,14,6,10.26,3.22,0.35,126,3.56,79.03,2.0,2,0.97,198,1.42,0.26,2024-01-25,97.53,0.425
ITM11911,1,L94,467,37,14,8,13.57,2.71,0.23,143,2.64,166.13,1.31,2,0.97,967,1.9,0.35,2024-12-19,285.23,0.518
ITM11912,5,L83,185,10,4,3,3.61,4.29,0.4,111,3.86,193.55,1.76,0,0.84,744,6.14,0.53,2024-02-29,156.66,0.58
ITM11913,4,L19,402,34,14,4,48.3,7.96,0.63,146,0.56,53.13,1.68,7,0.94,351,9.35,0.49,2024-08-01,93.26,0.503
ITM11914,4,L31,363,52,13,6,42.75,5.13,0.73,157,1.88,24.08,1.56,9,0.83,346,6.57,0.76,2024-08-15,237.07,0.47
ITM11915,2,L14,402,93,5,4,45.75,2.56,0.45,47,3.56,91.06,0.17,9,0.87,540,7.38,0.27,2024-07-13,74.85,0.529
ITM11916,2,L19,395,76,12,7,42.51,1.61,0.55,59,4.94,177.47,1.08,5,0.8,822,13.87,0.58,2024-03-04,81.85,0.653
ITM11917,4,L33,490,72,11,6,24.5,5.24,0.51,69,0.51,38.56,0.72,7,0.75,93,11.62,0.85,2024-10-07,104.06,0.663
ITM11918,2,L26,297,60,9,3,46.28,8.05,0.11,150,2.79,178.3,0.31,2,0.92,193,5.77,0.75,2024-05-09,124.48,0.74
ITM11919,5,L23,149,11,3,4,48.5,6.7,0.46,128,4.66,198.52,0.75,5,0.7,293,3.16,0.71,2024-08-30,179.03,0.549
ITM11920,3,L78,50,91,5,9,25.63,2.71,0.63,108,4.39,20.26,1.33,1,0.87,468,11.49,0.39,2024-12-25,159.43,0.652
ITM11921,5,L20,394,73,14,3,9.61,4.65,0.61,103,0.6,104.1,0.54,2,0.96,566,9.03,0.51,2024-03-19,225.68,0.72
ITM11922,4,L98,30,83,4,4,33.27,8.62,0.77,179,2.88,72.49,0.94,3,0.77,111,14.47,0.34,2024-04-15,217.98,0.661
ITM11923,4,L98,495,78,3,9,48.8,2.19,0.7,77,0.52,84.8,0.87,8,0.8,907,13.72,0.61,2024-12-21,23.21,0.618
ITM11924,5,L84,321,18,11,9,43.74,5.55,0.35,162,4.05,95.81,0.2,3,0.88,587,8.89,0.67,2024-12-17,48.83,0.749
ITM11925,2,L10,115,11,10,2,43.23,3.88,0.33,168,1.89,150.54,1.29,6,0.77,366,1.98,0.7,2024-11-18,72.41,0.471
ITM11926,2,L23,209,43,7,9,46.76,1.68,0.52,149,3.95,122.35,1.28,7,0.95,484,1.43,0.9,2024-01-05,183.32,0.521
ITM11927,4,L99,472,69,13,3,44.8,0.97,0.76,73,4.75,192.63,1.94,4,0.81,886,12.73,0.25,2024-06-03,269.63,0.508
ITM11928,1,L81,211,70,14,3,39.04,5.78,0.18,88,4.89,73.23,0.67,1,0.87,745,10.77,0.51,2024-08-03,104.22,0.733
ITM11929,2,L64,285,40,4,5,36.2,0.7,0.95,62,4.52,112.89,0.9,7,0.77,867,8.84,0.67,2024-12-04,289.49,0.576
ITM11930,5,L60,443,19,3,8,13.97,1.48,0.59,35,1.42,164.53,0.87,4,0.71,430,10.64,0.66,2024-02-21,60.13,0.649
ITM11931,2,L97,147,85,9,7,31.45,3.8,0.38,147,1.38,80.88,1.85,4,0.75,85,8.56,0.22,2024-12-05,278.17,0.443
ITM11932,5,L73,257,45,13,3,26.55,0.91,0.72,149,3.32,98.41,0.88,6,0.71,969,9.1,0.35,2024-09-23,242.29,0.525
ITM11933,4,L98,427,94,13,6,43.24,4.3,0.14,159,2.95,140.15,0.94,5,0.84,591,4.16,0.88,2024-05-18,122.82,0.605
ITM11934,2,L75,374,58,4,8,25.09,1.74,0.54,30,0.54,173.54,0.58,2,0.88,630,7.38,0.61,2024-11-14,69.83,0.698
ITM11935,5,L58,447,79,3,9,7.26,3.82,0.54,172,2.26,88.98,0.1,6,0.71,281,1.16,0.53,2024-11-06,123.47,0.533
ITM11936,4,L88,131,58,4,4,1.24,8.02,0.25,80,4.58,111.07,0.31,0,0.73,737,10.36,0.92,2024-12-24,71.98,0.837
ITM11937,1,L73,335,12,9,2,34.22,6.45,0.85,91,4.54,195.27,1.44,3,0.85,839,5.65,0.26,2024-03-11,172.73,0.493
ITM11938,5,L83,465,83,9,6,27.95,4.73,0.82,164,1.42,18.07,1.4,3,0.94,82,10.19,0.94,2024-08-02,176.7,0.712
ITM11939,1,L82,362,14,12,8,17.22,1.37,0.24,69,2.22,95.16,0.71,5,0.89,630,13.97,0.22,2024-02-23,232.77,0.637
ITM11940,1,L80,164,99,8,6,9.28,6.38,0.43,108,3.02,130.84,1.0,5,0.73,401,9.28,0.65,2024-09-18,163.08,0.6
ITM11941,3,L42,84,70,7,6,23.87,2.06,0.19,56,4.34,11.6,0.67,9,0.97,304,5.59,0.64,2024-11-12,110.09,0.55
ITM11942,2,L81,266,94,5,6,5.91,1.23,0.86,152,2.89,123.39,1.49,7,0.98,99,3.9,0.71,2024-03-01,274.36,0.501
ITM11943,5,L41,242,99,14,8,17.47,6.81,0.39,33,4.86,20.68,1.7,0,0.8,72,4.52,0.22,2024-05-24,32.62,0.494
ITM11944,1,L20,498,35,5,2,19.58,9.16,0.5,19,4.1,172.94,1.81,6,0.88,303,14.82,0.62,2024-02-28,244.55,0.597
ITM11945,3,L57,332,81,13,9,23.82,4.88,0.39,129,4.79,163.35,0.43,3,0.85,443,9.62,0.29,2024-02-24,128.78,0.653
ITM11946,4,L9,458,14,14,5,23.86,0.89,0.38,161,3.79,16.13,1.42,5,0.98,725,7.17,0.32,2024-09-11,62.52,0.514
ITM11947,5,L61,125,24,11,7,13.59,8.86,0.77,97,4.45,19.27,1.93,9,0.85,931,4.23,0.37,2024-04-11,44.9,0.327
ITM11948,1,L57,200,25,6,9,42.66,1.14,0.77,113,4.24,153.19,1.34,8,0.99,322,11.82,0.69,2024-11-07,74.02,0.6
ITM11949,2,L81,203,10,11,3,18.42,8.74,0.57,133,1.64,80.21,0.77,2,0.76,742,6.42,0.51,2024-04-12,45.37,0.623
ITM11950,3,L39,245,25,6,8,12.25,4.22,0.69,43,1.53,119.25,1.31,7,0.8,908,5.22,0.27,2024-05-14,143.09,0.413
ITM11951,1,L36,284,46,4,6,9.61,3.97,0.56,50,4.39,61.36,1.41,2,0.93,299,4.11,0.43,2024-09-24,111.41,0.546
ITM11952,2,L76,297,12,6,9,16.81,5.66,0.13,177,0.88,42.86,0.85,5,0.94,286,3.6,0.26,2024-04-13,113.41,0.503
ITM11953,1,L8,416,61,8,3,4.31,9.59,0.16,20,2.34,66.25,0.3,1,0.92,953,4.83,0.73,2024-07-02,55.49,0.744
ITM11954,5,L46,108,56,8,8,2.61,9.04,0.45,10,4.19,56.88,1.25,8,0.96,281,9.78,0.65,2024-12-26,201.33,0.567
ITM11955,5,L65,195,22,7,3,30.65,4.97,0.77,167,4.16,95.18,1.62,1,0.91,477,4.36,0.53,2024-07-28,186.26,0.564
ITM11956,5,L10,37,89,3,6,31.34,7.11,0.92,91,1.12,151.87,2.0,4,0.89,683,1.85,0.94,2024-05-31,294.86,0.511
ITM11957,3,L40,390,64,5,5,26.95,6.01,0.13,35,2.69,115.28,0.52,5,0.84,291,6.03,0.61,2024-03-23,58.62,0.618
ITM11958,5,L60,479,30,7,8,38.35,7.09,0.43,62,2.66,125.74,1.43,3,0.84,183,9.19,0.91,2024-01-21,251.86,0.67
ITM11959,2,L58,443,75,8,3,2.92,8.38,0.3,134,1.96,99.31,0.15,6,0.82,120,1.84,0.66,2024-10-07,19.82,0.586
ITM11960,1,L5,420,63,3,4,46.86,0.83,0.83,18,4.63,71.7,1.94,6,0.89,907,7.34,0.5,2024-09-11,31.26,0.462
ITM11961,4,L8,418,36,11,3,5.66,3.59,0.86,18,3.44,37.27,0.12,6,0.82,514,1.73,0.63,2024-04-16,197.93,0.581
ITM11962,2,L48,125,47,5,7,34.03,9.61,0.29,138,4.91,77.37,0.78,6,0.74,470,11.75,0.32,2024-12-18,127.88,0.571
ITM11963,2,L37,290,99,12,6,7.54,9.52,0.74,68,0.8,136.39,0.25,9,0.73,359,13.21,0.74,2024-09-03,76.85,0.665
ITM11964,5,L10,482,67,5,2,44.12,0.61,0.76,115,2.27,149.42,1.28,9,0.98,328,14.49,0.99,2024-06-18,10.8,0.679
ITM11965,3,L83,338,71,13,3,26.02,2.41,0.26,134,4.26,99.14,0.75,8,0.71,268,10.68,0.4,2024-04-30,202.31,0.529
ITM11966,1,L12,186,55,4,5,5.03,9.94,0.49,25,2.4,132.55,1.49,1,0.73,746,9.85,0.46,2024-01-02,137.85,0.6
ITM11967,3,L79,32,98,10,4,31.22,5.18,0.66,47,1.68,50.0,1.02,4,0.83,356,10.72,0.52,2024-01-07,59.53,0.631
ITM11968,1,L77,356,20,5,4,1.45,5.94,0.12,148,4.99,173.41,0.9,9,0.78,363,12.97,0.59,2024-12-09,291.94,0.577
ITM11969,1,L65,51,81,8,2,39.03,2.08,0.46,162,4.43,174.53,0.76,8,0.82,452,12.3,0.78,2024-02-15,111.74,0.648
ITM11970,3,L50,412,17,4,9,32.88,9.0,0.24,68,2.96,70.86,0.26,1,0.74,972,7.14,0.31,2024-02-26,97.89,0.659
ITM11971,2,L60,59,80,9,7,11.42,2.7,0.59,38,3.03,114.07,0.49,2,0.74,778,10.12,0.44,2024-10-20,157.99,0.682
ITM11972,1,L75,167,73,6,2,19.36,2.3,0.86,177,0.53,125.27,1.31,6,0.94,537,3.27,0.63,2024-12-08,90.39,0.507
ITM11973,3,L71,237,30,11,7,1.38,2.67,0.57,17,4.91,99.76,1.04,8,0.93,842,10.73,0.67,2024-09-09,89.1,0.599
ITM11974,1,L95,238,81,12,3,34.99,9.24,0.13,107,4.13,183.12,0.23,2,0.73,454,11.23,0.63,2024-03-17,290.22,0.759
ITM11975,4,L6,488,72,11,6,16.81,7.18,0.13,143,0.67,150.55,1.13,9,0.9,428,12.22,0.55,2024-02-16,85.73,0.56
ITM11976,2,L58,101,94,9,5,29.01,7.8,0.64,118,1.29,137.78,0.2,7,0.88,330,12.45,0.77,2024-09-18,185.59,0.736
ITM11977,5,L74,352,73,14,4,47.88,4.08,0.4,117,4.19,108.82,1.07,7,0.91,686,7.16,0.36,2024-02-08,20.86,0.502
ITM11978,1,L84,227,29,10,2,15.67,9.14,0.62,158,0.89,26.12,1.93,3,0.84,740,13.65,0.43,2024-02-21,54.76,0.583
ITM11979,4,L25,220,17,5,5,49.52,8.0,0.25,66,4.74,30.49,0.68,5,0.78,376,14.73,0.56,2024-05-11,16.4,0.696
ITM11980,5,L42,466,67,13,7,32.0,7.63,0.8,85,5.0,66.81,1.47,7,0.9,84,14.69,0.76,2024-11-25,165.0,0.641
ITM11981,5,L78,351,55,7,6,12.86,9.72,0.87,122,4.49,50.19,1.52,8,0.81,119,9.2,0.27,2024-04-28,152.57,0.427
ITM11982,1,L61,447,40,4,4,22.4,3.98,0.9,15,3.83,190.98,0.87,1,0.77,409,8.83,0.29,2024-08-21,105.97,0.623
ITM11983,3,L65,57,18,12,4,37.28,6.3,0.37,133,2.69,87.86,1.23,0,0.82,739,7.4,0.83,2024-05-31,213.08,0.706
ITM11984,1,L20,230,24,9,7,22.88,9.14,0.69,143,0.87,176.56,1.0,4,0.93,960,5.2,0.41,2024-05-15,191.48,0.557
ITM11985,4,L8,463,35,10,6,4.36,8.01,0.35,62,3.79,165.44,0.64,9,0.84,457,5.67,0.97,2024-08-25,184.1,0.594
ITM11986,5,L58,346,19,11,4,9.26,5.85,0.79,141,2.29,164.39,1.53,2,0.79,610,4.02,0.97,2024-01-26,107.51,0.613
ITM11987,1,L14,268,38,13,6,39.77,1.22,0.21,18,3.07,50.98,1.44,5,0.95,629,14.38,0.75,2024-02-21,104.87,0.688
ITM11988,3,L44,246,89,13,4,32.77,6.7,0.79,78,1.82,94.99,1.81,0,0.96,568,9.68,0.77,2024-03-30,263.3,0.694
ITM11989,1,L92,67,45,9,3,28.92,5.5,0.5,83,1.59,70.41,1.27,3,0.83,655,14.08,0.72,2024-01-21,167.75,0.711
ITM11990,2,L11,37,93,12,7,9.21,2.25,0.87,120,1.96,194.38,0.84,5,0.81,433,6.42,0.34,2024-05-28,88.95,0.532
ITM11991,3,L65,419,46,12,6,42.05,8.88,0.77,96,4.16,176.58,1.46,1,0.88,130,5.17,0.6,2024-07-03,167.53,0.599
ITM11992,4,L83,458,95,10,5,48.08,3.76,0.44,13,2.42,57.49,1.28,7,0.72,487,2.86,0.83,2024-12-12,87.36,0.48
ITM11993,5,L23,314,80,14,9,3.0,4.18,0.91,46,1.9,69.57,1.27,3,0.91,299,5.2,0.82,2024-06-09,63.74,0.628
ITM11994,1,L6,215,32,11,3,4.82,6.89,0.36,80,2.45,110.49,1.71,1,0.93,87,13.46,0.92,2024-08-06,91.83,0.758
ITM11995,3,L32,206,50,8,8,44.35,5.14,0.97,15,0.65,62.94,1.83,0,0.82,911,9.15,0.92,2024-02-29,192.38,0.687
ITM11996,2,L91,364,89,14,5,40.96,1.35,0.79,60,4.51,166.66,0.44,7,0.75,94,7.33,0.41,2024-02-18,159.59,0.546
ITM11997,3,L57,243,37,14,7,31.28,4.18,0.99,108,2.98,165.65,0.7,9,0.71,408,8.96,0.78,2024-01-24,57.71,0.567
ITM11998,2,L57,337,57,12,4,47.3,1.4,0.15,105,0.97,147.62,1.34,0,0.89,186,13.5,0.72,2024-01-05,273.29,0.768
ITM11999,4,L68,416,47,4,8,32.68,2.31,0.35,151,1.8,140.97,1.16,6,0.78,872,3.7,0.91,2024-03-11,154.51,0.551
ITM12000,5,L67,384,40,4,5,11.58,0.57,0.77,20,4.93,113.99,1.34,6,0.84,869,14.52,0.35,2024-12-05,240.18,0.578
ITM12001,4,L79,356,23,6,3,36.7,2.22,0.93,19,3.17,75.95,0.92,5,0.82,510,10.33,0.79,2024-11-27,105.9,0.668
ITM12002,1,L21,248,82,11,8,32.64,3.64,0.13,22,1.81,169.02,0.88,7,0.75,416,12.97,0.54,2024-03-28,287.69,0.603
ITM12003,3,L47,409,97,9,8,49.3,5.61,0.1,130,2.42,173.18,0.32,9,0.85,354,8.36,0.52,2024-06-17,228.11,0.573
ITM12004,2,L48,486,86,4,6,11.48,9.23,0.33,171,1.66,19.41,1.28,0,0.84,278,4.31,0.23,2024-07-02,141.81,0.543
ITM12005,2,L37,96,99,10,2,30.3,5.63,0.87,69,0.64,85.74,0.43,0,0.89,232,8.94,0.97,2024-08-12,271.66,0.848
ITM12006,3,L50,207,38,13,5,39.23,7.2,0.79,14,4.29,15.06,1.37,0,0.78,516,1.95,0.74,2024-11-14,218.07,0.593
ITM12007,3,L53,365,60,9,2,17.61,3.9,0.41,169,1.82,169.5,1.94,5,0.76,887,12.93,0.67,2024-05-17,134.85,0.564
ITM12008,1,L100,289,58,11,7,19.6,7.64,0.1,21,4.27,43.65,0.59,6,0.94,253,10.09,0.4,2024-02-17,292.5,0.624
ITM12009,4,L44,114,52,10,5,44.51,6.39,0.6,150,2.65,138.03,0.37,9,0.91,672,4.96,0.73,2024-07-09,96.58,0.577
ITM12010,2,L87,329,81,5,5,20.81,4.87,0.31,94,1.32,77.9,0.15,8,0.93,948,4.84,0.96,2024-06-24,84.41,0.668
ITM12011,1,L77,151,96,3,6,31.61,2.34,0.77,126,4.11,165.05,0.82,9,0.74,117,13.64,0.33,2024-04-03,269.45,0.534
ITM12012,4,L7,58,14,4,4,44.57,3.38,0.5,131,2.2,106.84,0.51,4,0.77,918,12.77,0.99,2024-02-28,215.14,0.791
ITM12013,1,L81,91,51,4,3,11.28,6.4,0.71,50,3.68,71.64,1.03,0,0.87,599,11.68,0.54,2024-07-24,110.2,0.735
ITM12014,2,L83,300,16,6,3,49.11,4.55,0.87,57,4.27,71.54,1.1,8,0.96,759,6.81,0.98,2024-07-23,77.22,0.609
ITM12015,3,L43,352,51,8,3,35.4,8.95,0.58,60,4.83,72.12,0.76,4,0.97,354,13.22,0.71,2024-08-21,61.63,0.756
ITM12016,3,L9,179,45,6,9,25.31,2.73,0.4,127,0.89,159.83,1.52,5,0.95,653,4.46,0.46,2024-05-19,100.91,0.489
ITM12017,4,L43,206,36,11,7,22.12,1.19,0.79,105,0.54,145.11,1.82,8,0.71,825,1.34,0.5,2024-07-16,46.41,0.318
ITM12018,5,L13,210,67,6,8,47.76,6.1,0.34,85,2.97,70.65,0.5,1,0.95,804,7.06,0.43,2024-12-19,52.15,0.7
ITM12019,4,L72,441,55,8,4,11.08,8.92,0.9,55,1.69,103.14,1.69,2,0.97,677,13.87,0.47,2024-09-01,235.22,0.664
ITM12020,5,L87,139,75,8,2,16.27,3.97,0.16,109,2.61,24.47,0.35,6,0.72,144,9.0,0.72,2024-08-03,28.49,0.653
ITM12021,1,L50,239,34,12,3,16.08,6.65,0.85,47,0.83,167.23,0.53,2,0.82,774,4.21,0.21,2024-11-28,137.39,0.569
ITM12022,1,L37,72,82,13,9,15.16,2.7,0.18,101,2.76,60.53,1.17,1,0.86,295,10.11,0.97,2024-03-26,127.45,0.764
ITM12023,2,L33,241,36,12,2,23.96,5.81,0.15,150,1.06,178.95,0.68,6,0.77,734,11.43,0.81,2024-02-27,288.46,0.68
ITM12024,5,L93,470,10,3,4,49.47,7.97,0.43,159,4.27,123.39,0.18,7,0.86,846,8.7,0.95,2024-03-08,145.01,0.72
ITM12025,2,L85,431,96,10,7,44.55,8.74,0.96,139,3.92,117.89,0.66,8,0.97,128,12.8,0.77,2024-12-22,56.65,0.693
ITM12026,3,L78,150,83,14,4,17.07,1.5,0.99,102,0.83,40.92,1.82,1,0.96,482,9.29,0.58,2024-01-31,35.64,0.63
ITM12027,5,L20,256,51,5,6,21.72,3.89,0.28,86,4.26,23.21,0.43,1,0.98,329,2.34,0.35,2024-03-22,222.41,0.634
ITM12028,4,L43,265,61,8,8,33.8,6.58,0.23,22,1.96,115.0,1.55,6,0.85,710,12.33,0.61,2024-02-23,52.84,0.581
ITM12029,3,L11,245,34,5,3,1.84,0.83,0.42,66,2.09,98.92,1.47,3,0.82,418,3.05,0.77,2024-08-01,282.02,0.552
ITM12030,3,L75,227,63,13,7,41.19,7.06,0.4,171,1.31,32.74,0.3,4,0.9,328,13.36,0.88,2024-10-29,172.17,0.824
ITM12031,4,L85,425,76,4,6,44.11,5.52,0.78,156,4.26,168.76,0.73,0,0.83,400,8.31,0.46,2024-09-04,126.49,0.696
ITM12032,3,L19,115,15,7,3,43.0,3.24,0.5,146,2.32,89.28,0.46,5,0.71,275,11.25,0.61,2024-10-18,208.46,0.668
ITM12033,5,L45,441,67,3,4,19.38,8.24,0.8,125,0.72,59.49,0.14,9,0.92,973,14.61,0.7,2024-12-13,67.69,0.725
ITM12034,2,L40,219,79,11,4,23.64,3.26,0.77,104,4.85,159.77,0.43,7,0.78,977,7.05,0.67,2024-08-12,120.85,0.601
ITM12035,3,L84,266,62,13,9,1.61,9.92,0.62,170,1.65,183.48,0.48,0,0.71,455,7.44,0.24,2024-04-02,19.69,0.641
ITM12036,5,L90,91,75,9,5,20.57,8.26,0.85,164,4.71,68.13,0.42,1,0.71,495,12.56,0.59,2024-11-08,264.53,0.765
ITM12037,1,L85,337,67,5,5,23.56,7.23,0.28,139,1.86,157.43,0.27,6,0.98,372,2.54,0.85,2024-07-13,133.32,0.653
ITM12038,5,L51,204,91,6,4,45.44,1.08,0.25,88,4.24,133.98,1.1,1,0.78,679,1.39,0.84,2024-07-02,230.06,0.613
ITM12039,2,L17,25,96,8,4,44.81,9.09,0.78,66,3.49,198.05,0.71,8,0.83,122,9.46,0.61,2024-11-09,275.89,0.583
ITM12040,5,L77,225,11,5,2,48.34,8.01,0.32,104,4.38,48.76,1.83,5,0.99,567,3.35,0.96,2024-01-15,199.31,0.552
ITM12041,4,L91,51,85,14,9,44.37,2.68,0.1,66,4.89,192.53,0.46,4,0.84,370,4.58,0.86,2024-12-16,118.97,0.675
ITM12042,2,L11,118,31,9,8,1.4,4.23,0.92,153,4.42,69.9,1.25,6,0.72,71,14.67,0.79,2024-03-07,189.66,0.653
ITM12043,1,L40,413,46,8,2,32.43,3.05,0.66,116,2.32,88.27,1.81,9,0.87,228,10.14,0.61,2024-09-04,114.5,0.47
ITM12044,4,L72,406,29,11,8,4.34,9.85,0.5,88,4.17,78.18,0.19,7,0.73,757,12.98,0.67,2024-09-06,174.52,0.694
ITM12045,5,L49,275,33,14,6,14.36,8.61,0.75,143,3.7,61.01,1.08,8,0.73,158,13.57,0.38,2024-02-27,135.33,0.535
ITM12046,2,L83,206,93,7,5,29.34,9.34,0.4,23,0.78,141.71,0.96,5,0.96,421,2.7,0.63,2024-07-29,53.46,0.558
ITM12047,1,L43,95,74,6,5,35.33,7.99,0.96,36,4.68,121.94,1.86,4,0.79,746,13.99,0.62,2024-08-13,236.23,0.603
ITM12048,4,L17,196,74,5,9,33.08,4.84,0.16,47,2.6,68.08,1.36,6,0.9,505,13.13,0.36,2024-01-24,153.96,0.571
ITM12049,1,L86,334,90,12,4,3.4,2.45,0.68,156,1.11,35.12,0.76,1,0.85,616,1.63,0.96,2024-02-02,65.14,0.688
ITM12050,5,L90,306,10,3,4,6.08,2.48,0.8,174,2.41,70.3,1.45,7,0.77,278,14.68,0.4,2024-05-13,268.63,0.545
ITM12051,1,L95,368,12,5,6,7.3,1.94,0.52,136,3.21,82.43,1.21,3,0.86,987,7.42,0.28,2024-12-01,257.43,0.546
ITM12052,3,L88,274,55,5,7,5.48,5.69,0.78,13,3.08,82.32,0.76,0,0.72,997,14.64,0.57,2024-06-09,172.06,0.777
ITM12053,4,L68,344,64,9,7,9.73,9.24,0.93,67,3.09,77.88,1.59,2,0.8,580,12.53,0.75,2024-01-07,291.39,0.678
ITM12054,1,L12,209,84,9,9,34.74,9.92,0.77,146,1.65,19.26,1.37,8,0.86,413,7.16,0.36,2024-12-26,278.88,0.442
ITM12055,5,L83,327,97,14,7,41.71,3.23,0.38,122,3.35,98.17,0.11,3,0.77,946,8.16,0.35,2024-12-13,270.13,0.662
ITM12056,5,L86,364,95,3,5,21.03,7.12,0.61,177,4.58,168.88,1.74,9,0.9,474,4.85,0.41,2024-09-25,48.65,0.373
ITM12057,1,L55,146,73,5,2,34.95,6.17,0.92,152,2.25,44.27,0.85,9,0.72,265,7.82,0.44,2024-10-22,95.44,0.471
ITM12058,5,L66,444,54,10,7,10.8,5.14,0.5,13,3.34,37.67,1.33,2,0.85,97,2.5,0.4,2024-10-16,128.96,0.51
ITM12059,2,L47,306,35,11,3,48.69,6.82,0.71,61,1.6,99.65,0.85,3,0.91,514,13.72,0.58,2024-04-24,251.25,0.736
ITM12060,2,L3,273,86,9,9,18.15,4.03,0.52,155,0.72,80.41,1.77,2,0.83,721,10.98,0.21,2024-12-08,262.66,0.537
ITM12061,2,L47,232,74,9,6,42.45,9.47,0.21,108,3.14,116.64,1.34,2,0.96,995,12.27,0.27,2024-06-22,227.93,0.636
ITM12062,3,L40,269,33,14,7,47.32,7.2,0.15,178,0.71,189.94,1.2,1,0.89,959,8.44,0.78,2024-09-22,147.0,0.707
ITM12063,1,L24,103,83,13,3,43.37,7.66,0.96,102,3.76,154.57,1.96,5,0.99,322,2.76,0.53,2024-09-24,56.95,0.445
ITM12064,3,L28,402,44,10,7,4.29,2.8,0.65,126,3.52,140.54,0.63,9,0.79,657,8.52,0.49,2024-12-18,20.21,0.527
ITM12065,5,L44,425,33,8,2,32.87,2.1,0.19,13,2.16,89.03,0.22,5,0.98,79,5.61,0.21,2024-12-24,212.8,0.591
ITM12066,3,L99,407,37,13,2,6.88,4.25,0.87,94,2.35,64.6,1.08,9,0.88,682,1.14,0.44,2024-11-12,298.3,0.391
ITM12067,5,L63,32,89,5,7,1.28,7.78,0.57,176,4.63,112.65,0.91,3,0.92,928,9.61,0.86,2024-02-18,110.19,0.733
ITM12068,5,L25,64,25,3,9,3.54,9.42,0.79,16,0.56,178.23,0.96,7,0.97,996,12.95,0.47,2024-08-09,174.93,0.625
ITM12069,4,L29,146,68,9,9,45.89,4.56,0.21,134,3.03,176.58,1.28,5,0.87,915,10.95,0.97,2024-12-04,245.07,0.686
ITM12070,2,L18,445,90,3,3,45.51,7.85,0.92,160,4.66,94.65,1.27,7,0.96,239,4.13,0.51,2024-05-07,64.08,0.482
ITM12071,5,L20,133,63,3,6,12.07,4.97,0.63,94,4.61,56.78,0.85,5,0.86,201,12.47,0.57,2024-09-03,250.57,0.667
ITM12072,4,L10,452,88,11,3,27.81,3.3,0.76,72,3.13,52.82,1.74,8,0.88,425,5.33,0.84,2024-06-26,191.35,0.481
ITM12073,2,L38,295,25,12,6,47.8,7.52,0.13,132,2.22,16.46,1.34,2,0.83,304,4.06,0.99,2024-12-05,175.26,0.644
ITM12074,5,L13,224,24,9,7,25.34,8.08,0.38,178,0.95,170.11,1.79,2,0.74,752,14.46,0.5,2024-12-12,231.06,0.622
ITM12075,5,L65,356,20,13,6,20.29,2.43,0.34,98,1.28,60.32,1.83,1,0.87,703,1.23,0.3,2024-11-24,79.88,0.447
ITM12076,3,L99,457,74,6,4,24.68,3.4,0.95,104,3.56,78.21,0.42,9,0.99,807,3.35,0.62,2024-07-16,188.29,0.545
ITM12077,3,L70,439,88,8,5,39.72,5.2,0.27,128,0.57,163.75,1.39,5,0.94,83,7.54,0.67,2024-03-17,79.71,0.584
ITM12078,2,L95,404,99,3,8,24.39,2.27,0.74,53,4.48,32.8,0.7,6,0.92,236,3.34,0.97,2024-10-12,62.07,0.633
ITM12079,5,L68,418,77,9,5,39.38,9.32,0.14,111,3.15,97.63,1.69,6,0.89,928,3.34,0.53,2024-11-09,190.77,0.44
ITM12080,1,L5,480,52,14,2,22.15,6.12,0.28,54,0.7,33.24,1.49,4,0.8,498,9.88,0.27,2024-01-28,88.09,0.517
ITM12081,3,L85,292,78,8,4,13.35,1.65,0.4,126,1.58,93.95,0.48,5,0.75,135,12.47,0.72,2024-01-06,217.17,0.712
ITM12082,2,L44,427,22,6,5,17.0,2.25,0.82,60,3.17,18.96,1.88,6,0.77,722,10.26,0.22,2024-11-25,159.2,0.427
ITM12083,5,L99,77,19,9,7,4.81,9.57,0.81,74,0.66,108.35,1.4,1,0.7,925,2.42,0.54,2024-03-21,211.54,0.52
ITM12084,5,L80,347,84,5,6,25.37,7.51,0.96,63,4.01,161.18,1.9,9,0.9,167,13.54,0.53,2024-09-15,268.57,0.497
ITM12085,1,L17,238,91,3,6,8.26,7.48,0.93,81,4.64,138.5,0.48,6,0.94,672,13.92,0.4,2024-08-28,50.09,0.686
ITM12086,2,L77,128,50,6,3,40.77,1.19,0.17,129,4.83,106.74,1.75,0,0.78,107,4.93,0.97,2024-09-10,29.35,0.641
ITM12087,5,L49,298,59,5,3,21.61,9.01,0.85,177,3.8,167.46,1.37,5,0.73,67,8.74,0.52,2024-03-25,125.98,0.53
ITM12088,3,L20,193,96,3,9,38.49,4.72,0.51,152,4.36,53.28,1.15,7,0.8,928,7.79,0.92,2024-02-08,217.85,0.593
ITM12089,1,L21,347,80,4,6,47.77,6.77,0.88,28,3.25,167.85,1.66,0,0.79,920,10.36,0.61,2024-09-08,266.98,0.652
ITM12090,2,L24,283,68,13,9,42.62,9.62,0.18,19,2.56,62.51,1.3,0,0.84,189,14.69,0.86,2024-06-13,20.09,0.806
ITM12091,1,L89,334,48,7,7,47.62,1.45,0.84,25,3.71,78.87,1.37,5,0.78,507,14.81,0.56,2024-05-03,239.96,0.628
ITM12092,3,L99,493,12,10,6,28.83,5.08,0.24,168,1.51,34.4,0.58,4,0.8,755,8.13,0.99,2024-06-18,31.87,0.728
ITM12093,2,L80,130,85,3,3,9.1,0.97,0.4,117,0.99,29.33,1.65,2,0.97,691,2.29,0.71,2024-05-22,178.37,0.562
ITM12094,1,L22,206,16,6,5,46.83,5.25,0.13,25,3.93,187.1,1.34,9,0.8,261,5.68,0.32,2024-01-26,109.79,0.386
ITM12095,4,L93,288,58,6,9,43.56,2.9,0.21,89,4.81,46.1,1.7,9,0.94,535,6.79,0.21,2024-09-16,15.12,0.371
ITM12096,3,L57,442,35,7,9,43.36,9.16,0.5,37,3.1,73.33,0.77,6,0.89,845,8.48,0.94,2024-04-24,38.16,0.682
ITM12097,3,L6,248,42,9,2,34.97,4.29,0.84,157,2.67,110.54,0.73,6,0.8,169,14.45,0.75,2024-10-08,112.58,0.71
ITM12098,3,L53,175,57,14,3,31.62,6.52,0.8,172,2.9,76.09,0.15,6,0.95,940,4.67,0.29,2024-11-25,286.59,0.575
ITM12099,4,L47,492,88,10,7,1.72,8.67,0.31,18,2.65,175.33,1.56,5,0.88,603,8.51,0.79,2024-07-12,54.9,0.591
ITM12100,4,L87,208,11,8,9,37.65,9.85,0.24,113,2.49,181.14,0.73,3,0.7,52,5.07,0.38,2024-07-25,88.87,0.551
ITM12101,5,L93,291,80,3,5,5.49,5.29,0.45,147,4.76,71.94,0.72,8,0.72,993,13.87,0.85,2024-04-30,298.3,0.667
ITM12102,1,L31,394,41,9,5,13.73,4.83,0.89,54,2.66,27.49,1.41,8,0.93,278,14.86,0.69,2024-02-10,149.38,0.621
ITM12103,5,L57,21,13,5,5,28.02,1.22,0.18,118,0.86,49.93,0.58,6,0.83,278,13.19,0.3,2024-08-23,86.05,0.624
ITM12104,1,L79,265,29,8,4,23.13,0.62,0.59,152,3.94,100.13,1.83,6,0.82,392,5.74,0.26,2024-08-15,188.62,0.39
ITM12105,4,L37,229,45,10,4,1.77,6.28,0.18,39,2.26,64.81,1.12,7,0.74,190,4.89,0.57,2024-10-20,136.45,0.475
ITM12106,4,L97,420,41,9,8,41.38,1.12,0.52,57,3.7,96.16,1.94,4,0.75,106,7.04,0.95,2024-08-17,258.91,0.56
ITM12107,5,L96,305,37,12,5,44.06,4.11,0.21,177,3.11,154.15,0.25,8,0.94,265,11.47,0.65,2024-02-15,12.31,0.686
ITM12108,2,L58,378,86,8,9,34.41,0.53,0.17,100,3.71,89.92,0.74,5,0.95,692,1.13,0.81,2024-09-12,299.07,0.593
ITM12109,5,L30,32,10,11,7,27.51,6.34,0.27,100,0.78,47.43,0.82,6,0.87,163,14.93,0.58,2024-08-16,29.23,0.687
ITM12110,1,L69,115,69,11,6,48.08,4.54,0.33,83,0.65,78.01,1.49,6,0.79,752,13.37,0.51,2024-06-10,165.77,0.569
ITM12111,5,L31,240,65,3,7,6.88,1.71,0.35,53,2.2,151.17,0.5,8,0.98,804,1.33,0.86,2024-03-01,212.25,0.576
ITM12112,3,L40,257,44,3,4,37.16,3.32,0.68,143,3.62,90.57,0.81,6,0.89,343,6.35,0.57,2024-09-11,169.45,0.576
ITM12113,1,L61,113,39,3,3,7.29,5.91,0.15,126,1.51,57.41,1.83,2,0.94,876,10.63,0.31,2024-11-30,97.22,0.569
ITM12114,1,L25,357,63,10,9,19.71,6.74,0.17,33,2.45,91.21,0.32,5,0.7,77,4.38,0.42,2024-01-10,258.08,0.55
ITM12115,2,L48,288,45,14,8,29.69,4.89,0.27,16,4.91,96.41,1.52,5,0.84,587,3.0,0.65,2024-02-22,134.82,0.486
ITM12116,4,L87,190,64,14,4,37.12,8.14,0.88,15,1.47,66.31,1.43,6,0.96,645,9.81,0.52,2024-07-25,97.2,0.564
ITM12117,1,L74,488,98,12,6,1.18,1.57,0.67,127,4.32,199.18,0.35,5,0.8,908,13.65,0.49,2024-07-30,232.82,0.705
ITM12118,4,L57,113,89,9,2,13.77,1.3,0.76,170,4.21,155.85,1.41,3,0.92,370,14.38,0.74,2024-01-19,52.3,0.723
ITM12119,5,L60,168,67,5,8,27.37,0.92,0.43,94,4.51,141.57,1.18,5,0.9,891,1.14,0.71,2024-10-12,69.45,0.519
ITM12120,3,L99,131,92,4,4,27.11,5.59,0.29,119,4.62,172.42,0.65,2,0.75,763,13.24,0.45,2024-10-08,83.3,0.712
ITM12121,2,L37,74,74,6,7,32.24,7.21,0.13,175,2.78,136.62,0.69,0,0.93,622,8.85,0.49,2024-01-01,136.12,0.733
ITM12122,4,L100,356,78,5,8,15.89,1.74,0.54,154,3.57,160.29,1.68,0,0.73,746,4.33,0.8,2024-02-16,15.9,0.596
ITM12123,1,L49,443,60,9,9,27.49,6.57,0.62,40,3.29,88.38,0.54,4,0.92,807,9.64,0.94,2024-11-05,297.61,0.767
ITM12124,4,L65,486,31,12,7,10.3,5.03,0.91,174,1.89,105.07,1.07,7,1.0,562,14.94,0.46,2024-11-12,184.04,0.644
ITM12125,1,L68,135,97,10,5,10.16,9.88,0.89,148,1.76,18.93,1.39,2,0.99,977,4.87,0.43,2024-11-22,291.51,0.57
ITM12126,4,L54,162,62,8,5,29.25,7.32,0.48,142,2.04,63.32,0.35,1,0.94,804,4.88,0.41,2024-06-04,244.16,0.68
ITM12127,1,L21,220,45,5,5,34.59,6.75,0.48,73,1.48,79.92,1.87,7,0.86,81,10.79,0.31,2024-09-17,48.95,0.451
ITM12128,5,L26,199,77,8,8,6.9,5.92,0.25,85,3.91,128.84,0.6,8,0.9,796,1.6,0.5,2024-10-14,70.63,0.481
ITM12129,1,L78,221,45,4,2,7.02,9.97,0.33,140,4.84,98.2,0.71,8,0.92,460,12.49,0.61,2024-04-15,19.99,0.642
ITM12130,1,L18,383,61,14,6,28.7,9.81,0.93,65,4.4,125.49,1.37,1,0.7,446,10.14,0.63,2024-12-01,251.8,0.644
ITM12131,3,L33,498,62,9,9,14.23,5.61,0.23,72,1.48,145.53,0.25,7,0.73,66,12.78,0.75,2024-12-09,182.1,0.701
ITM12132,1,L7,72,91,13,8,20.23,4.82,0.97,114,0.73,18.12,1.29,1,0.88,973,4.23,0.24,2024-08-21,72.37,0.531
ITM12133,3,L83,490,59,12,3,20.64,4.89,0.55,47,3.91,59.07,1.84,6,0.7,650,12.86,0.65,2024-06-23,291.32,0.537
ITM12134,2,L62,403,89,9,9,9.75,4.57,0.51,63,2.26,42.47,0.57,7,0.97,101,7.28,0.4,2024-07-05,223.65,0.574
ITM12135,3,L48,199,50,6,7,1.06,5.55,0.26,139,4.21,45.62,0.79,0,0.85,419,2.86,0.39,2024-01-28,214.6,0.607
ITM12136,5,L71,433,27,10,7,42.8,3.1,0.7,11,4.01,105.59,0.54,7,0.78,213,13.62,0.83,2024-04-24,87.43,0.71
ITM12137,3,L14,436,31,6,8,36.04,9.3,0.51,149,3.31,150.6,1.66,2,0.82,352,10.87,0.32,2024-08-20,100.88,0.567
ITM12138,2,L92,332,75,9,8,34.84,5.16,0.43,49,1.65,61.83,0.42,0,0.96,499,3.36,0.46,2024-06-18,203.71,0.687
ITM12139,5,L67,327,30,6,6,27.78,8.5,0.34,11,0.97,166.65,0.76,6,0.98,977,4.45,0.71,2024-10-13,182.13,0.601
ITM12140,4,L16,156,53,14,2,35.35,5.02,0.16,114,1.64,179.57,1.24,9,0.73,593,4.76,0.71,2024-11-13,197.71,0.447
ITM12141,4,L37,201,56,7,8,46.85,7.32,0.57,134,2.79,76.6,0.87,2,0.93,759,14.49,0.24,2024-11-03,264.86,0.7
ITM12142,3,L11,386,48,9,5,33.62,3.7,0.38,89,4.91,139.46,0.22,7,0.87,551,13.41,0.26,2024-08-30,56.52,0.643
ITM12143,3,L98,20,38,12,6,13.99,6.44,0.74,56,0.79,32.24,1.9,8,0.88,400,5.85,0.72,2024-12-02,43.74,0.448
ITM12144,2,L21,63,63,5,3,28.96,5.23,0.75,173,1.4,151.37,0.74,1,0.93,428,7.53,0.96,2024-07-05,173.74,0.784
ITM12145,2,L35,246,99,12,5,22.67,3.99,0.4,141,3.32,41.35,0.95,0,0.77,488,4.99,1.0,2024-08-19,155.05,0.726
ITM12146,1,L58,350,94,7,3,28.26,8.87,0.7,161,1.87,140.61,0.42,7,0.86,250,11.4,0.99,2024-02-28,126.83,0.74
ITM12147,2,L66,117,26,13,4,26.36,1.57,0.33,100,4.36,90.16,1.74,9,0.8,156,3.26,0.48,2024-02-19,272.37,0.345
ITM12148,1,L19,227,89,5,3,43.08,5.13,0.75,110,1.13,186.41,0.65,5,0.73,554,5.74,0.39,2024-12-03,171.93,0.536
ITM12149,5,L56,284,69,7,5,32.94,2.35,0.11,139,4.83,98.25,0.14,9,0.73,433,9.49,0.28,2024-04-23,174.5,0.535
ITM12150,3,L12,307,40,5,4,10.25,8.68,0.24,24,4.61,15.87,0.7,0,0.74,897,13.28,0.46,2024-01-02,116.26,0.747
ITM12151,5,L29,290,82,13,5,4.09,2.91,0.32,58,4.49,101.33,1.97,2,0.88,906,9.9,0.42,2024-06-23,109.78,0.555
ITM12152,2,L58,159,87,12,7,21.79,6.52,0.8,121,1.28,161.14,0.38,8,0.73,345,14.16,0.66,2024-06-30,296.41,0.669
ITM12153,5,L45,256,58,13,5,1.76,2.07,0.16,44,1.98,132.95,0.16,8,0.87,77,14.03,0.5,2024-11-20,190.69,0.685
ITM12154,5,L4,481,11,9,4,16.6,4.35,0.27,125,4.12,193.6,1.2,5,0.88,386,11.06,0.39,2024-05-29,249.28,0.581
ITM12155,5,L54,460,57,3,3,19.03,9.04,0.42,103,4.14,170.22,0.81,2,0.97,336,4.9,0.69,2024-10-07,139.76,0.676
ITM12156,2,L7,411,23,11,7,19.4,2.08,0.11,33,3.67,110.04,1.61,7,0.89,680,10.56,0.46,2024-09-24,65.64,0.51
ITM12157,5,L51,91,68,11,2,48.99,6.8,0.79,69,2.52,49.24,1.49,5,1.0,392,3.7,0.48,2024-07-10,104.2,0.496
ITM12158,1,L65,174,67,7,2,15.89,2.44,0.6,86,1.9,10.72,0.45,0,0.71,80,5.66,0.68,2024-12-25,110.38,0.708
ITM12159,2,L48,209,67,11,9,14.0,4.45,0.91,57,4.83,196.3,1.17,5,0.91,715,11.61,0.29,2024-02-24,173.82,0.578
ITM12160,5,L31,287,60,12,2,7.34,5.64,0.13,160,1.13,188.28,0.16,4,0.71,821,12.91,0.82,2024-01-24,54.84,0.782
ITM12161,2,L50,340,93,8,2,26.04,5.98,0.34,149,0.7,62.09,0.94,7,0.92,536,6.83,0.97,2024-03-25,122.24,0.635
ITM12162,4,L11,126,11,7,6,8.53,6.22,0.76,50,0.54,131.26,1.46,1,0.82,668,8.33,0.59,2024-09-09,39.17,0.627
ITM12163,1,L48,251,50,5,2,31.2,6.58,0.71,166,3.99,148.56,0.89,6,0.88,300,6.41,0.65,2024-03-12,153.99,0.582
ITM12164,5,L29,61,92,13,4,8.6,3.08,0.32,137,0.76,119.82,0.32,5,0.79,412,7.71,0.51,2024-07-28,284.75,0.631
ITM12165,4,L4,209,91,13,8,29.26,4.31,0.64,160,2.92,170.16,0.22,0,0.75,156,8.17,0.97,2024-02-24,108.29,0.831
ITM12166,4,L41,390,25,10,2,41.49,0.85,0.81,40,2.15,24.79,1.72,7,0.92,555,10.69,0.31,2024-05-10,24.42,0.477
ITM12167,2,L13,158,13,6,5,3.08,7.8,0.13,158,1.16,180.33,1.79,5,0.97,491,11.51,0.85,2024-11-08,186.54,0.638
ITM12168,4,L92,122,21,12,8,21.57,8.45,0.75,33,3.83,84.48,0.75,2,0.76,166,14.65,0.72,2024-04-10,194.07,0.776
ITM12169,1,L84,190,38,5,2,23.59,2.39,0.33,18,0.75,101.33,0.41,4,0.98,294,7.13,0.83,2024-04-06,149.08,0.736
ITM12170,1,L43,370,16,8,8,39.76,2.41,0.95,159,1.93,94.5,1.96,6,0.74,128,2.16,0.96,2024-03-02,125.09,0.453
ITM12171,3,L19,292,23,10,3,23.93,0.9,0.58,141,3.03,110.94,1.14,8,0.92,790,10.63,0.6,2024-07-20,268.87,0.572
ITM12172,1,L18,435,21,11,4,28.81,9.72,0.13,86,2.31,123.65,1.01,3,0.99,535,7.98,0.43,2024-04-20,282.15,0.629
ITM12173,4,L5,240,14,8,4,39.77,8.17,0.46,140,1.67,144.97,1.51,1,0.74,72,12.77,0.82,2024-08-22,205.22,0.711
ITM12174,1,L37,232,90,7,9,28.43,3.93,0.97,129,4.67,109.74,0.42,2,0.83,246,3.05,0.88,2024-04-07,155.36,0.701
ITM12175,2,L61,360,41,14,8,18.56,5.08,0.76,165,4.69,140.11,1.2,6,0.8,410,10.03,0.75,2024-06-22,29.59,0.604
ITM12176,3,L90,443,83,13,9,5.21,3.27,0.37,99,2.37,74.28,1.79,7,0.82,749,7.43,0.88,2024-02-25,97.3,0.52
ITM12177,4,L18,426,52,4,7,36.77,6.17,0.62,126,2.27,187.97,0.14,4,0.93,476,6.87,0.78,2024-07-31,92.68,0.74
ITM12178,3,L98,75,90,4,6,43.69,7.31,0.64,119,1.88,22.26,1.38,2,0.9,266,8.91,0.97,2024-01-24,26.89,0.715
ITM12179,4,L91,409,78,11,5,48.53,4.75,0.12,130,4.35,113.65,1.15,0,0.99,808,10.58,0.66,2024-11-20,254.58,0.756
ITM12180,2,L61,361,54,4,8,46.4,8.8,0.26,107,3.06,26.61,1.91,9,0.76,715,12.91,0.5,2024-12-10,261.44,0.453
ITM12181,3,L58,453,18,4,4,40.07,5.41,0.6,24,0.9,94.13,0.59,0,0.86,756,4.29,0.74,2024-10-28,274.59,0.718
ITM12182,5,L79,121,58,5,9,32.53,1.87,0.46,145,4.34,58.94,1.73,1,0.83,677,5.1,0.26,2024-03-04,225.12,0.493
ITM12183,4,L1,440,42,5,3,39.29,6.41,0.27,61,2.91,188.01,0.69,4,0.98,245,8.68,0.6,2024-08-18,216.05,0.683
ITM12184,5,L11,211,27,6,2,22.17,4.89,0.8,64,2.37,12.48,0.92,2,0.7,616,5.85,0.82,2024-08-22,148.57,0.65
ITM12185,3,L3,329,18,9,4,30.14,9.39,0.54,46,2.02,84.33,0.51,6,1.0,736,8.96,0.34,2024-12-03,258.65,0.616
ITM12186,5,L33,219,71,11,3,18.09,4.22,0.38,141,0.95,158.59,1.74,1,0.84,492,3.8,0.52,2024-10-28,157.94,0.529
ITM12187,5,L28,252,66,4,2,17.01,4.33,0.25,64,4.81,45.81,0.47,1,0.89,508,5.31,0.48,2024-09-15,18.6,0.678
ITM12188,3,L20,452,38,6,6,38.08,6.68,0.65,21,3.84,164.96,1.73,2,0.81,508,5.55,0.47,2024-03-09,179.62,0.517
ITM12189,2,L71,246,87,11,4,23.24,5.51,0.7,156,1.09,173.35,0.97,0,0.96,533,14.89,0.72,2024-09-12,123.23,0.838
ITM12190,5,L94,390,34,4,9,11.4,4.06,0.7,46,2.8,144.52,1.69,1,0.87,193,12.96,0.6,2024-01-03,161.18,0.678
ITM12191,5,L78,158,24,12,4,10.89,9.9,0.3,16,3.0,49.72,0.6,4,0.9,363,12.73,0.84,2024-09-28,137.8,0.778
ITM12192,2,L68,363,15,13,8,43.1,3.37,0.64,64,1.26,61.69,0.35,2,0.89,924,8.19,0.25,2024-01-25,154.07,0.662
ITM12193,5,L55,324,51,3,8,34.21,3.14,0.91,37,2.42,41.72,1.15,9,0.81,778,7.54,0.56,2024-10-10,41.49,0.48
ITM12194,5,L15,168,38,12,3,27.76,8.71,0.42,46,3.41,44.97,1.07,5,0.72,306,1.98,0.21,2024-08-09,14.21,0.405
ITM12195,5,L100,134,88,10,9,20.65,0.53,0.29,84,1.78,16.93,0.78,1,0.94,688,3.76,0.38,2024-10-26,108.65,0.616
ITM12196,1,L37,469,13,11,7,22.11,2.41,0.79,123,1.99,172.89,1.36,7,0.79,523,13.53,0.82,2024-09-04,83.82,0.626
ITM12197,2,L31,82,91,9,8,3.81,6.11,0.26,176,1.05,110.42,0.28,3,0.95,734,8.36,0.28,2024-09-17,82.52,0.669
ITM12198,5,L39,123,66,10,5,23.29,2.04,0.33,115,2.36,72.27,1.28,2,0.88,655,14.82,0.28,2024-03-31,281.76,0.662
ITM12199,2,L16,358,58,6,6,39.98,9.87,0.19,160,3.13,65.02,0.5,4,0.81,548,9.29,0.52,2024-12-20,247.51,0.66
ITM12200,4,L7,378,53,6,5,20.01,4.91,0.34,119,1.02,113.49,0.35,7,0.88,951,6.28,0.82,2024-10-23,13.88,0.649
ITM12201,4,L31,175,89,4,4,19.8,6.17,0.47,93,3.27,72.07,1.83,8,0.89,268,4.84,0.71,2024-03-29,12.53,0.442
ITM12202,5,L54,292,84,10,5,1.77,2.02,0.16,20,2.29,174.11,0.97,0,0.91,613,13.86,0.83,2024-03-06,235.3,0.836
ITM12203,2,L82,25,23,13,2,23.43,3.25,0.88,75,3.55,50.08,1.55,3,0.95,580,6.19,0.24,2024-02-23,295.61,0.506
ITM12204,2,L80,166,12,4,6,2.24,6.34,0.56,22,1.92,177.64,0.27,5,0.75,407,3.05,0.65,2024-07-17,144.91,0.594
ITM12205,2,L59,203,71,11,5,28.95,5.72,0.63,178,3.06,136.18,0.21,5,0.98,286,4.9,0.56,2024-12-02,135.61,0.652
ITM12206,1,L9,47,73,6,2,25.83,7.95,0.43,24,3.26,191.76,1.04,8,0.82,732,10.04,0.92,2024-11-03,89.99,0.618
ITM12207,4,L15,469,54,3,3,42.16,3.06,0.7,65,3.61,12.87,0.7,0,0.96,324,2.86,0.79,2024-11-06,203.32,0.718
ITM12208,2,L64,57,91,6,5,29.51,6.71,0.49,168,3.91,21.23,0.11,4,0.77,856,2.28,0.54,2024-06-13,146.78,0.601
ITM12209,2,L77,138,67,5,6,16.85,3.26,0.79,62,1.11,105.17,0.45,9,0.71,925,7.41,0.64,2024-09-15,58.58,0.544
ITM12210,1,L69,312,29,14,2,26.3,6.07,0.84,70,4.84,183.35,0.52,0,0.87,721,2.17,0.54,2024-07-15,149.6,0.659
ITM12211,1,L3,390,67,8,5,35.29,6.25,0.7,137,4.3,148.85,0.65,5,0.8,801,6.5,0.55,2024-08-02,119.15,0.592
ITM12212,2,L81,263,98,9,3,5.6,1.66,0.54,51,3.03,128.21,1.77,8,1.0,626,5.52,0.71,2024-11-07,268.04,0.479
ITM12213,3,L66,87,66,10,5,31.43,5.71,0.8,38,4.51,16.0,0.9,3,0.73,266,6.48,0.37,2024-12-20,233.76,0.556
ITM12214,2,L74,233,86,4,2,45.91,0.61,0.54,164,2.22,77.29,1.39,9,0.71,608,7.83,0.47,2024-05-07,213.36,0.421
ITM12215,2,L31,237,77,8,5,15.66,5.26,0.2,53,0.65,75.71,0.13,9,0.71,446,3.59,0.42,2024-05-20,104.88,0.481
ITM12216,1,L92,196,87,8,6,31.7,7.13,0.2,142,3.77,113.0,1.65,8,0.77,123,7.19,0.84,2024-07-22,50.49,0.493
ITM12217,1,L19,318,61,12,4,41.25,1.19,0.95,122,4.75,58.99,0.56,2,0.87,725,6.06,0.95,2024-06-24,260.76,0.749
ITM12218,2,L38,183,46,14,9,26.08,9.42,0.29,115,1.23,60.76,0.69,6,0.85,759,12.14,0.53,2024-05-30,109.4,0.649
ITM12219,2,L55,77,17,7,9,36.18,4.86,0.83,47,3.4,127.96,0.19,4,0.81,972,10.73,0.26,2024-08-19,181.96,0.658
ITM12220,2,L1,288,53,12,2,16.24,9.41,0.32,124,4.16,189.47,0.88,9,0.73,377,13.22,0.27,2024-03-09,181.34,0.508
ITM12221,1,L79,327,14,12,2,16.0,1.52,0.49,139,4.57,135.43,1.72,0,0.77,457,10.37,0.52,2024-03-11,279.14,0.624
ITM12222,2,L46,77,78,9,2,33.71,9.52,0.69,118,1.74,136.94,0.82,6,0.76,197,2.7,0.52,2024-07-30,59.8,0.49
ITM12223,2,L31,307,40,5,2,35.57,1.54,0.24,93,1.08,197.38,1.83,7,0.92,135,8.1,0.32,2024-11-04,233.78,0.433
ITM12224,5,L74,484,54,6,5,46.91,4.88,0.76,172,1.62,39.16,1.75,5,0.93,570,11.39,0.85,2024-12-24,144.15,0.633
ITM12225,3,L54,124,18,12,6,12.02,9.41,0.72,55,3.1,16.43,0.22,0,0.93,552,12.78,0.6,2024-09-19,60.68,0.854
ITM12226,4,L24,247,41,11,9,23.94,2.71,0.59,101,4.63,151.65,0.68,8,0.99,814,3.54,0.29,2024-06-02,252.34,0.475
ITM12227,3,L86,266,42,6,3,13.28,0.83,0.61,114,3.12,93.37,1.83,6,0.97,281,4.13,0.28,2024-12-25,247.84,0.402
ITM12228,5,L86,207,76,5,9,4.92,8.03,0.2,81,4.64,91.48,0.16,5,0.85,937,13.07,0.56,2024-10-07,21.65,0.74
ITM12229,4,L11,102,39,4,6,20.76,6.16,0.49,148,3.97,52.81,1.56,3,0.82,547,7.8,0.29,2024-06-09,215.74,0.51
ITM12230,2,L68,205,85,7,2,19.33,5.38,0.18,38,3.19,106.3,1.82,2,0.97,472,7.33,0.65,2024-12-30,54.52,0.6
ITM12231,5,L47,271,38,6,7,14.25,0.83,0.38,56,0.6,94.01,1.56,3,0.88,516,7.92,0.51,2024-10-10,187.0,0.568
ITM12232,2,L9,374,12,10,5,15.55,6.71,0.91,120,2.0,75.64,1.51,0,0.79,296,3.43,0.94,2024-11-19,196.7,0.641
ITM12233,1,L68,257,99,9,7,18.66,2.13,0.62,16,0.76,94.12,1.7,8,0.87,419,9.79,0.54,2024-04-21,202.92,0.483
ITM12234,5,L70,379,66,8,5,49.45,9.35,0.77,126,1.95,82.93,1.37,1,1.0,562,12.31,0.69,2024-04-12,44.83,0.745
ITM12235,1,L65,203,39,13,2,39.36,7.01,0.62,73,0.78,188.58,0.9,1,0.95,828,12.72,0.85,2024-04-17,183.51,0.82
ITM12236,5,L65,303,18,14,5,4.5,7.22,0.27,91,1.26,196.25,0.22,2,0.78,154,1.43,0.44,2024-11-15,38.96,0.601
ITM12237,5,L71,404,35,4,2,43.75,2.71,0.64,73,2.35,169.58,1.6,0,0.99,283,11.01,0.61,2024-05-28,226.21,0.707
ITM12238,1,L3,445,11,5,6,32.03,8.87,0.78,101,2.82,198.18,1.82,9,0.99,507,2.28,0.3,2024-12-17,28.49,0.326
ITM12239,4,L50,229,71,12,8,44.64,5.61,0.22,21,1.48,60.49,1.07,2,0.77,306,14.54,0.55,2024-06-25,229.77,0.711
ITM12240,3,L61,323,12,11,4,17.74,8.64,0.84,21,3.8,170.16,1.11,3,0.97,524,7.75,0.5,2024-12-10,266.21,0.626
ITM12241,2,L6,315,55,11,5,23.76,3.07,0.6,45,3.16,87.26,0.87,8,0.96,642,11.86,0.54,2024-03-08,96.58,0.611
ITM12242,5,L82,116,77,7,2,44.92,7.68,0.1,38,3.61,151.77,1.73,4,0.71,684,9.71,0.29,2024-12-29,235.7,0.476
ITM12243,2,L50,466,34,5,7,14.36,5.96,0.57,148,3.8,48.26,0.13,5,0.9,221,14.33,0.52,2024-11-28,131.08,0.762
ITM12244,1,L48,479,60,4,2,45.86,0.96,0.46,94,3.77,164.27,1.29,0,0.79,868,14.63,0.9,2024-04-01,241.34,0.804
ITM12245,2,L33,475,22,10,7,41.6,4.35,0.37,83,4.71,25.86,1.82,2,0.9,322,4.9,0.95,2024-09-14,209.01,0.613
ITM12246,1,L96,491,53,8,9,49.05,2.25,0.79,56,1.57,61.41,0.3,6,0.97,920,7.76,0.39,2024-10-04,93.85,0.625
ITM12247,2,L3,227,44,12,5,16.89,3.91,0.91,170,1.72,166.17,1.92,6,0.85,808,8.06,0.44,2024-12-21,66.18,0.453
ITM12248,3,L46,389,64,13,3,12.55,4.14,0.79,90,0.92,151.96,1.94,9,0.82,924,3.49,0.21,2024-11-22,275.28,0.279
ITM12249,3,L9,407,96,14,7,17.21,5.01,0.86,130,3.17,105.24,1.87,0,0.98,937,13.66,0.29,2024-06-14,253.3,0.649
ITM12250,3,L45,441,18,9,2,47.78,6.2,0.92,52,2.28,137.83,0.98,8,0.99,243,5.89,0.48,2024-12-29,201.37,0.515
ITM12251,3,L31,430,11,3,5,17.32,5.92,0.92,155,2.73,45.26,0.83,0,0.72,161,2.22,0.75,2024-02-29,111.32,0.641
ITM12252,3,L94,156,70,3,2,28.7,0.87,0.2,83,1.26,136.88,1.44,6,0.98,72,3.16,0.43,2024-06-29,158.03,0.46
ITM12253,3,L85,386,50,12,3,20.78,7.63,0.51,62,3.42,11.52,0.71,1,0.72,986,8.19,0.26,2024-10-14,171.78,0.614
ITM12254,1,L81,419,53,4,4,20.41,9.52,0.1,48,3.29,168.31,0.23,8,0.8,943,13.34,0.78,2024-09-02,34.96,0.711
ITM12255,5,L14,203,73,12,8,10.48,3.81,0.56,116,1.69,108.09,1.81,8,0.93,364,9.8,0.57,2024-10-25,291.95,0.49
ITM12256,2,L99,95,40,5,8,27.32,2.21,0.93,171,2.59,189.34,1.31,8,0.93,251,4.01,0.62,2024-10-19,36.63,0.472
ITM12257,3,L75,306,56,14,3,42.62,5.63,0.28,46,4.52,100.85,0.49,3,0.92,550,5.16,0.46,2024-12-07,219.29,0.636
ITM12258,1,L95,491,11,3,6,3.42,7.2,0.68,178,3.98,92.29,0.13,5,0.71,667,14.66,0.69,2024-12-29,152.91,0.762
ITM12259,1,L97,394,91,7,5,44.57,6.95,0.68,106,1.52,95.51,1.47,1,0.74,655,1.74,0.91,2024-08-01,230.36,0.586
ITM12260,1,L43,161,86,5,3,33.61,6.32,0.24,58,4.45,78.35,1.72,2,0.98,74,14.92,0.64,2024-12-11,85.67,0.711
ITM12261,5,L18,256,78,3,4,31.22,1.89,0.31,137,0.8,41.67,0.87,5,0.72,706,13.68,0.67,2024-09-30,124.58,0.673
ITM12262,2,L6,44,67,10,2,31.67,8.45,0.52,19,2.36,169.99,0.25,0,0.72,557,10.5,0.5,2024-05-26,162.4,0.759
ITM12263,5,L46,309,53,14,5,15.52,4.54,0.27,49,0.86,83.93,1.33,6,0.95,415,14.2,0.27,2024-08-04,45.01,0.58
ITM12264,4,L70,86,83,13,9,21.34,2.6,0.63,155,4.66,110.53,0.66,1,0.89,580,3.13,0.54,2024-01-07,257.03,0.642
ITM12265,1,L44,269,65,8,7,40.17,1.32,0.54,162,0.68,13.78,0.37,7,0.81,771,14.2,0.94,2024-09-24,297.55,0.762
ITM12266,4,L83,427,52,11,3,16.01,4.46,0.57,115,1.18,21.45,1.07,4,0.75,643,3.98,0.74,2024-02-24,131.1,0.564
ITM12267,3,L23,137,98,5,9,24.03,6.37,0.22,50,4.62,123.46,1.02,6,0.97,95,8.65,0.59,2024-01-13,119.28,0.605
ITM12268,3,L100,92,43,11,9,1.96,6.82,0.57,173,3.12,177.05,1.08,7,1.0,84,7.84,0.7,2024-07-14,182.28,0.597
ITM12269,5,L88,301,39,11,4,36.94,9.65,0.14,11,4.08,103.75,1.67,2,0.71,251,8.17,0.65,2024-03-15,209.71,0.574
ITM12270,2,L60,423,80,14,9,21.47,1.95,0.89,62,0.57,41.35,1.02,5,0.87,584,4.74,0.93,2024-01-28,261.89,0.621
ITM12271,4,L90,467,79,14,3,26.74,9.86,0.41,156,2.39,32.06,1.81,8,0.78,414,11.93,0.38,2024-12-09,118.14,0.45
ITM12272,2,L62,379,64,3,6,6.62,6.72,0.87,35,4.93,180.96,1.7,3,0.95,519,11.4,0.91,2024-01-29,231.8,0.694
ITM12273,5,L81,29,76,5,8,49.59,4.82,0.73,63,3.11,143.31,1.34,9,0.8,349,14.36,0.75,2024-04-12,79.62,0.587
ITM12274,3,L24,230,22,8,8,15.82,8.94,0.79,60,4.32,193.58,0.21,6,0.91,826,8.1,0.3,2024-05-16,207.33,0.609
ITM12275,2,L18,342,12,10,5,32.11,7.1,0.38,162,4.84,25.65,1.74,0,0.86,465,8.67,0.5,2024-03-23,145.36,0.614
ITM12276,2,L9,171,35,6,2,29.48,3.81,0.3,123,3.58,181.5,1.82,6,0.86,395,13.65,0.55,2024-05-26,201.89,0.562
ITM12277,3,L92,24,66,7,4,39.47,8.9,0.47,26,1.97,170.67,0.81,8,0.96,398,13.87,0.27,2024-12-15,120.14,0.59
ITM12278,4,L100,214,33,11,3,15.4,6.83,0.12,129,1.89,179.71,1.1,9,0.84,748,10.09,0.64,2024-05-08,95.36,0.541
ITM12279,3,L59,461,62,8,5,38.04,7.14,0.93,55,0.82,11.09,0.63,7,0.95,859,12.49,0.41,2024-03-15,150.94,0.636
ITM12280,2,L5,302,79,14,3,19.74,9.02,0.45,64,2.42,150.96,0.13,3,0.81,239,8.07,0.57,2024-02-01,269.58,0.711
ITM12281,4,L38,483,52,9,5,21.15,4.76,0.99,59,4.62,114.3,1.01,2,0.75,452,6.43,0.55,2024-12-19,205.71,0.605
ITM12282,4,L26,132,69,9,8,33.96,6.74,0.79,84,2.65,118.9,0.35,6,0.84,801,13.1,0.62,2024-05-31,187.38,0.712
ITM12283,3,L6,290,67,6,9,39.43,7.57,0.17,20,4.6,99.15,0.45,0,0.85,398,11.88,0.88,2024-04-14,218.76,0.859
ITM12284,2,L26,182,58,6,6,33.68,4.81,0.69,149,4.18,151.11,1.01,7,0.84,422,4.39,0.82,2024-10-04,221.44,0.55
ITM12285,5,L6,479,51,6,3,45.09,1.29,0.34,177,4.93,199.97,1.75,0,0.94,688,1.67,0.9,2024-01-17,95.48,0.615
ITM12286,2,L41,124,85,13,6,14.97,7.83,0.32,57,4.76,145.0,1.7,6,0.87,554,8.92,0.66,2024-07-02,77.49,0.535
ITM12287,1,L40,200,75,7,7,45.13,0.95,0.33,130,3.68,138.83,1.93,5,0.97,340,12.78,0.69,2024-08-19,157.65,0.609
ITM12288,5,L66,63,20,7,7,7.41,7.32,0.92,65,4.42,134.34,1.02,9,0.85,953,4.46,0.54,2024-02-22,52.87,0.455
ITM12289,4,L51,301,99,10,9,33.32,9.15,0.55,17,3.87,142.09,1.15,7,0.77,160,11.74,0.77,2024-11-11,147.67,0.61
ITM12290,5,L70,194,27,11,8,27.83,3.8,0.7,23,3.67,75.0,1.66,5,0.74,604,6.8,0.36,2024-12-11,210.98,0.445
ITM12291,4,L61,181,94,4,4,25.24,1.47,0.35,123,3.72,70.84,1.43,4,0.96,552,5.7,0.58,2024-10-14,12.15,0.561
ITM12292,4,L33,490,61,13,6,16.23,2.71,0.57,63,3.74,159.02,0.45,8,0.72,350,3.42,0.77,2024-04-24,42.23,0.539
ITM12293,5,L5,370,55,9,5,25.68,5.84,0.42,26,2.21,20.09,0.86,3,0.74,695,14.08,0.82,2024-11-27,289.02,0.754
ITM12294,4,L97,453,53,3,4,8.93,9.46,0.39,142,2.41,154.26,1.87,6,0.72,62,4.16,0.4,2024-10-14,279.1,0.372
ITM12295,4,L83,359,31,3,3,19.1,5.37,0.32,140,1.82,164.63,0.38,5,0.83,572,4.91,0.35,2024-07-18,131.2,0.563
ITM12296,1,L25,159,62,6,3,5.84,1.57,0.47,18,1.17,109.1,0.5,9,0.86,151,5.64,0.43,2024-05-01,181.11,0.503
ITM12297,2,L37,490,68,12,5,29.02,6.46,0.69,131,2.56,182.93,0.86,5,0.71,246,4.99,0.94,2024-09-18,55.03,0.611
ITM12298,2,L46,151,39,9,2,5.69,7.46,0.3,123,4.55,99.89,1.89,4,0.85,440,3.28,0.3,2024-12-22,105.99,0.405
ITM12299,1,L100,106,17,4,9,8.86,4.24,0.97,29,3.43,43.84,0.32,1,0.82,104,5.96,0.96,2024-05-27,239.95,0.783
ITM12300,5,L7,195,66,13,2,5.19,7.35,0.21,92,0.75,78.67,1.38,3,0.93,232,7.6,1.0,2024-12-20,258.23,0.689
ITM12301,3,L84,202,82,4,9,19.68,3.59,0.53,30,4.15,182.11,0.35,0,0.95,68,8.72,0.83,2024-12-06,127.53,0.837
ITM12302,3,L43,387,29,3,3,42.26,8.0,0.18,42,4.71,198.81,1.1,8,0.91,412,3.19,0.81,2024-01-25,100.21,0.517
ITM12303,3,L35,148,34,12,9,45.44,3.74,0.12,142,4.23,90.15,1.12,8,0.84,823,11.91,0.96,2024-07-14,207.69,0.647
ITM12304,1,L16,265,28,4,8,4.52,2.93,0.93,161,3.77,41.7,0.18,7,0.76,522,5.36,0.43,2024-07-17,218.19,0.551
ITM12305,1,L48,108,14,9,8,32.09,8.85,0.83,35,1.18,64.4,1.91,3,0.95,58,13.85,0.3,2024-08-01,295.3,0.584
ITM12306,4,L56,85,84,11,5,34.53,5.71,0.72,117,2.07,115.13,1.63,4,0.8,709,5.61,0.86,2024-12-16,212.23,0.564
ITM12307,3,L52,177,88,8,2,27.15,3.21,0.88,98,3.04,118.7,0.68,0,0.81,74,13.08,0.34,2024-06-09,79.65,0.736
ITM12308,5,L96,406,81,12,6,33.68,9.38,0.82,101,0.85,129.71,0.35,3,0.97,355,5.94,0.24,2024-10-09,27.4,0.626
ITM12309,5,L57,397,92,4,3,12.45,7.06,0.68,42,0.98,168.72,0.76,3,0.99,633,8.08,0.36,2024-01-28,84.71,0.642
ITM12310,3,L50,168,96,14,7,24.99,2.6,0.86,27,4.7,145.13,1.8,4,0.97,483,6.21,0.55,2024-01-07,75.73,0.527
ITM12311,3,L44,492,36,12,6,20.15,6.34,0.45,27,3.66,59.56,0.35,1,1.0,471,6.42,0.6,2024-05-08,36.92,0.751
ITM12312,3,L24,359,49,12,5,5.4,8.77,0.6,175,1.74,85.06,0.76,1,0.96,883,9.66,0.25,2024-04-13,138.87,0.675
ITM12313,1,L64,452,35,11,7,31.65,7.11,0.8,42,1.97,169.57,1.04,1,0.91,106,10.7,0.55,2024-11-13,93.56,0.711
ITM12314,1,L89,135,36,9,6,25.27,2.83,0.18,36,2.23,130.34,0.16,7,0.79,583,13.19,0.68,2024-08-14,278.28,0.714
ITM12315,1,L64,233,71,13,2,14.48,6.66,0.87,58,0.84,41.62,0.61,1,0.99,873,8.97,0.95,2024-04-25,127.13,0.827
ITM12316,2,L48,488,92,3,9,24.21,6.38,0.24,152,3.83,71.85,1.23,5,0.96,597,4.04,0.38,2024-11-20,264.22,0.499
ITM12317,5,L67,465,59,14,8,38.99,8.3,0.88,117,1.3,160.31,0.72,1,0.77,228,14.85,0.37,2024-12-26,98.95,0.734
ITM12318,5,L35,391,51,11,2,40.28,2.19,0.38,77,4.12,42.7,1.75,7,0.85,117,10.57,0.51,2024-12-29,251.13,0.498
ITM12319,4,L11,313,38,4,7,32.83,7.15,0.39,108,4.31,141.3,1.88,0,0.72,545,6.25,0.99,2024-11-27,141.81,0.637
ITM12320,1,L94,272,48,6,9,23.92,0.76,0.17,28,3.37,117.07,0.94,1,0.99,50,14.55,0.47,2024-07-07,19.38,0.772
ITM12321,2,L55,162,69,11,9,29.21,7.11,0.9,34,3.96,38.02,1.11,4,0.87,97,14.42,0.24,2024-10-28,151.22,0.623
ITM12322,2,L11,269,50,6,9,19.87,9.62,0.26,113,1.27,140.89,1.3,5,0.77,466,2.11,0.41,2024-10-06,75.76,0.434
ITM12323,5,L56,385,42,5,4,7.2,2.16,0.67,85,3.09,37.05,1.36,8,0.79,713,1.28,0.65,2024-11-04,99.16,0.409
ITM12324,1,L78,455,92,3,8,19.9,3.46,0.68,85,3.55,85.7,0.22,5,0.99,994,1.62,0.53,2024-04-10,208.46,0.604
ITM12325,4,L24,482,92,9,3,26.99,6.04,0.35,115,3.48,68.63,0.2,7,0.88,246,10.59,0.82,2024-04-09,163.56,0.721
ITM12326,1,L70,321,25,8,7,30.34,7.46,0.99,162,1.03,141.1,1.74,6,0.83,619,10.95,0.69,2024-05-30,267.7,0.556
ITM12327,3,L38,44,32,12,5,46.85,3.77,0.16,42,2.05,158.65,0.52,0,0.85,97,11.14,0.65,2024-08-17,281.43,0.797
ITM12328,1,L42,296,16,6,3,39.09,6.81,0.65,46,1.96,41.98,1.21,1,0.73,404,9.82,0.46,2024-03-31,210.38,0.628
ITM12329,3,L14,491,35,8,6,8.45,9.04,0.53,101,3.08,164.28,1.29,3,0.72,283,5.0,0.64,2024-12-15,260.43,0.55
ITM12330,3,L11,396,21,8,8,9.53,7.4,0.32,133,3.94,11.37,0.41,0,0.88,486,3.34,0.69,2024-02-08,66.57,0.718
ITM12331,4,L42,397,81,6,5,5.92,7.25,0.25,52,3.07,110.71,1.55,7,0.85,749,13.99,0.34,2024-04-05,32.99,0.53
ITM12332,5,L85,408,14,8,5,37.17,4.13,0.76,135,3.9,108.19,1.75,3,0.81,943,13.78,0.79,2024-03-29,106.56,0.669
ITM12333,1,L38,89,78,12,2,35.6,9.16,0.92,18,0.95,128.53,0.64,6,0.87,675,4.39,0.51,2024-09-20,104.46,0.551
ITM12334,3,L40,132,58,13,6,49.33,3.13,0.2,23,4.45,55.54,1.77,6,0.72,139,3.35,0.79,2024-03-02,202.88,0.45
ITM12335,1,L58,382,35,10,2,26.58,2.45,0.27,140,2.91,11.87,0.25,7,0.98,418,6.25,0.34,2024-07-12,253.7,0.582
ITM12336,5,L78,131,14,5,2,41.49,3.96,0.99,78,0.67,96.4,1.62,8,0.79,988,1.68,0.73,2024-01-21,96.1,0.404
ITM12337,5,L92,383,31,6,9,29.25,6.68,0.11,35,3.39,23.57,1.32,8,0.72,218,3.27,0.22,2024-08-07,133.18,0.34
ITM12338,2,L55,322,88,12,8,43.83,8.69,0.56,136,2.83,179.52,1.21,6,0.75,412,6.32,0.33,2024-05-22,40.44,0.459
ITM12339,5,L22,490,22,14,4,36.33,1.75,0.56,62,1.49,43.0,0.54,8,0.73,971,4.34,0.91,2024-10-11,129.69,0.572
ITM12340,4,L89,471,37,3,2,32.5,8.23,0.34,50,3.94,90.79,0.79,4,0.75,922,11.32,0.57,2024-05-15,72.18,0.656
ITM12341,3,L57,110,42,6,3,28.69,8.22,0.7,91,4.7,92.46,1.83,9,0.83,226,13.67,0.61,2024-03-07,120.91,0.507
ITM12342,2,L45,37,32,13,5,36.43,6.08,0.95,111,1.95,115.04,0.98,3,0.92,549,13.73,0.93,2024-03-23,87.24,0.795
ITM12343,4,L58,168,27,12,8,21.56,7.73,0.51,30,2.72,158.68,1.23,2,0.78,753,9.46,0.59,2024-10-26,244.53,0.637
ITM12344,1,L6,495,39,12,2,5.73,2.23,0.77,130,1.08,99.71,1.88,5,0.83,182,10.85,0.72,2024-05-10,11.18,0.567
ITM12345,3,L94,246,35,14,7,2.96,2.11,0.68,48,4.68,14.89,0.99,9,0.98,221,7.92,0.38,2024-01-03,108.23,0.499
ITM12346,5,L46,233,25,11,3,24.47,8.7,0.53,160,1.93,156.51,0.84,8,0.79,579,3.05,0.27,2024-06-18,291.08,0.409
ITM12347,3,L79,379,86,10,6,30.37,5.23,0.14,78,1.38,25.61,1.8,3,0.94,812,9.89,0.48,2024-08-26,206.91,0.576
ITM12348,1,L56,170,48,13,5,4.86,2.84,0.77,84,2.65,131.9,1.83,1,0.75,490,5.9,0.84,2024-12-29,233.93,0.594
ITM12349,2,L36,211,42,6,8,15.06,7.04,0.43,166,0.69,162.65,0.77,2,0.75,161,1.08,0.56,2024-03-20,259.36,0.559
ITM12350,2,L82,470,35,14,7,16.78,8.97,0.3,71,1.64,63.71,1.22,2,0.84,89,9.05,0.33,2024-01-21,114.93,0.593
ITM12351,2,L8,59,57,9,8,28.58,6.51,0.95,54,0.8,95.33,1.93,1,0.77,151,3.78,0.64,2024-03-19,29.12,0.519
ITM12352,5,L10,261,74,12,8,14.65,3.8,0.8,36,1.07,12.72,0.21,8,0.97,418,13.41,0.41,2024-06-14,129.1,0.674
ITM12353,4,L86,157,47,5,7,5.69,5.09,0.97,125,1.0,162.74,0.18,3,0.72,223,14.08,0.96,2024-11-01,199.28,0.846
ITM12354,4,L82,364,11,11,6,9.08,7.65,0.33,171,4.43,143.62,1.08,2,0.88,875,3.27,0.66,2024-01-27,117.53,0.604
ITM12355,3,L52,199,15,12,7,9.52,1.14,0.85,151,4.69,53.96,0.65,9,0.88,390,1.41,0.99,2024-11-16,140.01,0.548
ITM12356,5,L47,219,55,6,3,42.29,2.56,0.65,50,2.64,84.14,1.21,5,0.72,969,1.06,0.23,2024-11-11,249.4,0.383
ITM12357,2,L66,222,59,4,9,14.93,4.89,0.98,115,3.34,142.11,1.48,7,0.92,973,13.78,0.21,2024-12-04,20.51,0.522
ITM12358,2,L96,80,47,12,8,36.02,6.24,0.95,83,3.63,78.05,0.23,7,0.84,863,3.13,0.58,2024-06-03,107.07,0.563
ITM12359,1,L87,211,97,7,6,28.82,3.72,0.98,69,2.26,40.86,1.78,9,0.92,245,7.09,0.89,2024-09-08,151.64,0.499
ITM12360,1,L21,24,27,4,8,48.87,3.33,0.96,51,2.17,108.52,0.63,5,0.95,633,1.8,0.62,2024-10-20,96.76,0.575
ITM12361,2,L4,397,36,12,7,14.37,0.89,0.11,131,3.54,147.48,0.82,4,0.8,231,6.23,0.9,2024-10-08,139.29,0.661
ITM12362,2,L19,256,50,8,6,8.76,0.81,0.77,20,2.2,70.95,0.74,6,0.85,802,12.0,0.3,2024-07-02,126.51,0.596
ITM12363,5,L78,200,81,13,6,3.55,3.15,0.34,172,3.11,33.14,1.7,2,0.78,850,6.69,0.76,2024-02-07,277.93,0.587
ITM12364,4,L87,330,83,12,2,12.81,5.54,0.73,156,2.82,167.61,0.42,9,0.76,372,11.86,0.73,2024-12-28,153.01,0.634
ITM12365,1,L57,56,26,3,2,34.52,5.79,0.98,127,2.86,58.03,0.15,1,0.7,162,10.64,0.64,2024-06-11,148.13,0.775
ITM12366,4,L5,75,71,8,9,5.18,5.19,0.14,74,4.23,107.43,1.95,7,0.99,901,8.24,0.52,2024-09-26,83.8,0.477
ITM12367,5,L17,462,38,6,2,12.99,4.39,0.61,56,3.67,141.36,1.96,8,0.83,724,11.33,0.72,2024-04-22,23.43,0.505
ITM12368,2,L9,256,67,5,7,42.91,2.9,0.76,23,4.82,70.24,0.59,5,0.7,600,13.31,0.64,2024-04-04,96.85,0.686
ITM12369,4,L31,377,79,4,5,29.56,4.31,0.33,76,4.06,133.24,0.12,3,0.7,284,12.1,0.42,2024-09-23,17.89,0.713
ITM12370,2,L100,368,87,9,3,4.41,1.82,0.3,118,1.16,97.34,1.33,5,0.79,554,10.68,0.28,2024-02-04,249.76,0.523
ITM12371,2,L83,216,31,11,7,3.34,1.59,0.15,169,3.82,118.38,1.33,6,0.7,992,10.83,0.51,2024-09-15,69.24,0.533
ITM12372,3,L47,92,15,14,8,4.0,3.35,0.18,19,3.5,122.21,1.89,7,0.81,120,3.26,0.61,2024-03-22,274.25,0.398
ITM12373,4,L47,78,35,5,2,47.15,9.96,0.69,133,3.41,166.59,0.67,2,0.72,268,14.31,0.61,2024-07-31,266.89,0.75
ITM12374,4,L50,259,48,8,6,42.64,3.6,0.55,26,2.66,134.7,0.46,5,0.71,566,3.88,0.54,2024-10-05,202.76,0.556
ITM12375,2,L73,21,21,11,7,42.4,9.4,0.13,177,0.78,60.22,1.27,9,0.9,802,5.89,0.46,2024-10-01,260.14,0.444
ITM12376,5,L5,468,23,4,6,46.29,4.23,0.97,152,4.78,21.32,1.17,5,0.97,214,8.25,0.48,2024-07-25,264.6,0.583
ITM12377,3,L78,379,31,9,9,25.76,4.67,0.69,106,4.33,10.38,1.46,9,0.82,562,2.77,0.41,2024-02-17,235.14,0.357
ITM12378,2,L20,207,60,7,8,13.12,8.07,0.56,176,2.69,181.84,1.78,6,0.95,430,9.31,0.66,2024-06-27,157.3,0.548
ITM12379,1,L87,326,32,7,6,20.67,1.39,0.35,66,1.21,189.0,1.16,3,0.71,233,3.56,0.88,2024-04-23,285.51,0.589
ITM12380,1,L58,49,57,13,6,36.22,2.23,0.69,147,4.21,27.88,0.39,5,0.93,952,13.93,0.9,2024-04-19,247.14,0.813
ITM12381,3,L48,286,80,9,9,43.93,9.75,0.43,80,2.44,102.54,1.24,1,0.72,418,13.44,0.99,2024-12-05,46.83,0.777
ITM12382,5,L48,495,59,11,4,22.32,5.31,0.73,106,2.26,38.8,0.81,7,0.95,497,8.62,0.27,2024-06-18,131.77,0.538
ITM12383,2,L57,127,98,6,5,27.23,0.92,0.71,26,3.49,190.26,0.96,2,0.96,57,7.29,0.37,2024-06-18,166.51,0.627
ITM12384,4,L98,351,22,11,3,46.66,0.95,0.18,85,3.91,56.9,1.92,8,0.94,669,2.44,0.78,2024-07-03,163.53,0.425
ITM12385,3,L10,442,94,13,3,6.27,9.12,0.92,26,0.78,105.31,1.15,7,0.95,431,12.53,0.72,2024-05-30,120.07,0.646
ITM12386,5,L74,109,19,12,2,43.25,8.8,0.54,120,3.95,41.47,0.38,5,0.87,431,6.31,0.31,2024-04-21,164.18,0.582
ITM12387,4,L18,224,64,11,4,8.81,4.85,0.45,129,3.8,73.22,0.94,9,0.78,497,4.45,0.7,2024-11-12,36.97,0.481
ITM12388,1,L68,398,18,6,7,24.71,2.05,0.96,153,3.15,60.69,0.53,1,0.89,746,14.93,0.53,2024-09-28,200.02,0.81
ITM12389,1,L47,475,88,5,9,11.7,8.39,0.49,128,2.02,100.33,0.36,7,0.83,845,10.36,0.97,2024-08-31,154.35,0.722
ITM12390,4,L51,466,61,4,7,30.54,3.58,0.75,87,1.24,89.76,1.45,5,0.7,203,2.03,0.88,2024-10-14,238.42,0.498
ITM12391,3,L41,467,11,11,3,28.37,4.48,0.69,12,0.96,72.85,1.29,0,0.84,83,12.22,0.26,2024-11-28,211.08,0.654
ITM12392,1,L84,464,34,14,5,19.62,6.98,0.25,117,0.51,30.12,1.05,5,0.9,546,11.51,0.27,2024-01-05,42.7,0.582
ITM12393,2,L36,400,22,4,6,43.3,3.86,0.99,60,1.43,102.05,0.9,4,0.7,913,6.62,0.53,2024-02-28,111.71,0.564
ITM12394,4,L32,457,60,8,8,33.33,6.47,0.52,123,2.35,171.54,0.71,5,0.89,71,2.73,0.21,2024-12-08,223.51,0.485
ITM12395,4,L15,239,67,7,2,36.34,8.91,0.46,103,1.6,148.74,0.27,0,0.9,429,7.96,0.28,2024-06-26,107.7,0.715
ITM12396,1,L4,397,43,7,5,8.38,8.08,0.93,125,1.89,146.91,0.67,3,0.75,197,11.69,0.95,2024-08-16,174.4,0.769
ITM12397,3,L95,113,44,6,3,44.28,4.13,0.58,114,2.26,79.56,1.69,6,0.83,959,2.06,0.83,2024-05-03,288.77,0.47
ITM12398,2,L24,476,12,8,4,9.18,3.24,0.73,108,1.89,144.6,1.59,4,0.99,712,3.29,0.74,2024-11-24,33.18,0.551
ITM12399,3,L64,122,68,7,2,11.92,3.21,0.86,163,3.76,98.45,1.95,5,0.97,628,9.66,0.86,2024-11-10,65.18,0.6
ITM12400,5,L67,242,79,13,9,7.27,3.81,0.31,85,2.71,38.55,1.35,1,0.82,964,8.83,0.4,2024-11-14,149.38,0.607
ITM12401,5,L50,205,57,6,3,22.58,5.19,0.25,168,0.59,89.62,1.15,7,0.8,639,13.67,0.78,2024-05-04,224.15,0.643
ITM12402,1,L72,488,73,11,7,44.5,4.46,0.16,90,1.52,35.22,0.66,9,0.74,793,12.41,0.69,2024-01-21,105.73,0.605
ITM12403,1,L16,203,28,8,2,13.37,1.76,0.91,81,3.69,31.75,0.25,3,0.71,600,13.86,0.88,2024-12-15,44.06,0.818
ITM12404,1,L34,181,76,13,9,19.31,2.05,0.28,156,1.85,14.38,1.27,5,0.79,726,7.52,0.43,2024-06-13,101.57,0.517
ITM12405,5,L100,266,91,12,3,42.46,3.76,0.38,152,4.64,63.74,1.03,2,0.98,148,12.03,0.81,2024-07-14,196.89,0.775
ITM12406,3,L34,50,82,12,7,31.27,5.84,0.36,120,3.71,72.87,1.54,8,0.99,690,1.68,0.88,2024-02-28,239.84,0.482
ITM12407,3,L91,71,85,12,8,37.83,6.13,0.37,67,1.8,142.89,0.88,7,0.94,580,5.12,0.64,2024-07-16,293.33,0.556
ITM12408,1,L58,364,14,5,7,11.49,5.12,0.7,87,2.82,112.22,1.97,5,0.81,320,10.02,0.53,2024-05-11,230.79,0.505
ITM12409,2,L28,95,76,12,6,36.11,7.52,0.96,167,3.5,173.11,0.86,8,0.74,50,11.69,0.96,2024-10-03,152.76,0.65
ITM12410,3,L79,404,20,8,9,12.15,7.5,0.4,57,1.37,43.53,0.73,9,0.88,336,8.99,0.34,2024-05-24,94.86,0.511
ITM12411,5,L37,458,77,3,9,49.38,4.56,0.47,65,1.61,60.53,1.75,8,0.89,229,7.73,0.23,2024-01-13,278.98,0.392
ITM12412,4,L89,297,78,7,4,28.43,1.68,0.79,51,2.78,188.8,0.85,1,0.83,988,4.27,0.34,2024-09-21,164.92,0.586
ITM12413,4,L63,59,10,12,9,35.09,5.54,0.49,33,4.66,94.37,1.75,8,0.91,305,3.44,0.75,2024-07-10,209.75,0.443
ITM12414,4,L26,120,72,8,6,6.8,4.12,0.93,119,2.05,159.92,0.15,7,0.92,223,13.26,0.83,2024-09-20,147.01,0.772
ITM12415,2,L16,130,38,13,3,13.28,1.81,0.55,61,2.31,103.51,1.42,1,0.93,903,2.99,0.77,2024-09-17,80.21,0.618
ITM12416,1,L18,404,91,10,8,7.85,9.83,0.41,43,1.36,99.51,0.24,8,0.85,99,7.09,0.54,2024-08-16,168.61,0.589
ITM12417,5,L10,340,21,13,5,20.12,4.01,0.97,12,3.17,38.14,0.38,4,0.94,581,13.44,0.97,2024-09-06,253.57,0.843
ITM12418,2,L58,268,86,11,8,14.92,6.45,0.48,77,3.83,171.73,1.43,8,0.71,666,3.07,0.56,2024-01-23,121.16,0.392
ITM12419,5,L23,210,50,13,8,36.91,5.16,0.31,148,2.48,24.89,0.65,2,0.9,239,2.79,0.99,2024-05-31,203.93,0.71
ITM12420,5,L92,201,11,5,9,6.33,1.86,0.26,150,3.88,68.95,0.5,3,0.77,800,10.7,0.93,2024-11-29,22.28,0.773
ITM12421,1,L57,445,46,4,8,37.85,1.03,1.0,59,1.86,137.96,1.62,0,0.78,92,5.64,0.53,2024-04-08,281.6,0.575
ITM12422,4,L12,424,54,6,9,3.24,6.44,0.78,91,3.68,106.38,1.9,4,0.73,566,7.1,0.33,2024-06-13,291.28,0.437
ITM12423,1,L88,354,89,10,6,10.9,2.85,0.47,28,1.66,177.46,0.54,6,0.76,809,9.76,0.27,2024-09-20,122.03,0.562
ITM12424,2,L41,228,57,13,5,39.81,2.81,0.84,53,4.01,17.47,0.7,6,1.0,115,6.31,0.63,2024-02-12,154.53,0.62
ITM12425,2,L86,41,33,10,7,37.4,9.59,0.59,170,4.24,133.39,1.46,5,0.82,445,12.2,0.81,2024-02-19,56.57,0.643
ITM12426,2,L45,185,31,5,9,24.34,4.89,0.39,175,4.09,100.72,1.65,5,0.98,300,14.57,0.34,2024-03-26,66.9,0.593
ITM12427,1,L91,118,20,6,3,3.45,0.78,0.77,12,1.47,39.32,2.0,7,0.75,177,14.06,0.45,2024-10-02,184.6,0.487
ITM12428,5,L9,227,67,5,4,30.88,3.73,0.77,122,3.62,151.22,0.62,9,0.76,746,8.64,0.7,2024-09-30,191.83,0.565
ITM12429,5,L71,27,55,12,5,20.93,6.05,0.55,74,2.92,88.15,1.16,8,0.87,237,5.97,0.57,2024-01-04,109.07,0.492
ITM12430,3,L70,209,38,4,3,16.51,3.62,0.14,172,4.94,111.0,0.35,3,0.8,232,7.07,0.68,2024-11-16,118.47,0.695
ITM12431,2,L38,194,44,6,9,32.38,0.76,0.17,173,2.13,193.78,0.73,3,0.89,632,5.62,0.74,2024-02-03,156.81,0.668
ITM12432,5,L39,292,24,8,5,22.39,4.72,0.81,175,3.97,102.38,0.19,7,0.83,627,7.18,0.5,2024-04-17,282.54,0.603
ITM12433,3,L21,36,69,13,9,5.53,1.51,0.84,48,2.17,166.44,0.5,4,0.94,890,1.18,0.83,2024-12-09,53.4,0.64
ITM12434,5,L92,109,51,13,6,45.88,6.38,0.71,162,2.29,156.22,1.06,9,0.83,811,1.77,0.76,2024-11-18,169.94,0.456
ITM12435,2,L91,160,52,7,3,39.15,6.39,0.86,73,1.0,135.92,0.41,8,0.87,716,11.8,0.75,2024-04-19,26.87,0.68
ITM12436,4,L90,164,89,5,6,3.76,0.86,0.75,113,1.58,180.39,1.79,5,0.8,461,5.69,0.32,2024-12-16,142.92,0.421
ITM12437,2,L82,185,83,4,2,26.73,3.26,0.91,22,1.24,57.8,1.45,8,0.91,982,12.12,0.58,2024-08-05,125.19,0.555
ITM12438,1,L23,356,58,11,3,5.09,4.43,0.24,77,1.22,165.95,0.15,3,0.9,128,7.72,0.66,2024-02-23,57.62,0.74
ITM12439,5,L47,97,73,3,5,42.03,5.73,0.45,79,0.54,81.78,1.77,0,0.82,68,12.28,0.38,2024-04-15,57.56,0.627
ITM12440,5,L66,448,41,11,2,31.04,3.31,0.52,84,4.07,164.37,1.96,3,0.78,527,10.29,0.81,2024-10-02,140.53,0.599
ITM12441,1,L29,281,73,3,6,9.45,3.23,0.37,10,2.61,103.82,1.05,8,0.88,996,3.81,0.3,2024-12-25,46.71,0.422
ITM12442,1,L16,182,11,9,6,2.02,9.84,0.75,107,4.12,172.96,0.7,6,0.98,830,7.27,0.32,2024-08-10,95.49,0.567
ITM12443,4,L26,385,33,8,5,2.55,0.9,0.92,113,3.26,180.02,0.6,5,0.74,94,10.86,0.53,2024-11-27,30.65,0.639
ITM12444,5,L18,33,96,9,2,25.86,9.9,0.47,125,4.24,123.55,0.27,1,0.94,823,5.63,0.31,2024-02-06,96.22,0.678
ITM12445,5,L31,258,75,5,8,36.98,0.95,0.95,146,2.77,106.45,1.03,3,0.86,271,3.71,0.21,2024-12-17,164.77,0.5
ITM12446,4,L64,91,47,5,7,6.92,3.24,0.57,173,0.92,158.82,0.2,0,0.86,178,8.56,0.53,2024-03-19,225.72,0.772
ITM12447,3,L4,464,40,13,4,11.84,5.19,0.57,122,3.28,60.73,1.06,2,0.99,667,4.83,0.72,2024-01-13,250.82,0.66
ITM12448,4,L47,162,35,3,5,17.04,1.86,0.64,112,3.55,12.92,0.58,1,0.88,812,9.32,0.6,2024-08-23,107.97,0.742
ITM12449,2,L71,329,38,6,6,11.69,1.78,0.34,46,3.32,87.35,1.01,3,0.95,682,4.8,0.24,2024-06-18,282.25,0.541
ITM12450,5,L74,302,76,14,3,20.18,2.93,0.45,115,4.11,106.48,0.89,3,0.85,279,13.69,0.39,2024-01-20,79.78,0.682
ITM12451,1,L48,288,87,4,2,28.42,9.75,0.6,117,3.79,66.48,0.68,8,0.77,842,5.81,0.62,2024-02-14,33.37,0.527
ITM12452,2,L60,260,34,12,9,34.56,4.11,0.95,30,2.45,82.84,0.95,6,0.91,276,13.7,0.79,2024-02-07,278.25,0.708
ITM12453,5,L71,434,57,10,7,48.22,5.88,0.68,157,4.19,35.28,1.0,2,0.98,971,4.91,0.84,2024-01-28,166.55,0.689
ITM12454,4,L17,264,74,5,4,46.61,7.19,0.4,138,3.61,62.69,1.68,6,0.95,446,9.46,0.62,2024-04-01,111.9,0.552
ITM12455,2,L79,182,62,9,3,28.94,7.55,0.11,37,1.04,55.62,1.36,7,0.76,324,2.82,0.72,2024-05-08,270.45,0.458
ITM12456,5,L12,79,76,9,2,36.97,7.04,0.98,117,2.93,67.19,0.92,6,0.8,187,11.9,0.92,2024-10-12,234.97,0.691
ITM12457,3,L9,25,99,14,7,47.59,3.7,0.54,18,3.78,66.82,1.82,7,0.86,222,3.8,0.25,2024-02-06,251.41,0.351
ITM12458,3,L40,216,27,11,5,5.09,1.56,0.94,173,2.99,116.2,1.54,8,0.87,376,13.1,0.28,2024-10-21,94.78,0.491
ITM12459,1,L51,489,18,8,9,1.28,3.18,0.59,171,4.77,57.61,0.24,0,0.76,832,7.33,0.57,2024-04-26,263.31,0.74
ITM12460,5,L92,77,47,3,7,2.46,2.5,0.64,41,0.96,188.78,0.39,9,0.77,264,2.32,0.69,2024-05-12,198.43,0.504
ITM12461,3,L93,324,96,10,5,28.6,1.79,0.74,75,3.75,107.14,0.26,5,0.93,277,6.09,0.2,2024-07-27,224.02,0.581
ITM12462,4,L62,426,30,3,9,38.38,0.73,0.39,109,4.21,34.5,0.71,3,0.92,156,11.92,0.56,2024-07-17,100.6,0.724
ITM12463,5,L68,236,74,5,9,18.99,9.39,0.73,162,3.66,63.13,0.93,0,0.95,208,2.07,0.34,2024-08-18,81.05,0.593
ITM12464,4,L53,437,30,13,8,27.72,9.25,0.57,163,2.24,148.65,1.06,1,0.98,943,9.76,0.72,2024-11-18,128.37,0.744
ITM12465,4,L99,45,36,7,2,26.3,0.98,0.71,30,2.23,12.6,1.72,9,0.79,185,8.1,0.41,2024-07-26,176.81,0.396
ITM12466,3,L53,322,79,10,9,5.64,2.14,0.85,91,3.14,188.19,0.13,3,0.96,812,5.34,0.92,2024-08-09,203.14,0.774
ITM12467,5,L74,24,53,11,7,16.76,1.83,0.27,33,2.29,94.58,0.91,0,0.9,79,11.58,0.25,2024-06-10,154.41,0.693
ITM12468,2,L10,493,37,9,9,1.95,3.17,0.65,120,4.47,109.01,0.88,5,0.99,147,1.73,0.85,2024-01-09,212.67,0.603
ITM12469,3,L17,39,54,11,4,6.42,2.44,0.15,101,0.99,197.8,1.9,0,0.78,658,7.97,0.51,2024-07-18,215.42,0.574
ITM12470,3,L41,409,26,13,7,40.78,9.49,0.19,21,3.38,105.65,0.56,8,0.78,818,8.1,0.89,2024-12-10,203.16,0.626
ITM12471,5,L83,217,49,5,2,41.64,1.3,0.71,148,1.1,190.07,0.33,9,0.91,833,2.21,0.85,2024-03-01,82.82,0.568
ITM12472,5,L10,78,12,7,3,40.3,2.51,0.16,164,2.93,183.89,0.37,2,0.98,931,2.9,0.39,2024-09-30,139.44,0.636
ITM12473,4,L58,467,85,12,3,36.61,1.27,0.64,32,3.72,188.85,1.09,0,0.95,572,6.74,0.24,2024-01-04,232.07,0.619
ITM12474,5,L60,261,85,10,7,39.87,9.81,0.3,170,1.24,164.35,0.84,5,0.92,972,8.51,0.76,2024-11-24,267.22,0.665
ITM12475,4,L88,165,75,14,7,33.88,9.22,0.37,101,3.67,66.32,1.53,5,0.82,391,1.74,0.36,2024-11-12,155.34,0.406
ITM12476,3,L67,407,55,3,5,33.82,7.31,0.22,175,1.13,75.81,0.71,6,0.92,217,1.16,0.94,2024-02-02,296.17,0.596
ITM12477,1,L45,292,95,10,2,33.7,4.55,0.32,179,3.29,79.35,0.34,6,0.94,260,3.7,0.25,2024-10-26,60.67,0.533
ITM12478,2,L17,268,96,9,5,26.19,2.31,0.84,132,2.77,196.04,0.84,9,0.93,733,7.83,0.46,2024-01-24,75.07,0.518
ITM12479,3,L100,33,39,3,4,18.8,2.6,0.67,166,1.84,78.54,1.78,3,0.9,887,1.56,0.21,2024-12-24,143.62,0.405
ITM12480,5,L71,481,78,12,8,36.78,4.71,0.95,43,1.0,30.65,0.87,4,0.71,681,11.27,0.45,2024-02-07,157.53,0.615
ITM12481,2,L82,32,18,14,3,15.63,7.8,0.14,134,3.81,157.88,1.68,2,0.9,234,3.13,0.63,2024-07-02,133.1,0.54
ITM12482,1,L76,410,94,12,9,27.6,3.01,0.81,66,2.22,79.55,0.81,5,0.84,481,11.82,0.72,2024-09-14,134.82,0.689
ITM12483,1,L24,403,20,14,9,22.23,3.45,0.73,12,0.89,127.98,0.63,6,0.99,473,3.87,0.78,2024-02-24,151.3,0.623
ITM12484,4,L99,63,78,8,6,14.55,6.2,0.33,15,3.98,185.63,1.57,8,0.88,88,5.85,0.87,2024-05-28,102.85,0.511
ITM12485,2,L17,394,75,3,6,48.76,2.76,0.76,57,1.55,119.35,0.5,8,0.88,436,7.71,0.29,2024-12-17,47.97,0.527
ITM12486,4,L56,418,97,4,2,13.68,6.05,0.74,111,3.81,131.16,0.54,4,1.0,818,5.86,0.81,2024-06-03,287.27,0.706
ITM12487,3,L65,38,40,7,9,16.16,4.18,0.51,129,3.04,132.14,0.19,3,0.73,840,1.33,0.42,2024-11-06,240.55,0.569
ITM12488,2,L8,82,42,4,2,8.92,0.83,0.72,22,1.38,126.36,0.46,6,0.78,791,13.72,0.31,2024-02-14,246.32,0.635
ITM12489,3,L16,258,48,12,6,41.33,4.33,0.5,45,0.84,40.36,0.82,2,0.9,500,5.01,0.41,2024-05-24,115.84,0.607
ITM12490,4,L67,438,55,3,2,29.74,9.24,0.4,79,3.17,96.72,0.86,3,0.79,164,2.9,0.89,2024-08-12,127.13,0.629
ITM12491,2,L20,356,46,8,3,31.04,3.28,0.52,42,0.61,11.46,0.9,8,0.8,979,2.86,0.7,2024-07-14,281.39,0.488
ITM12492,4,L39,438,69,10,4,41.21,3.57,0.91,114,0.79,128.99,1.01,4,0.97,450,14.64,0.68,2024-07-21,292.14,0.744
ITM12493,2,L22,422,40,10,4,17.8,1.13,0.45,66,3.66,119.32,1.19,9,0.87,353,2.72,0.67,2024-12-04,283.36,0.445
ITM12494,4,L21,423,20,10,9,10.49,6.34,0.46,64,2.92,70.45,0.46,6,0.73,652,5.85,0.53,2024-01-16,196.35,0.564
ITM12495,1,L42,119,96,13,5,10.72,8.57,0.65,116,1.97,109.54,1.27,1,0.79,358,1.95,0.53,2024-08-30,80.39,0.543
ITM12496,4,L91,182,11,8,3,36.9,3.85,0.78,150,2.93,103.68,0.74,8,0.72,622,11.3,0.32,2024-03-21,185.44,0.525
ITM12497,1,L29,435,36,13,8,31.09,2.78,0.76,60,3.16,57.67,1.49,4,0.87,152,9.35,0.47,2024-09-30,180.84,0.564
ITM12498,4,L45,141,11,5,2,11.11,9.59,0.12,101,3.04,65.72,1.16,4,0.75,776,8.47,0.61,2024-04-22,273.39,0.589
ITM12499,2,L67,451,30,3,2,8.11,7.58,0.72,62,3.39,154.88,1.15,3,0.96,151,12.98,0.68,2024-03-10,100.38,0.726
ITM12500,2,L37,63,67,4,9,6.91,5.89,0.51,45,4.73,153.59,1.4,7,0.87,956,9.03,0.26,2024-07-19,68.2,0.466
ITM12501,2,L11,379,14,7,8,31.76,3.4,0.57,142,2.25,99.26,0.73,3,0.72,704,14.38,0.47,2024-10-06,87.08,0.697
ITM12502,5,L33,427,61,12,5,1.01,2.6,0.61,128,1.86,146.33,0.92,1,0.79,139,9.72,0.47,2024-05-31,80.51,0.67
ITM12503,3,L26,336,54,7,5,1.9,7.3,0.76,34,0.67,95.65,1.21,4,0.88,167,5.96,0.61,2024-11-20,198.03,0.576
ITM12504,2,L82,400,94,12,2,20.09,5.46,0.85,90,1.16,171.76,0.9,2,0.8,188,1.51,0.77,2024-03-14,245.61,0.604
ITM12505,1,L71,164,29,3,2,34.88,5.45,0.68,46,0.98,73.23,0.94,3,0.85,952,11.15,0.71,2024-06-01,116.75,0.707
ITM12506,2,L36,346,70,3,8,35.06,1.2,0.61,28,2.01,186.19,0.62,2,0.97,352,6.23,0.66,2024-12-12,61.16,0.707
ITM12507,5,L17,382,47,11,9,22.08,5.37,0.44,44,3.24,113.03,0.65,6,0.81,801,9.39,0.43,2024-11-27,109.5,0.588
ITM12508,1,L81,69,29,4,3,34.86,8.32,0.22,116,0.71,111.78,1.43,5,0.8,697,13.27,0.87,2024-07-10,168.5,0.668
ITM12509,5,L39,84,34,9,8,26.53,9.49,0.96,171,3.77,137.45,0.11,1,0.95,566,1.11,0.83,2024-01-06,202.7,0.74
ITM12510,1,L79,374,11,12,5,48.87,1.51,0.52,63,2.29,74.76,0.28,7,0.8,258,11.63,0.35,2024-10-10,169.44,0.617
ITM12511,4,L69,307,41,6,8,8.96,6.5,0.61,15,4.84,147.62,1.9,4,0.72,136,7.09,0.72,2024-10-11,84.45,0.513
ITM12512,3,L12,183,35,9,8,30.43,5.9,0.78,138,3.06,70.88,0.46,5,0.75,908,2.74,0.93,2024-03-13,276.23,0.627
ITM12513,3,L65,160,79,10,8,25.07,8.96,0.16,43,3.97,85.53,0.89,7,0.98,368,9.15,0.55,2024-03-04,136.97,0.599
ITM12514,5,L83,473,50,7,3,10.53,7.64,0.87,65,4.38,138.19,1.71,6,0.98,838,8.46,0.94,2024-01-22,143.1,0.606
ITM12515,3,L22,333,76,14,7,37.75,9.67,0.82,106,4.5,81.91,0.1,2,0.77,936,12.79,0.22,2024-01-03,290.54,0.719
ITM12516,5,L76,147,10,14,2,14.5,9.62,0.8,35,2.83,48.0,1.86,1,0.87,682,8.3,0.61,2024-10-20,261.83,0.601
ITM12517,5,L75,417,60,3,6,19.7,2.64,0.12,179,2.29,175.66,0.2,2,0.74,294,12.58,0.41,2024-11-01,243.82,0.738
ITM12518,5,L20,440,14,6,9,19.37,7.39,0.57,100,3.02,185.21,0.42,7,0.9,919,8.62,0.41,2024-07-20,62.98,0.595
ITM12519,3,L22,387,22,12,8,12.97,5.54,0.15,47,2.31,129.08,0.16,3,0.76,139,7.26,0.9,2024-10-02,253.05,0.753
ITM12520,5,L85,482,28,5,9,22.1,2.54,0.6,163,1.58,164.12,1.09,7,0.71,527,6.2,0.45,2024-10-07,142.04,0.466
ITM12521,3,L80,258,21,12,6,24.19,2.35,0.75,68,1.96,197.46,1.89,3,0.95,701,3.43,0.22,2024-02-13,70.72,0.431
ITM12522,5,L93,343,57,14,7,37.47,1.27,0.21,136,1.55,126.81,1.69,6,0.8,161,9.18,0.63,2024-06-05,297.36,0.519
ITM12523,2,L78,315,34,7,2,38.49,8.06,0.73,33,1.71,182.67,1.32,5,0.73,956,8.62,0.98,2024-04-17,59.9,0.625
ITM12524,5,L44,206,66,12,5,8.77,3.58,0.5,120,0.92,78.26,0.45,9,0.95,999,14.66,0.26,2024-06-25,277.36,0.612
ITM12525,1,L73,227,44,12,6,30.05,8.64,0.83,30,2.42,143.09,1.75,0,0.93,443,6.77,0.43,2024-04-18,10.15,0.587
ITM12526,5,L6,239,85,8,9,44.91,6.28,0.58,69,1.56,20.6,1.53,7,0.91,936,6.9,0.58,2024-07-30,137.0,0.497
ITM12527,4,L4,419,14,4,9,6.33,6.9,0.4,99,2.52,159.9,0.61,5,0.97,289,3.29,0.86,2024-11-26,18.67,0.649
ITM12528,5,L11,209,31,9,9,24.17,3.27,0.4,157,4.06,167.66,1.63,1,0.85,321,9.37,0.42,2024-09-19,274.61,0.596
ITM12529,1,L6,407,86,5,5,37.77,4.84,0.91,15,2.52,86.22,1.77,4,0.74,192,12.87,0.47,2024-03-13,46.51,0.557
ITM12530,1,L83,448,66,3,6,30.96,4.42,0.51,19,4.8,131.4,1.43,1,0.72,768,4.47,0.51,2024-03-23,205.2,0.543
ITM12531,3,L99,365,56,12,9,5.93,2.74,0.47,149,1.17,173.09,0.29,9,0.8,168,1.13,0.5,2024-04-04,193.05,0.466
ITM12532,2,L74,303,63,5,5,20.43,8.41,0.14,106,4.33,177.89,1.97,6,0.73,645,10.68,0.36,2024-04-23,235.93,0.443
ITM12533,5,L34,371,12,11,8,25.85,6.41,0.43,159,1.62,30.24,0.24,9,0.86,949,1.44,0.93,2024-11-11,226.59,0.573
ITM12534,3,L84,256,62,12,9,49.8,0.86,0.86,89,4.7,167.22,1.34,5,0.7,300,6.73,0.83,2024-05-09,19.41,0.562
ITM12535,2,L27,213,93,13,6,9.75,8.29,0.78,26,1.52,62.11,0.31,6,0.83,327,9.58,0.98,2024-04-09,122.64,0.739
ITM12536,5,L99,306,40,13,5,49.14,1.51,0.3,147,3.86,148.19,1.82,5,0.75,212,6.4,0.5,2024-02-28,103.53,0.453
ITM12537,4,L74,278,78,8,7,19.43,4.34,0.47,149,0.78,71.78,0.76,9,0.81,703,4.65,0.24,2024-04-02,292.14,0.416
ITM12538,5,L54,265,97,13,3,10.82,5.93,0.28,92,3.33,20.7,1.07,0,0.9,399,12.19,0.29,2024-12-09,234.72,0.694
ITM12539,1,L80,155,42,8,5,21.29,0.57,0.96,49,1.48,49.88,0.44,2,0.81,80,5.21,0.49,2024-10-17,215.31,0.645
ITM12540,1,L82,299,81,6,3,31.09,6.7,0.64,160,3.52,87.65,1.14,9,0.8,507,3.52,0.93,2024-01-28,138.23,0.499
ITM12541,4,L4,290,97,10,3,11.46,6.77,0.78,177,3.36,150.83,1.88,1,1.0,887,6.44,0.98,2024-10-08,268.38,0.674
ITM12542,3,L64,190,59,7,2,15.28,6.7,0.74,83,4.66,29.13,1.81,0,0.92,140,2.84,0.86,2024-08-24,14.88,0.613
ITM12543,2,L81,178,93,9,8,42.87,2.05,0.89,83,3.32,164.46,0.22,0,0.85,177,10.67,0.39,2024-11-26,76.25,0.768
ITM12544,5,L70,220,25,11,7,49.95,2.93,0.95,59,2.34,199.42,0.82,3,0.87,828,10.94,0.73,2024-10-08,211.55,0.724
ITM12545,1,L38,64,85,7,3,16.59,2.85,0.13,19,1.37,159.77,0.61,0,0.89,597,1.21,0.68,2024-02-07,157.43,0.669
ITM12546,3,L83,469,86,13,4,8.29,9.62,0.98,112,3.46,100.01,1.01,1,0.71,897,10.73,0.86,2024-05-28,164.8,0.736
ITM12547,4,L39,283,48,7,8,39.87,1.14,0.88,103,1.02,117.95,1.68,0,0.72,841,5.19,0.61,2024-12-09,130.74,0.567
ITM12548,1,L62,90,98,6,3,30.42,4.57,0.44,141,4.23,11.17,1.5,5,0.89,774,10.19,0.45,2024-02-04,58.27,0.554
ITM12549,4,L32,383,55,8,5,5.92,8.78,0.85,138,1.61,49.76,0.75,3,0.81,558,10.89,0.22,2024-05-08,58.2,0.616
ITM12550,5,L88,390,97,4,3,47.39,7.81,0.76,52,2.86,180.81,0.83,7,0.72,985,4.89,0.84,2024-02-20,95.4,0.554
ITM12551,2,L52,122,56,5,5,4.82,8.31,0.81,92,3.18,14.13,1.34,4,0.79,794,3.6,0.62,2024-04-11,145.81,0.516
ITM12552,1,L39,144,53,3,9,31.64,9.74,0.3,142,2.13,181.91,0.47,9,0.74,789,12.57,0.63,2024-10-24,249.0,0.615
ITM12553,1,L59,332,18,4,5,21.77,4.18,0.68,113,3.49,31.52,0.3,4,0.97,930,11.35,0.97,2024-09-06,139.58,0.829
ITM12554,5,L10,483,96,4,4,28.27,3.44,0.12,43,1.63,35.28,0.56,7,0.76,859,12.72,0.59,2024-06-18,270.36,0.644
ITM12555,3,L89,305,59,10,3,11.45,0.79,0.86,33,0.66,43.32,0.34,9,0.74,286,7.1,0.45,2024-07-01,44.95,0.519
ITM12556,2,L8,477,86,10,3,34.72,1.93,0.96,151,4.82,161.88,0.77,5,0.89,582,7.39,0.47,2024-03-06,88.81,0.594
ITM12557,1,L21,249,69,4,6,48.03,5.84,0.7,50,1.94,100.86,1.88,5,0.86,657,5.82,0.21,2024-12-09,30.45,0.404
ITM12558,2,L57,165,24,8,8,23.46,2.0,0.56,179,3.71,37.59,0.33,2,0.87,100,7.99,0.3,2024-12-01,157.91,0.668
ITM12559,1,L54,389,45,7,6,26.62,7.49,0.75,22,2.78,140.49,1.65,5,0.83,898,10.05,0.24,2024-04-30,36.11,0.483
ITM12560,2,L62,216,72,5,2,12.75,0.85,0.39,166,3.51,188.73,1.12,9,0.84,872,12.4,0.39,2024-02-21,240.75,0.519
ITM12561,4,L60,392,78,7,5,44.7,2.97,0.66,171,1.0,118.77,1.3,6,0.93,518,3.56,0.25,2024-05-25,21.53,0.433
ITM12562,1,L27,240,95,7,4,48.59,7.11,0.75,141,2.83,28.75,0.42,1,0.77,941,6.68,0.46,2024-11-13,147.86,0.673
ITM12563,2,L44,442,89,7,6,39.53,2.93,0.23,37,2.26,20.4,0.39,2,0.82,437,7.46,0.3,2024-02-05,131.98,0.644
ITM12564,3,L78,79,50,5,3,27.6,7.42,0.23,92,2.53,161.22,0.41,5,0.99,111,7.83,0.93,2024-04-09,68.65,0.747
ITM12565,4,L19,117,83,5,2,47.88,9.96,0.74,138,4.85,128.96,1.37,9,0.76,392,8.59,0.95,2024-06-11,180.19,0.54
ITM12566,4,L41,190,33,6,4,8.54,8.07,0.49,173,1.11,185.3,1.52,8,0.79,202,12.22,0.68,2024-09-05,121.97,0.545
ITM12567,3,L92,401,91,9,7,24.45,3.75,0.9,116,3.9,113.98,1.85,8,0.76,785,13.41,0.84,2024-08-18,67.41,0.554
ITM12568,2,L41,192,58,14,3,27.34,9.06,0.38,22,1.99,21.86,0.86,7,0.71,703,3.23,0.74,2024-06-17,249.7,0.507
ITM12569,5,L94,170,27,14,3,25.1,0.99,0.14,123,1.81,86.7,0.98,7,0.78,90,10.98,0.85,2024-11-11,201.6,0.634
ITM12570,3,L45,472,16,14,9,40.32,7.39,0.68,115,1.72,135.02,0.99,8,0.71,535,7.71,0.71,2024-12-03,13.52,0.528
ITM12571,2,L52,369,13,4,7,33.85,0.72,0.72,14,2.07,83.13,0.61,8,0.75,727,6.85,0.54,2024-06-05,155.54,0.528
ITM12572,3,L17,409,99,12,5,7.21,2.16,0.6,106,2.11,199.92,0.72,9,0.81,751,2.59,0.9,2024-12-21,88.68,0.525
ITM12573,3,L98,459,78,6,5,17.98,9.88,0.71,23,1.72,87.02,1.71,8,0.71,858,1.9,0.55,2024-10-26,275.38,0.346
ITM12574,1,L48,141,69,6,6,17.61,3.93,0.57,89,3.5,113.78,0.75,4,0.93,606,14.69,0.52,2024-03-19,220.42,0.731
ITM12575,2,L66,127,64,3,6,28.72,8.29,0.72,129,0.71,52.82,1.75,5,0.94,769,9.99,0.7,2024-10-16,187.37,0.586
ITM12576,5,L72,23,25,12,3,15.28,4.07,0.14,169,2.0,38.91,0.68,4,0.82,431,7.33,0.95,2024-10-17,35.83,0.704
ITM12577,1,L14,112,99,10,8,6.75,8.48,0.43,164,1.76,132.61,0.75,0,1.0,145,11.66,0.55,2024-07-05,279.89,0.79
ITM12578,3,L41,426,91,3,3,33.03,9.67,0.29,44,3.88,121.84,1.16,3,0.9,961,2.28,0.66,2024-06-10,51.82,0.566
ITM12579,3,L31,25,38,10,6,42.7,4.64,0.19,12,1.16,10.82,0.3,0,0.92,836,9.5,0.59,2024-08-07,140.72,0.799
ITM12580,3,L60,307,32,9,7,46.65,5.81,0.31,13,4.73,64.11,1.85,0,0.76,342,10.25,0.93,2024-03-27,207.5,0.69
ITM12581,2,L16,125,23,11,6,48.66,6.47,0.27,144,1.27,132.28,1.66,2,0.95,284,7.33,0.74,2024-01-03,153.48,0.63
ITM12582,2,L35,165,88,10,3,39.27,9.38,0.98,140,2.17,164.33,1.37,6,0.98,390,4.54,0.54,2024-06-09,265.92,0.508
ITM12583,1,L58,290,58,7,4,7.85,2.94,0.36,90,1.4,69.35,1.98,0,0.77,768,14.36,0.69,2024-05-06,252.25,0.685
ITM12584,5,L32,443,42,10,3,42.8,6.31,0.31,120,1.79,133.01,0.13,6,0.91,587,5.22,0.32,2024-04-23,49.26,0.583
ITM12585,1,L19,397,34,13,4,20.6,3.58,0.85,68,3.92,60.4,0.88,9,0.92,399,2.75,0.47,2024-12-30,189.11,0.447
ITM12586,4,L13,115,30,12,4,36.77,2.56,0.48,83,2.64,141.17,1.73,9,0.79,921,9.83,0.79,2024-11-24,25.14,0.494
ITM12587,3,L7,476,26,14,3,27.03,1.31,0.48,138,1.23,142.61,0.92,0,0.84,256,9.04,0.65,2024-08-11,218.97,0.727
ITM12588,3,L38,248,32,14,8,41.6,6.4,0.5,165,0.71,34.74,0.11,8,0.73,540,11.57,0.45,2024-05-21,223.45,0.619
ITM12589,3,L50,221,66,5,8,21.85,8.88,0.47,68,1.53,136.37,0.4,4,0.75,430,11.55,0.49,2024-07-03,109.9,0.682
ITM12590,1,L79,231,90,12,2,4.03,3.84,0.39,127,4.76,73.38,0.92,5,0.72,190,9.68,0.85,2024-03-09,238.11,0.651
ITM12591,1,L54,25,67,9,6,28.28,5.75,0.36,147,4.3,42.79,1.37,8,0.87,908,3.91,0.63,2024-12-13,199.28,0.455
ITM12592,3,L32,131,23,14,8,9.39,6.6,0.89,112,2.48,105.07,0.41,2,0.89,648,13.42,0.39,2024-06-18,156.17,0.754
ITM12593,1,L21,395,29,6,5,48.31,4.44,0.25,140,2.67,95.94,0.95,2,0.97,979,4.48,0.44,2024-09-02,142.03,0.607
ITM12594,2,L42,398,39,7,3,26.82,9.08,0.26,144,4.55,157.04,0.12,4,0.86,940,2.32,0.57,2024-08-24,41.65,0.625
ITM12595,2,L74,466,28,11,4,28.12,3.95,0.61,18,3.16,26.06,1.01,6,0.78,659,5.22,0.81,2024-08-16,164.02,0.567
ITM12596,1,L93,342,62,9,3,45.46,1.69,0.41,108,4.46,160.05,1.8,2,0.72,72,7.77,1.0,2024-07-02,55.27,0.628
ITM12597,3,L41,125,65,6,6,31.6,1.87,0.48,150,2.71,30.16,1.23,3,0.97,811,3.9,0.35,2024-06-05,200.25,0.533
ITM12598,1,L25,158,86,8,7,15.83,8.96,0.83,177,1.4,49.42,0.94,1,0.84,413,5.67,0.8,2024-09-06,182.47,0.69
ITM12599,1,L98,318,91,12,8,15.51,9.89,0.91,123,3.77,108.02,0.41,8,0.92,811,8.19,0.69,2024-10-09,94.25,0.63
ITM12600,1,L21,420,32,13,8,25.58,3.24,0.81,71,2.87,98.0,0.48,9,0.7,197,5.52,0.62,2024-02-25,81.63,0.51
ITM12601,4,L64,115,71,9,8,43.46,1.86,0.31,71,3.51,197.88,0.25,8,0.85,615,2.25,0.97,2024-03-30,148.06,0.609
ITM12602,2,L66,407,42,12,4,39.94,5.08,0.98,19,1.21,122.0,1.51,1,0.8,876,3.76,0.46,2024-11-26,158.62,0.531
ITM12603,5,L60,466,27,11,5,48.17,7.24,0.43,96,3.41,72.21,0.25,4,0.71,965,12.12,0.34,2024-11-06,241.4,0.667
ITM12604,5,L64,471,82,6,9,4.52,6.32,0.25,20,2.22,181.03,0.83,0,0.93,600,14.36,0.9,2024-02-11,98.15,0.874
ITM12605,4,L40,356,42,12,5,14.15,9.54,0.55,71,1.99,69.32,1.52,7,0.85,554,3.08,0.25,2024-05-23,126.99,0.369
ITM12606,1,L64,316,41,5,8,4.93,8.27,0.75,86,3.52,62.02,1.45,5,0.8,895,10.53,0.85,2024-03-12,109.56,0.625
ITM12607,4,L3,486,70,10,5,37.8,8.76,0.17,113,3.17,103.93,1.2,9,0.94,267,13.68,0.67,2024-10-02,124.29,0.604
ITM12608,4,L12,408,63,3,7,7.9,5.65,0.67,65,3.42,183.5,1.19,9,0.83,908,5.19,0.33,2024-04-10,174.46,0.402
ITM12609,3,L51,435,26,11,8,5.89,3.61,0.87,119,4.84,144.62,0.27,1,0.7,531,12.61,0.38,2024-05-14,171.67,0.737
ITM12610,2,L65,233,28,3,2,28.52,7.17,0.34,58,3.66,138.72,0.43,1,0.98,465,13.67,0.32,2024-11-16,114.79,0.779
ITM12611,5,L59,473,79,4,4,21.16,4.67,0.72,25,3.38,147.95,1.12,9,0.78,986,5.19,0.77,2024-02-09,184.71,0.487
ITM12612,1,L31,310,43,10,7,36.04,3.23,0.46,82,3.26,135.33,0.76,4,0.95,798,1.79,0.32,2024-02-08,188.65,0.522
ITM12613,5,L28,41,93,11,9,24.86,1.95,0.47,125,2.29,154.36,0.14,6,0.94,374,13.84,0.75,2024-01-10,162.8,0.789
ITM12614,5,L75,212,34,9,4,21.84,5.51,0.35,102,4.28,46.62,1.62,8,0.75,885,5.63,0.3,2024-09-16,141.18,0.363
ITM12615,2,L46,487,77,5,9,21.85,6.15,0.66,146,2.21,43.68,1.34,8,0.84,904,1.19,0.84,2024-11-19,32.6,0.458
ITM12616,5,L7,169,83,9,8,43.72,5.9,0.42,42,3.65,78.81,0.72,5,0.71,838,7.65,0.94,2024-01-16,166.97,0.66
ITM12617,5,L7,387,83,8,7,20.37,1.61,0.85,97,1.82,171.68,0.29,1,0.81,786,2.62,0.65,2024-10-24,216.68,0.678
ITM12618,4,L37,266,97,4,8,17.34,5.91,0.97,172,1.16,145.75,1.22,5,0.92,538,13.62,0.97,2024-10-23,72.44,0.738
ITM12619,2,L64,286,94,5,9,17.59,2.1,0.94,48,1.08,117.63,0.76,0,0.77,457,3.17,0.51,2024-07-26,235.57,0.622
ITM12620,3,L77,480,20,13,9,10.63,6.81,0.25,123,3.36,13.7,0.59,1,0.74,193,5.26,0.4,2024-10-29,180.06,0.619
ITM12621,1,L84,270,25,14,7,43.17,4.58,0.11,86,1.98,54.8,1.47,2,0.85,849,12.07,0.34,2024-04-18,78.88,0.612
ITM12622,5,L87,22,99,12,8,8.18,8.56,0.49,96,1.74,162.67,0.72,4,0.86,260,12.29,0.58,2024-01-19,57.26,0.7
ITM12623,1,L61,412,70,12,2,45.52,7.89,0.76,162,3.16,56.07,0.36,9,0.9,715,13.62,0.3,2024-10-09,81.17,0.606
ITM12624,3,L37,335,89,14,4,14.89,7.38,0.98,123,0.62,148.76,1.02,0,0.93,308,7.96,0.9,2024-05-13,230.13,0.77
ITM12625,1,L69,95,16,7,7,45.07,7.16,0.81,65,1.61,45.08,1.67,9,0.91,276,14.81,0.83,2024-10-05,82.65,0.598
ITM12626,3,L2,106,25,12,2,39.75,5.82,0.62,147,2.03,125.21,1.71,4,0.95,643,8.23,0.65,2024-10-03,208.13,0.579
ITM12627,4,L14,289,25,6,3,29.52,1.08,0.12,50,3.69,129.36,1.71,4,0.77,938,12.07,0.78,2024-08-29,168.29,0.62
ITM12628,5,L56,244,49,4,8,33.8,6.73,0.84,113,2.95,152.87,0.9,3,0.87,421,6.07,0.24,2024-11-30,168.59,0.553
ITM12629,3,L18,37,21,6,6,16.97,4.94,0.26,108,4.35,93.29,1.6,2,0.81,440,14.18,0.36,2024-03-17,257.25,0.623
ITM12630,1,L34,132,44,14,7,29.14,4.96,0.15,68,2.01,130.21,1.72,6,0.99,137,10.59,0.7,2024-07-06,263.67,0.587
ITM12631,5,L94,270,30,10,5,15.33,4.1,0.87,165,1.83,102.52,0.97,6,0.83,449,2.08,0.58,2024-07-19,165.7,0.493
ITM12632,4,L47,252,59,7,2,20.71,9.33,0.61,131,0.65,189.99,0.71,0,0.99,358,2.52,0.68,2024-04-24,28.93,0.697
ITM12633,5,L98,348,52,7,2,38.47,2.87,0.22,129,4.78,109.16,1.43,6,0.93,53,13.47,0.27,2024-10-28,56.74,0.557
ITM12634,3,L52,298,26,14,7,12.95,3.51,0.45,50,2.76,49.82,1.82,2,0.92,222,12.33,0.72,2024-05-28,285.11,0.67
ITM12635,4,L47,221,41,14,9,42.1,9.65,0.18,75,2.76,136.9,1.95,2,0.85,593,5.62,0.84,2024-03-09,49.06,0.578
ITM12636,1,L6,102,50,12,2,19.42,8.2,0.67,71,4.66,114.21,0.65,5,0.83,795,8.3,0.64,2024-08-25,252.25,0.64
ITM12637,4,L52,144,15,5,3,27.08,0.63,0.35,167,1.8,162.73,1.92,5,0.86,275,12.94,0.49,2024-09-13,166.72,0.551
ITM12638,4,L7,194,97,10,2,47.16,9.11,0.88,49,1.99,43.61,1.05,3,0.79,388,2.45,0.34,2024-09-18,43.06,0.494
ITM12639,2,L73,88,36,8,6,34.38,2.65,0.42,49,3.45,59.58,0.68,4,0.97,255,2.93,0.41,2024-02-16,276.66,0.567
ITM12640,4,L72,66,29,4,6,32.63,7.21,0.55,111,4.03,185.11,1.98,2,0.94,151,11.02,0.62,2024-07-22,279.15,0.621
ITM12641,4,L25,391,34,4,9,35.87,5.75,0.16,24,3.65,186.7,1.77,2,0.94,107,2.15,0.4,2024-07-05,188.45,0.48
ITM12642,5,L47,275,75,11,8,45.99,5.6,0.35,133,4.05,94.03,1.42,8,0.83,830,5.94,0.82,2024-09-14,122.77,0.507
ITM12643,1,L71,234,18,9,8,13.18,7.32,0.71,140,3.09,19.07,1.8,4,0.72,199,4.53,0.31,2024-01-06,186.17,0.406
ITM12644,5,L37,49,62,12,9,31.05,2.47,0.76,33,4.38,68.25,1.39,0,0.9,301,11.64,0.61,2024-12-05,192.05,0.718
ITM12645,5,L10,300,70,11,5,20.62,2.01,0.32,178,2.98,56.95,0.94,8,0.81,528,1.03,0.6,2024-05-02,190.42,0.442
ITM12646,3,L50,431,47,8,3,1.58,6.69,0.55,57,1.53,88.79,1.9,9,0.96,605,2.62,0.31,2024-11-10,222.69,0.319
ITM12647,5,L65,256,12,7,6,7.14,3.26,0.84,57,2.94,70.38,1.93,5,0.93,477,2.39,1.0,2024-12-16,29.47,0.525
ITM12648,2,L58,267,93,14,9,16.92,9.75,0.44,56,3.71,167.51,0.7,8,0.74,591,5.45,0.86,2024-03-25,39.73,0.563
ITM12649,2,L98,387,79,3,7,28.68,4.79,0.22,114,3.44,10.58,0.77,6,0.88,968,4.25,0.51,2024-09-20,92.01,0.538
ITM12650,3,L71,44,64,14,4,44.19,1.56,0.49,122,1.59,132.48,0.83,9,0.91,573,4.2,0.75,2024-03-12,111.41,0.525
ITM12651,1,L36,93,10,8,4,39.76,7.02,0.64,17,0.68,136.21,1.66,9,0.87,540,6.19,0.77,2024-08-16,195.03,0.465
ITM12652,1,L80,225,79,8,4,28.11,3.41,0.11,27,1.64,135.52,1.6,6,0.85,575,4.0,0.72,2024-03-22,59.84,0.487
ITM12653,5,L88,333,54,5,8,4.62,1.91,0.41,117,4.93,108.91,1.97,4,0.77,341,2.49,0.55,2024-04-01,166.9,0.42
ITM12654,5,L79,113,56,5,7,15.01,4.52,0.65,93,1.33,126.11,0.98,6,0.77,94,9.17,0.91,2024-10-16,63.75,0.64
ITM12655,5,L16,394,88,5,2,18.97,9.66,0.96,160,2.59,163.99,1.5,9,0.93,249,14.32,0.82,2024-10-16,113.09,0.611
ITM12656,1,L17,146,35,5,7,31.46,4.41,0.47,74,3.37,159.0,1.73,3,0.71,73,9.5,0.63,2024-12-03,281.29,0.562
ITM12657,4,L13,444,23,9,2,4.18,3.8,0.25,118,4.46,16.58,0.52,5,0.93,812,11.6,0.2,2024-03-15,269.75,0.629
ITM12658,2,L51,44,63,12,4,26.98,4.72,0.58,55,3.92,15.78,1.28,1,0.86,680,14.61,0.38,2024-09-04,286.4,0.695
ITM12659,4,L48,353,80,13,5,45.17,0.62,0.36,75,4.59,169.4,1.14,9,0.98,436,3.14,0.61,2024-07-02,181.51,0.466
ITM12660,4,L44,374,55,4,5,35.57,1.76,0.29,89,3.22,119.2,1.51,2,1.0,639,7.44,0.92,2024-01-21,155.38,0.692
ITM12661,1,L72,135,40,12,9,40.06,8.57,0.63,159,4.39,191.91,1.42,1,0.9,484,9.15,0.7,2024-04-22,256.19,0.68
ITM12662,4,L47,67,97,12,2,34.4,9.79,0.92,149,1.69,92.0,1.64,9,0.82,291,5.51,0.53,2024-09-06,33.1,0.399
ITM12663,3,L97,245,68,4,4,11.12,2.0,0.85,156,2.44,43.58,0.69,1,0.84,252,9.58,0.24,2024-04-28,293.75,0.655
ITM12664,5,L19,285,38,5,7,6.41,5.59,0.26,159,4.3,99.91,0.51,6,0.76,286,9.73,0.68,2024-02-02,144.09,0.647
ITM12665,3,L26,118,26,12,5,41.65,9.68,0.79,115,1.97,92.94,1.63,4,0.73,343,12.79,0.48,2024-05-15,205.98,0.57
ITM12666,2,L78,478,23,14,2,35.08,1.99,0.31,135,4.42,108.26,0.79,5,0.87,397,12.66,0.63,2024-07-08,221.26,0.69
ITM12667,5,L66,30,45,9,9,29.18,2.27,0.36,154,2.13,163.51,0.65,2,0.94,136,3.0,0.81,2024-04-29,192.36,0.685
ITM12668,4,L52,104,67,5,7,10.27,9.3,0.93,22,2.14,134.56,0.74,9,0.78,259,3.36,0.84,2024-01-22,268.54,0.515
ITM12669,2,L65,424,33,9,4,30.56,7.2,0.92,37,1.89,45.2,0.23,4,0.83,837,4.11,0.89,2024-12-08,93.57,0.696
ITM12670,5,L6,233,72,11,3,2.53,1.94,0.25,132,2.96,149.55,1.57,4,0.87,658,4.66,0.71,2024-04-15,164.37,0.541
ITM12671,4,L6,192,34,13,4,6.82,4.24,0.16,76,1.08,122.46,1.46,3,0.97,51,8.9,0.92,2024-09-22,134.79,0.691
ITM12672,3,L5,410,68,12,8,16.28,1.03,0.36,14,0.66,119.88,1.15,9,0.74,278,5.58,0.75,2024-07-03,214.2,0.477
ITM12673,5,L18,228,41,14,4,22.74,4.61,0.62,109,4.54,138.87,1.46,3,0.77,459,14.34,0.83,2024-07-17,124.58,0.705
ITM12674,4,L92,467,91,13,9,6.91,7.89,0.89,152,4.68,117.15,0.81,7,0.98,292,2.66,0.75,2024-08-28,268.93,0.56
ITM12675,3,L43,401,27,6,7,6.88,5.76,0.21,90,0.84,96.93,0.66,5,0.71,819,4.45,0.9,2024-08-20,152.22,0.615
ITM12676,2,L61,83,46,9,9,36.57,6.65,0.47,53,2.97,131.67,1.74,1,0.9,517,13.16,0.38,2024-01-24,165.44,0.637
ITM12677,2,L67,277,35,11,7,28.92,3.6,0.34,128,2.93,147.51,0.9,1,0.89,507,9.18,0.81,2024-01-21,153.08,0.752
ITM12678,2,L59,351,18,10,6,27.15,2.03,0.11,55,2.18,52.9,0.47,1,0.81,603,8.66,0.29,2024-11-28,190.56,0.668
ITM12679,2,L20,140,73,10,6,23.17,0.62,0.81,166,3.06,104.44,1.52,5,0.84,262,9.32,0.27,2024-06-14,158.02,0.494
ITM12680,1,L78,317,81,11,7,48.85,8.3,0.83,77,2.56,97.05,0.74,0,0.96,857,4.53,0.59,2024-02-22,281.85,0.696
ITM12681,5,L66,485,29,7,7,3.44,6.55,0.3,137,2.7,17.58,0.5,2,0.75,954,11.66,0.44,2024-12-26,48.03,0.703
ITM12682,5,L18,73,63,7,3,9.85,2.68,0.24,58,3.9,168.54,0.15,0,0.77,435,7.95,0.65,2024-09-23,13.89,0.775
ITM12683,1,L42,350,95,5,3,32.73,4.48,0.23,111,2.87,81.7,1.94,3,0.85,461,1.6,0.74,2024-11-20,161.32,0.485
ITM12684,4,L79,291,92,7,4,7.68,8.11,0.52,86,1.96,23.81,0.99,0,0.82,564,3.48,0.38,2024-05-20,231.74,0.587
ITM12685,4,L41,260,39,10,9,29.88,5.62,0.32,29,3.12,97.0,0.41,8,0.87,577,12.43,0.76,2024-05-14,197.98,0.691
ITM12686,2,L21,262,62,14,8,28.82,3.35,0.56,120,3.38,40.68,1.54,5,0.98,437,5.83,1.0,2024-10-23,289.19,0.62
ITM12687,3,L51,37,72,7,9,48.58,3.04,0.45,155,3.48,143.84,1.79,7,0.98,328,11.83,0.81,2024-10-05,62.86,0.597
ITM12688,4,L79,206,20,6,5,44.29,2.57,0.29,124,3.28,118.64,1.1,1,0.77,151,10.29,0.34,2024-10-18,211.25,0.629
ITM12689,3,L95,365,40,10,9,47.33,8.33,0.78,179,3.49,61.32,0.15,5,0.79,638,5.22,0.71,2024-03-30,246.6,0.655
ITM12690,5,L39,163,58,9,8,6.57,6.03,0.24,21,1.9,190.59,0.79,3,0.75,439,2.78,0.21,2024-07-11,274.5,0.49
ITM12691,3,L76,281,96,8,3,43.54,7.24,0.82,88,2.51,65.43,0.56,6,0.98,251,12.3,0.58,2024-11-30,163.28,0.7
ITM12692,5,L44,460,28,7,4,7.33,8.67,0.61,128,3.51,115.45,1.31,7,0.82,616,10.0,0.63,2024-07-12,115.3,0.552
ITM12693,1,L65,383,21,7,8,32.01,9.88,0.85,45,3.89,162.3,1.09,5,0.83,770,5.21,0.98,2024-07-06,287.05,0.622
ITM12694,1,L66,450,24,12,9,36.28,2.87,0.1,17,2.45,107.64,0.78,0,0.94,441,8.33,0.79,2024-10-27,239.53,0.779
ITM12695,2,L69,258,40,4,2,8.88,2.22,0.77,37,2.14,192.56,1.33,7,0.85,890,9.57,0.76,2024-11-30,146.54,0.577
ITM12696,4,L63,323,52,6,6,32.0,4.89,0.15,125,3.72,170.33,1.21,0,0.74,403,1.03,0.63,2024-02-09,198.84,0.567
ITM12697,2,L91,317,46,10,8,3.57,0.83,0.96,95,1.5,184.99,1.82,8,0.83,642,10.39,0.61,2024-09-21,90.79,0.485
ITM12698,5,L73,95,88,10,5,15.37,8.02,0.73,58,0.54,80.81,1.23,1,0.89,805,10.19,0.99,2024-05-08,188.3,0.769
ITM12699,2,L39,207,38,13,4,46.14,8.9,0.39,175,2.62,114.19,1.06,9,0.92,284,2.16,0.22,2024-07-11,166.61,0.371
ITM12700,3,L61,352,35,3,8,9.41,7.02,0.39,89,1.28,169.63,1.66,5,0.89,163,12.03,0.44,2024-04-24,21.38,0.56
ITM12701,5,L3,407,11,4,7,4.2,3.05,0.88,14,2.2,181.67,0.48,7,0.74,116,12.55,0.31,2024-09-21,261.07,0.589
ITM12702,1,L48,265,93,7,9,22.74,1.67,0.91,55,1.81,189.43,0.56,4,0.79,858,5.06,0.45,2024-07-26,152.16,0.579
ITM12703,4,L43,149,24,11,2,42.68,4.13,0.9,107,4.0,177.04,1.59,1,0.92,89,3.27,0.57,2024-06-29,149.12,0.563
ITM12704,5,L87,493,13,12,6,4.76,8.42,0.83,111,1.99,148.84,0.94,4,0.96,782,10.61,0.47,2024-06-25,92.19,0.653
ITM12705,5,L15,334,95,13,2,18.42,3.8,0.84,11,3.38,14.6,0.88,0,0.71,152,2.73,0.97,2024-09-06,66.95,0.684
ITM12706,3,L54,430,59,14,4,45.09,0.83,0.62,34,3.53,69.84,1.79,7,0.71,460,13.01,0.74,2024-09-03,94.5,0.544
ITM12707,4,L75,302,47,13,9,6.79,3.11,0.13,10,2.55,34.5,1.26,7,0.89,344,7.72,0.78,2024-11-05,198.49,0.571
ITM12708,1,L40,98,32,9,3,16.22,9.9,0.18,177,0.86,39.4,1.63,1,0.86,614,13.74,0.79,2024-01-04,38.32,0.73
ITM12709,5,L93,91,68,12,6,39.14,6.93,0.68,77,3.65,65.27,1.64,5,0.75,857,9.99,0.92,2024-09-13,106.53,0.603
ITM12710,5,L89,282,99,7,9,27.62,9.06,0.46,78,0.84,24.2,0.33,7,0.86,613,4.99,0.81,2024-03-12,293.83,0.628
ITM12711,3,L81,210,84,3,2,41.78,7.86,0.61,25,0.95,56.18,1.34,9,0.99,86,7.55,0.21,2024-08-13,88.74,0.427
ITM12712,2,L4,386,37,8,3,6.47,5.63,0.31,27,1.38,191.83,1.91,7,0.89,116,8.41,0.41,2024-03-25,290.33,0.441
ITM12713,1,L77,394,75,14,5,46.11,1.91,0.68,116,1.76,69.27,1.01,6,0.83,452,12.41,0.99,2024-04-27,40.4,0.708
ITM12714,4,L61,449,17,10,4,46.81,3.81,0.32,26,4.31,40.35,1.49,2,0.95,723,13.07,0.72,2024-02-09,240.26,0.719
ITM12715,5,L34,82,38,9,4,8.61,6.05,0.51,134,3.54,146.48,1.18,3,0.76,255,10.56,0.25,2024-09-20,137.52,0.565
ITM12716,5,L84,399,20,4,6,2.66,8.77,0.53,91,2.24,167.42,0.49,0,0.82,390,5.12,0.57,2024-11-25,66.5,0.697
ITM12717,1,L100,31,27,14,2,49.5,3.05,0.26,13,4.9,69.67,0.47,8,0.86,883,8.4,0.98,2024-05-23,238.35,0.673
ITM12718,2,L75,160,64,7,5,24.63,1.65,0.89,124,1.6,62.91,0.92,9,0.85,955,2.83,0.99,2024-04-18,12.02,0.534
ITM12719,5,L74,273,59,13,7,29.03,5.81,0.57,104,3.24,55.93,1.02,9,0.98,101,4.22,0.55,2024-03-17,110.67,0.48
ITM12720,1,L30,62,23,6,6,31.18,2.18,0.88,104,4.31,84.72,1.06,1,0.79,475,5.24,0.91,2024-04-05,185.41,0.684
ITM12721,3,L93,36,83,11,9,39.69,6.3,0.34,146,4.11,26.57,1.91,9,0.72,258,2.02,0.67,2024-03-21,76.98,0.334
ITM12722,2,L7,82,18,12,7,40.79,3.0,0.26,40,0.91,137.13,0.29,6,0.97,563,13.39,0.61,2024-07-04,106.43,0.746
ITM12723,4,L75,272,20,3,6,10.5,2.69,0.12,142,3.64,166.22,0.82,7,0.77,690,2.72,0.53,2024-11-04,36.52,0.474
ITM12724,5,L62,484,72,14,2,12.6,4.29,0.18,25,1.66,136.1,1.08,3,0.81,227,10.76,0.91,2024-03-01,257.43,0.719
ITM12725,1,L22,395,85,8,5,43.96,6.14,0.23,51,2.1,90.03,1.93,9,0.86,725,8.08,0.7,2024-12-04,132.43,0.447
ITM12726,3,L68,311,76,5,2,41.16,5.68,0.17,178,2.7,64.9,1.06,0,0.99,914,12.64,0.47,2024-04-27,52.14,0.755
ITM12727,4,L81,488,62,13,4,31.26,2.82,0.91,39,4.06,87.79,1.57,4,0.86,71,11.37,0.59,2024-07-31,67.74,0.605
ITM12728,1,L93,27,48,11,7,49.74,8.97,0.92,35,1.25,90.53,1.52,9,0.83,418,11.64,0.56,2024-06-18,89.8,0.501
ITM12729,1,L80,344,87,7,3,37.02,1.54,0.94,40,0.99,136.54,1.18,9,0.88,788,6.86,0.56,2024-02-28,76.55,0.481
ITM12730,4,L100,109,65,8,8,11.58,0.87,0.96,59,1.19,186.33,0.35,5,0.99,131,12.68,0.45,2024-09-03,155.96,0.722
ITM12731,3,L49,227,37,13,9,42.49,6.23,0.54,152,1.48,23.41,0.52,6,0.95,213,2.33,0.71,2024-12-11,272.51,0.591
ITM12732,3,L19,311,84,11,4,21.32,1.67,0.58,61,0.77,191.14,0.56,0,0.75,426,7.22,0.24,2024-09-02,63.34,0.638
ITM12733,2,L88,303,48,11,4,2.77,5.3,0.22,175,4.67,182.94,0.17,3,0.94,52,14.92,0.91,2024-09-02,141.5,0.892
ITM12734,5,L32,137,34,10,7,16.75,9.54,0.22,47,1.94,32.37,0.82,4,0.95,733,14.27,0.53,2024-04-17,202.54,0.724
ITM12735,4,L5,368,30,11,9,38.41,7.14,0.8,29,1.3,44.88,1.26,4,0.91,167,2.15,0.84,2024-10-29,63.3,0.573
ITM12736,4,L74,194,19,6,6,48.05,6.37,0.87,108,3.37,69.2,0.37,6,0.9,705,9.02,0.78,2024-03-23,54.66,0.699
ITM12737,4,L90,95,52,8,4,14.53,5.96,0.81,53,4.04,116.34,0.43,3,0.83,813,5.42,0.58,2024-11-27,55.06,0.651
ITM12738,3,L15,120,24,7,8,13.08,2.21,0.85,120,3.89,35.55,1.44,9,0.89,444,11.2,0.36,2024-07-29,265.78,0.475
ITM12739,5,L25,433,92,7,5,28.62,4.61,0.35,98,3.73,48.06,0.42,6,0.92,315,11.3,0.65,2024-01-12,216.27,0.703
ITM12740,2,L3,170,57,6,4,40.77,3.75,0.52,72,0.73,181.51,0.36,7,0.74,484,1.0,0.96,2024-05-04,107.55,0.577
ITM12741,1,L57,419,95,4,5,37.58,9.55,0.51,127,4.02,30.77,1.96,1,0.78,731,12.84,0.35,2024-01-23,271.74,0.581
ITM12742,1,L41,289,30,14,2,28.44,2.8,1.0,159,2.76,85.79,0.13,0,0.76,774,4.13,0.4,2024-03-06,286.53,0.674
ITM12743,4,L54,477,69,8,9,31.94,4.98,0.95,81,3.42,154.97,0.72,9,0.95,842,14.52,0.99,2024-10-20,125.5,0.73
ITM12744,5,L20,90,59,11,6,12.86,9.41,0.64,63,4.8,178.83,0.17,9,0.9,276,13.68,0.91,2024-10-30,158.03,0.747
ITM12745,3,L53,199,32,14,5,22.2,8.0,0.22,146,4.15,73.85,1.69,0,0.84,425,3.67,0.64,2024-03-23,113.84,0.576
ITM12746,5,L89,143,22,3,4,13.51,9.66,0.33,152,4.21,41.24,1.21,0,0.95,311,9.91,0.76,2024-03-09,75.99,0.753
ITM12747,5,L27,400,78,9,6,44.34,6.28,0.43,57,1.32,150.03,0.19,8,0.92,415,5.15,0.55,2024-11-18,236.2,0.584
ITM12748,3,L53,312,13,8,8,6.52,3.67,0.89,157,2.64,156.79,1.27,3,0.97,816,2.44,0.52,2024-09-19,198.23,0.544
ITM12749,4,L65,304,87,5,6,34.31,8.35,0.25,172,4.77,196.21,0.33,8,0.72,477,13.24,0.55,2024-01-21,116.4,0.638
ITM12750,5,L100,214,81,3,5,13.75,3.27,0.3,110,3.12,36.51,1.04,6,0.85,57,3.53,0.53,2024-10-20,14.17,0.499
ITM12751,1,L79,418,18,6,9,24.3,2.07,0.41,69,0.96,144.79,1.37,6,0.91,979,6.89,0.74,2024-03-16,231.47,0.565
ITM12752,3,L61,247,44,11,5,15.67,7.21,0.93,107,3.79,89.29,0.38,1,0.76,90,13.94,0.46,2024-01-29,148.44,0.772
ITM12753,2,L95,450,30,4,3,16.84,6.57,0.55,171,0.69,183.78,1.04,1,0.8,927,2.05,0.34,2024-03-26,31.19,0.531
ITM12754,4,L94,449,67,5,3,13.76,8.85,0.68,109,3.84,87.49,0.97,4,0.83,306,8.71,0.77,2024-05-12,46.11,0.659
ITM12755,3,L8,455,27,4,6,37.89,9.64,0.45,108,4.46,94.73,1.84,9,0.94,692,9.01,0.23,2024-04-02,192.23,0.39
ITM12756,2,L91,294,81,4,7,18.92,8.64,0.27,82,2.41,34.09,1.99,0,0.85,613,11.68,0.78,2024-09-21,168.44,0.683
ITM12757,2,L18,480,90,12,9,36.59,1.07,0.3,128,2.36,70.98,1.34,6,0.85,151,12.58,0.41,2024-07-26,79.74,0.566
ITM12758,5,L67,125,52,13,7,23.35,6.81,0.82,137,1.87,86.16,1.72,6,0.83,268,6.94,0.35,2024-11-02,50.56,0.437
ITM12759,5,L27,40,15,13,3,27.82,7.95,0.9,149,4.45,13.33,1.33,7,0.77,293,11.41,0.5,2024-10-15,266.57,0.533
ITM12760,5,L72,83,95,10,4,27.62,9.83,0.54,97,2.97,93.14,1.76,6,0.98,894,13.75,0.29,2024-11-22,49.11,0.541
ITM12761,3,L42,184,87,5,2,48.82,4.06,0.42,114,3.11,73.9,0.92,7,0.8,988,13.41,0.51,2024-01-10,34.85,0.609
ITM12762,3,L85,46,76,9,6,18.99,2.11,0.83,28,3.48,162.73,1.26,2,0.87,352,8.03,0.28,2024-12-04,189.78,0.571
ITM12763,4,L62,330,21,10,2,11.18,8.6,0.71,89,1.85,30.35,1.71,2,0.74,419,9.5,0.59,2024-05-25,83.24,0.582
ITM12764,5,L68,304,21,5,3,45.68,3.52,0.14,35,2.45,154.44,1.84,7,0.83,900,10.42,0.34,2024-02-13,200.41,0.449
ITM12765,2,L49,167,75,4,5,9.57,6.18,0.42,160,3.84,145.66,0.15,8,0.97,324,12.47,0.3,2024-04-20,151.84,0.645
ITM12766,1,L41,300,11,10,8,41.89,4.2,0.71,130,4.93,55.94,0.3,9,1.0,119,8.11,0.66,2024-08-17,71.26,0.63
ITM12767,4,L23,345,24,5,6,8.36,4.32,0.62,42,0.65,25.82,1.87,3,0.81,96,2.57,0.7,2024-11-06,30.2,0.489
ITM12768,3,L59,338,32,9,3,33.28,7.46,0.98,115,0.69,169.95,1.18,7,0.75,166,6.39,0.2,2024-08-29,30.49,0.417
ITM12769,4,L69,183,38,14,9,8.38,3.93,0.88,39,2.43,57.39,1.98,0,0.79,639,11.08,0.51,2024-09-03,179.9,0.61
ITM12770,4,L44,405,90,3,4,46.23,7.08,0.15,160,3.47,37.66,1.61,1,0.8,566,9.73,0.26,2024-03-28,229.89,0.561
ITM12771,4,L70,425,16,14,8,28.69,0.64,0.75,135,2.24,78.22,1.65,9,0.89,303,11.55,0.79,2024-04-22,210.0,0.545
ITM12772,4,L46,243,37,8,6,17.13,3.58,0.4,45,5.0,86.17,0.83,9,0.85,881,8.0,0.75,2024-07-29,181.93,0.564
ITM12773,1,L87,291,23,14,6,7.88,3.53,0.71,134,1.38,71.96,0.59,9,0.93,668,3.44,0.24,2024-11-03,71.17,0.441
ITM12774,5,L99,165,53,14,9,19.19,7.61,0.66,133,0.54,195.53,1.24,8,0.91,805,2.61,0.95,2024-03-14,259.92,0.523
ITM12775,2,L93,472,39,11,7,35.55,3.49,0.55,127,1.36,177.36,1.77,1,0.78,222,7.74,0.97,2024-10-25,192.37,0.656
ITM12776,4,L88,457,90,14,5,19.86,6.52,0.87,132,4.49,175.87,1.48,1,0.94,478,3.88,0.47,2024-04-03,211.32,0.566
ITM12777,4,L83,375,41,5,6,13.06,7.04,0.74,46,1.15,85.77,1.0,7,0.95,85,14.75,0.3,2024-11-15,74.91,0.607
ITM12778,4,L89,49,79,9,5,29.29,6.76,0.9,70,2.66,192.95,1.53,4,0.88,954,3.78,0.29,2024-12-03,85.83,0.451
ITM12779,5,L34,64,97,8,3,21.47,6.23,0.35,105,2.39,139.96,1.41,4,0.98,456,8.93,0.87,2024-09-18,273.19,0.668
ITM12780,3,L79,294,15,10,4,9.12,4.43,0.41,129,3.5,168.08,1.83,5,0.93,465,1.02,0.57,2024-05-15,148.06,0.431
ITM12781,3,L62,490,36,5,8,8.55,4.05,0.66,21,0.75,105.17,0.6,7,0.88,734,4.55,0.21,2024-03-26,170.61,0.479
ITM12782,1,L25,53,91,5,8,35.67,5.86,0.97,131,3.46,40.52,0.33,7,0.97,461,4.63,0.94,2024-12-17,42.12,0.671
ITM12783,3,L32,160,97,6,4,48.76,1.11,0.43,44,2.1,178.51,0.99,8,0.88,537,11.33,0.67,2024-06-24,124.43,0.602
ITM12784,4,L36,446,33,5,6,12.42,8.82,0.13,76,4.67,102.42,0.79,9,0.86,741,7.94,0.75,2024-08-20,267.24,0.569
ITM12785,4,L72,337,43,11,6,38.88,8.34,0.5,47,4.32,194.03,1.95,2,0.81,828,1.17,0.86,2024-11-01,271.04,0.515
ITM12786,4,L39,393,49,13,3,5.29,3.79,0.59,33,2.3,58.42,0.11,8,0.96,816,6.31,0.85,2024-10-29,221.74,0.675
ITM12787,1,L29,240,56,6,7,19.7,5.88,0.82,90,4.97,198.55,1.87,2,0.74,964,10.03,0.26,2024-02-05,168.23,0.507
ITM12788,4,L39,375,88,8,7,25.83,9.36,0.76,177,0.73,52.26,1.91,0,0.84,881,9.91,0.66,2024-04-27,279.94,0.641
ITM12789,3,L99,41,84,10,7,14.17,3.08,0.97,81,4.05,79.95,0.2,4,0.86,370,1.75,0.76,2024-07-12,262.83,0.647
ITM12790,5,L37,199,95,13,5,26.95,7.55,0.8,88,2.45,122.86,1.79,6,0.87,122,14.0,0.27,2024-07-16,255.44,0.516
ITM12791,5,L91,455,33,10,7,44.25,1.29,0.37,123,2.45,141.73,0.99,2,0.9,618,4.46,0.38,2024-03-08,265.72,0.576
ITM12792,2,L27,386,74,7,4,47.28,5.47,0.68,54,1.27,146.85,1.56,8,0.85,627,13.48,0.52,2024-02-25,141.44,0.538
ITM12793,3,L89,439,27,7,8,5.93,8.9,0.71,134,2.82,100.49,0.25,0,0.78,693,3.99,0.91,2024-01-09,162.39,0.766
ITM12794,4,L91,348,53,8,8,14.32,5.74,1.0,105,0.88,24.6,1.91,5,0.96,462,8.95,0.88,2024-04-13,132.96,0.596
ITM12795,5,L63,250,85,12,5,48.98,6.35,0.22,22,3.27,104.25,1.25,5,0.9,821,6.69,0.83,2024-09-24,224.62,0.61
ITM12796,3,L41,422,66,9,3,14.25,9.12,0.27,119,1.59,73.59,1.81,7,0.96,173,9.14,0.99,2024-09-15,181.66,0.591
ITM12797,5,L62,57,37,12,4,34.94,7.3,0.24,15,3.76,134.95,1.38,2,0.78,434,7.97,0.39,2024-12-16,30.21,0.562
ITM12798,4,L45,89,80,9,8,13.42,7.11,0.63,106,3.23,44.63,1.12,4,0.89,653,1.03,0.57,2024-08-02,49.61,0.514
ITM12799,5,L72,135,32,6,4,18.46,6.07,0.22,80,3.86,84.84,0.43,9,0.91,835,5.92,0.56,2024-03-17,65.77,0.55
ITM12800,2,L93,258,94,8,8,10.37,6.51,0.69,56,3.87,193.56,0.44,4,0.82,702,1.16,0.74,2024-11-06,204.46,0.603
ITM12801,2,L36,354,43,9,2,42.96,8.14,0.82,102,1.39,26.88,1.0,7,0.94,281,10.57,0.88,2024-02-19,41.84,0.665
ITM12802,5,L37,460,20,7,3,44.25,9.8,0.49,110,0.5,124.44,1.75,6,0.7,631,12.95,0.59,2024-03-31,166.84,0.536
ITM12803,3,L16,167,95,7,3,15.55,8.06,0.6,53,2.15,27.22,0.32,2,0.88,482,6.39,0.59,2024-08-31,253.84,0.707
ITM12804,3,L74,28,44,4,9,41.36,7.22,0.92,41,4.64,39.83,2.0,6,0.88,540,8.35,0.69,2024-11-10,284.78,0.505
ITM12805,3,L87,307,51,9,2,18.55,1.79,0.61,12,3.1,124.94,1.76,9,0.86,736,1.92,0.79,2024-11-03,134.19,0.4
ITM12806,5,L70,407,37,14,5,5.85,8.26,0.29,93,3.77,94.36,0.85,7,0.89,920,6.39,0.36,2024-01-20,164.69,0.51
ITM12807,3,L49,69,91,8,8,38.15,7.49,0.41,175,4.46,114.21,0.58,4,0.75,135,2.94,0.97,2024-09-29,251.14,0.645
ITM12808,4,L51,357,87,13,9,30.23,7.82,0.58,13,4.58,177.18,1.85,4,0.91,814,1.91,0.27,2024-09-14,281.37,0.396
ITM12809,2,L45,24,91,3,8,14.44,2.7,0.24,154,2.88,165.28,0.33,0,0.8,79,3.41,0.22,2024-03-01,123.06,0.616
ITM12810,4,L99,423,33,6,8,13.4,9.08,0.65,174,2.93,178.72,0.76,7,0.84,716,13.19,0.49,2024-02-17,112.39,0.626
ITM12811,3,L19,362,17,5,7,48.81,1.42,1.0,97,4.33,127.09,0.26,5,0.8,249,14.75,0.76,2024-09-03,140.74,0.783
ITM12812,4,L38,145,62,14,7,43.26,2.91,0.69,115,4.13,103.03,1.91,5,0.84,924,13.31,0.98,2024-12-03,83.6,0.65
ITM12813,3,L6,94,81,5,7,40.68,6.8,0.44,114,3.64,97.25,1.27,4,0.89,205,14.58,0.95,2024-03-07,259.3,0.755
ITM12814,5,L37,184,13,9,7,7.27,6.9,0.4,45,3.22,150.56,0.74,4,0.95,806,11.23,0.75,2024-11-04,102.28,0.736
ITM12815,4,L92,297,14,13,7,38.0,3.48,0.94,67,3.28,109.05,0.62,2,0.85,947,3.24,0.55,2024-10-03,140.34,0.621
ITM12816,5,L11,461,58,14,2,11.51,7.16,0.88,178,2.13,30.1,0.94,2,0.8,581,8.88,0.68,2024-01-01,102.79,0.68
ITM12817,5,L45,343,39,12,3,48.89,4.19,0.53,17,4.28,36.97,0.27,1,0.85,764,11.24,0.97,2024-12-13,44.49,0.867
ITM12818,1,L57,496,81,6,5,3.55,0.5,0.42,167,3.28,77.85,1.79,8,0.91,895,8.19,0.41,2024-11-28,185.93,0.434
ITM12819,3,L84,319,72,14,4,18.25,2.04,0.74,95,1.51,22.89,1.07,7,0.8,201,8.77,0.58,2024-08-08,180.41,0.546
ITM12820,2,L33,309,56,10,7,22.0,8.88,0.38,106,1.58,55.45,1.48,2,0.82,126,9.21,0.75,2024-09-24,95.52,0.649
ITM12821,3,L96,96,35,13,2,41.39,2.62,0.21,162,4.38,134.72,0.54,4,0.87,377,7.54,0.21,2024-08-03,19.11,0.583
ITM12822,2,L62,317,66,11,9,38.54,1.57,0.38,68,3.32,12.36,1.06,9,0.79,221,5.07,0.51,2024-07-08,281.66,0.442
ITM12823,3,L28,156,46,5,9,19.37,6.98,0.49,39,2.29,124.78,0.5,4,0.76,454,9.92,0.65,2024-01-23,113.11,0.684
ITM12824,5,L26,125,16,7,8,28.71,4.69,0.33,110,1.34,156.75,1.65,7,0.74,455,1.75,0.92,2024-12-23,166.24,0.45
ITM12825,4,L69,114,49,6,5,41.94,8.07,0.3,76,3.25,42.33,1.57,5,0.81,890,3.39,0.99,2024-09-28,51.69,0.548
ITM12826,4,L35,154,48,14,9,1.89,8.68,0.11,141,1.33,44.38,0.38,6,0.71,811,13.95,0.65,2024-08-07,82.84,0.7
ITM12827,1,L72,87,71,12,5,40.31,8.54,0.67,102,2.62,15.48,0.24,4,0.88,747,7.84,0.96,2024-04-27,136.22,0.769
ITM12828,2,L90,166,87,8,5,47.4,3.47,0.65,72,3.55,107.37,1.67,0,0.75,411,12.5,0.28,2024-09-03,173.05,0.606
ITM12829,2,L35,497,62,13,2,2.57,5.3,0.27,41,3.04,134.37,0.31,7,0.81,177,11.17,0.76,2024-07-14,257.66,0.692
ITM12830,2,L18,178,13,12,4,3.23,6.68,0.95,96,4.65,96.81,1.14,3,0.78,924,5.49,0.52,2024-06-28,94.22,0.559
ITM12831,5,L14,403,91,6,7,17.88,3.56,0.47,60,0.68,84.0,1.12,4,0.89,572,12.25,0.8,2024-10-28,262.82,0.709
ITM12832,2,L79,182,34,10,5,5.3,0.89,0.12,72,1.76,96.34,0.49,0,0.96,385,2.28,0.89,2024-12-22,142.95,0.751
ITM12833,4,L95,460,16,5,2,24.48,5.21,0.3,89,0.76,158.49,1.22,2,0.89,803,13.25,0.24,2024-10-21,135.48,0.641
ITM12834,5,L76,360,37,13,8,36.71,0.62,0.72,96,1.38,16.37,1.06,1,0.86,742,10.53,0.95,2024-02-20,124.96,0.776
ITM12835,3,L31,208,78,7,3,28.78,9.53,0.28,119,1.06,158.93,1.07,1,0.9,314,13.98,0.25,2024-08-05,266.99,0.689
ITM12836,2,L32,434,76,3,8,10.63,8.07,0.15,110,3.8,136.61,0.78,0,0.71,244,13.54,0.8,2024-03-09,82.79,0.805
ITM12837,2,L7,358,29,8,2,33.09,2.32,0.66,138,2.16,55.87,1.69,5,0.74,807,6.32,0.26,2024-05-10,258.64,0.415
ITM12838,3,L86,114,92,13,2,34.56,3.23,0.57,28,4.66,109.7,0.26,7,0.73,149,13.0,0.89,2024-09-01,35.84,0.731
ITM12839,2,L68,200,20,7,2,46.69,9.84,0.79,110,0.61,19.37,0.93,2,0.73,613,8.88,0.36,2024-04-29,287.05,0.603
ITM12840,3,L29,307,76,10,5,8.19,4.05,0.8,172,3.44,82.12,0.59,0,0.78,420,3.2,0.55,2024-02-12,155.87,0.65
ITM12841,5,L82,341,96,11,2,34.92,7.95,0.96,103,4.87,43.07,1.71,9,0.86,958,12.61,0.95,2024-05-25,299.68,0.579
ITM12842,4,L30,206,16,10,3,45.66,4.74,0.15,90,1.29,14.24,0.53,1,0.73,946,13.71,0.83,2024-11-02,186.3,0.822
ITM12843,3,L7,391,32,10,5,25.58,8.71,0.14,112,2.49,77.85,1.56,2,0.98,477,2.18,0.83,2024-10-05,44.1,0.595
ITM12844,1,L13,157,70,14,8,18.73,7.19,0.99,122,3.66,147.96,1.26,5,0.96,636,14.03,0.81,2024-07-28,27.66,0.715
ITM12845,3,L53,149,80,5,3,9.37,0.72,0.68,163,3.35,184.99,1.76,2,0.99,969,9.42,0.66,2024-05-11,66.09,0.64
ITM12846,2,L43,213,43,6,9,43.47,3.3,0.74,22,3.05,135.83,1.23,8,0.71,182,1.36,0.96,2024-04-06,132.13,0.469
ITM12847,5,L92,335,28,13,6,20.32,5.8,0.19,127,1.97,86.37,1.16,0,0.96,305,8.59,0.87,2024-01-03,226.68,0.765
ITM12848,5,L61,491,67,6,8,46.32,9.3,0.16,95,3.78,199.9,1.62,6,0.94,499,12.15,0.55,2024-12-29,10.21,0.578
ITM12849,3,L13,292,18,13,2,42.54,1.47,0.24,32,3.44,63.76,1.17,9,0.97,770,8.46,0.79,2024-01-04,84.63,0.568
ITM12850,4,L88,371,57,7,7,19.46,6.21,0.48,116,1.23,45.55,1.7,7,0.86,453,10.9,1.0,2024-10-22,180.4,0.607
ITM12851,1,L99,163,91,11,7,29.12,3.37,0.2,172,4.84,98.1,0.19,8,0.94,704,13.31,0.9,2024-09-24,96.39,0.766
ITM12852,5,L18,35,50,14,5,2.33,8.95,0.5,21,3.0,105.93,1.04,7,0.72,629,13.18,0.2,2024-03-01,113.51,0.516
ITM12853,2,L1,321,57,11,7,13.9,7.77,0.61,146,2.86,77.42,1.64,4,0.72,103,3.5,0.79,2024-09-23,97.22,0.505
ITM12854,2,L71,442,54,12,8,35.8,4.01,0.1,87,4.32,142.14,1.71,0,0.74,828,6.98,0.92,2024-01-04,286.42,0.654
ITM12855,4,L21,264,34,14,5,34.22,2.09,0.2,76,3.38,44.93,1.68,0,0.97,456,2.56,0.46,2024-07-11,29.09,0.552
ITM12856,5,L53,434,87,3,8,18.32,0.61,0.44,117,0.84,106.96,1.25,7,0.72,434,9.33,0.98,2024-12-01,273.18,0.599
ITM12857,3,L84,126,34,10,2,40.62,6.4,0.15,53,2.78,105.02,1.99,6,0.73,987,14.37,0.52,2024-04-15,103.74,0.523
ITM12858,2,L61,107,28,3,4,12.56,4.36,0.22,158,4.01,166.52,0.44,4,0.98,291,3.55,0.54,2024-12-18,81.5,0.627
ITM12859,4,L62,148,48,4,4,23.6,3.49,0.31,16,3.65,186.12,0.43,9,0.73,96,6.65,0.33,2024-06-10,266.15,0.478
ITM12860,5,L84,414,88,9,3,24.15,9.86,0.49,137,4.87,136.02,0.16,2,0.96,164,14.36,0.28,2024-07-28,93.25,0.783
ITM12861,5,L26,394,89,10,2,17.7,4.93,0.74,106,0.61,68.02,1.98,8,0.94,757,11.5,0.63,2024-07-04,296.37,0.509
ITM12862,5,L97,360,36,3,7,47.78,7.62,0.22,20,1.68,141.03,0.76,3,0.71,855,2.0,0.68,2024-02-24,168.95,0.569
ITM12863,5,L37,23,83,5,2,35.14,2.19,0.76,169,2.97,57.76,1.55,5,0.71,179,7.0,0.49,2024-03-20,148.15,0.478
ITM12864,5,L42,346,72,9,6,27.42,0.63,0.87,115,3.29,193.64,0.21,3,0.86,606,14.83,0.69,2024-08-06,293.18,0.827
ITM12865,2,L37,429,77,11,4,26.02,4.47,0.69,92,1.73,166.25,0.67,8,1.0,204,7.35,0.52,2024-11-29,75.76,0.575
ITM12866,4,L83,386,28,10,7,8.81,6.82,0.14,45,4.22,91.93,1.29,3,0.96,544,9.81,0.89,2024-10-26,273.6,0.712
ITM12867,5,L8,325,37,10,8,19.24,5.31,0.5,127,1.24,159.03,1.1,7,0.79,878,10.81,0.96,2024-05-09,181.54,0.644
ITM12868,1,L99,415,94,11,8,33.97,8.96,0.69,174,0.5,87.64,0.49,2,0.82,131,10.3,0.67,2024-05-13,228.94,0.746
ITM12869,1,L12,114,87,12,4,46.3,4.62,0.98,50,4.79,24.18,0.98,7,0.82,828,8.26,0.87,2024-10-01,178.79,0.61
ITM12870,4,L84,228,42,5,2,41.01,3.45,0.96,101,2.26,144.29,0.31,2,0.92,718,2.86,0.88,2024-08-04,189.41,0.727
ITM12871,3,L74,244,19,10,7,15.72,9.2,0.46,58,4.81,86.88,1.13,4,0.8,74,10.92,0.77,2024-10-16,54.93,0.667
ITM12872,3,L30,478,92,3,3,22.26,4.36,0.65,152,1.75,186.76,0.28,0,0.74,383,14.07,0.35,2024-07-06,53.98,0.778
ITM12873,3,L69,367,39,10,8,5.06,3.06,0.9,150,0.79,68.25,1.31,5,0.92,231,14.18,0.32,2024-11-09,125.18,0.606
ITM12874,1,L95,499,31,9,2,6.01,1.43,0.85,62,3.98,170.23,0.4,1,0.84,481,9.31,0.94,2024-05-21,110.45,0.82
ITM12875,3,L93,340,12,10,3,24.04,8.04,0.53,116,4.26,139.28,1.14,2,0.72,223,7.89,0.41,2024-12-14,216.5,0.577
ITM12876,2,L5,66,91,3,9,26.98,8.34,0.34,42,2.71,172.13,0.35,0,0.94,858,5.68,0.4,2024-07-22,219.6,0.709
ITM12877,5,L23,495,84,8,7,13.94,0.82,0.22,128,0.83,65.46,0.86,5,0.88,90,2.45,0.33,2024-04-14,173.5,0.489
ITM12878,1,L54,200,57,9,4,32.5,3.91,0.54,41,3.44,97.66,0.77,4,0.85,494,13.36,0.62,2024-07-30,126.58,0.715
ITM12879,4,L23,125,11,13,9,35.47,7.62,0.75,127,1.32,166.39,1.54,9,0.9,918,2.92,0.74,2024-10-09,206.27,0.433
ITM12880,4,L5,218,85,7,6,15.66,9.49,0.97,71,4.32,132.33,1.32,1,0.85,444,5.03,0.74,2024-10-12,209.33,0.633
ITM12881,5,L51,405,63,7,9,38.16,4.09,0.88,91,1.73,78.39,1.88,7,0.89,989,11.37,0.41,2024-09-04,244.64,0.484
ITM12882,1,L64,125,15,9,5,11.07,8.78,0.28,139,4.31,107.28,1.85,8,0.96,337,10.87,0.28,2024-04-01,245.4,0.448
ITM12883,3,L24,299,49,13,4,27.67,4.24,0.75,86,2.42,199.26,1.48,2,0.88,610,10.53,0.45,2024-07-08,30.17,0.618
ITM12884,3,L96,279,11,5,3,40.41,2.21,0.36,25,3.18,150.95,1.56,5,0.9,311,11.38,0.6,2024-10-13,118.47,0.596
ITM12885,2,L38,127,82,8,2,27.31,0.53,0.72,132,4.05,126.76,1.29,5,0.88,805,8.59,0.69,2024-10-11,131.78,0.6
ITM12886,2,L5,38,11,9,9,45.49,3.64,0.7,17,0.68,167.3,1.41,9,0.86,106,3.17,0.42,2024-09-04,255.61,0.377
ITM12887,3,L2,429,83,3,8,3.87,4.1,0.35,156,4.2,93.99,1.27,5,0.75,55,14.98,0.35,2024-05-09,155.52,0.593
ITM12888,4,L39,478,64,14,7,29.83,9.48,0.31,169,1.12,190.51,0.69,7,0.8,608,13.49,0.87,2024-06-06,151.75,0.705
ITM12889,4,L73,315,81,4,9,28.53,2.46,0.19,76,2.11,114.88,0.77,4,0.91,624,7.04,0.89,2024-10-22,170.59,0.697
ITM12890,2,L78,325,69,14,4,33.36,4.13,0.15,124,2.63,72.11,1.19,9,0.83,994,8.42,0.42,2024-06-25,46.89,0.463
ITM12891,5,L14,190,15,6,8,41.84,0.74,0.87,122,4.53,26.34,1.47,9,0.82,967,6.51,0.65,2024-12-27,173.94,0.454
ITM12892,3,L43,350,28,10,8,36.57,7.75,0.14,41,0.6,81.38,0.87,7,0.93,628,9.93,0.55,2024-07-22,169.95,0.601
ITM12893,2,L37,214,36,13,6,39.72,9.19,0.18,114,3.02,118.04,0.37,2,0.7,964,11.24,0.31,2024-03-11,228.78,0.675
ITM12894,2,L59,31,10,12,7,15.15,2.76,0.31,34,3.39,143.62,0.97,6,0.9,744,4.24,0.95,2024-12-03,193.9,0.61
ITM12895,3,L83,214,42,8,9,19.99,4.58,0.9,62,1.92,176.27,1.93,0,0.85,211,7.06,0.21,2024-03-01,286.96,0.513
ITM12896,3,L70,302,49,3,3,31.71,1.66,0.4,90,1.81,189.35,0.51,3,0.81,346,9.96,0.35,2024-04-27,33.23,0.654
ITM12897,4,L68,388,41,12,7,28.12,4.84,0.27,34,2.71,29.47,1.33,4,0.8,666,14.83,0.48,2024-08-16,233.78,0.641
ITM12898,5,L64,201,78,7,9,48.09,1.77,0.74,42,1.34,124.17,1.97,6,0.75,824,5.55,0.89,2024-12-24,227.94,0.485
ITM12899,5,L18,469,26,9,7,10.15,5.47,0.39,40,2.61,136.65,0.81,5,0.8,106,11.43,0.83,2024-03-23,88.11,0.697
ITM12900,3,L65,324,17,8,2,18.21,7.48,0.4,45,3.94,42.69,1.79,5,0.82,577,5.85,0.66,2024-02-21,212.58,0.495
ITM12901,1,L60,163,66,14,5,29.07,5.76,0.77,96,4.3,113.66,1.74,1,0.83,108,2.29,0.76,2024-04-19,201.2,0.555
ITM12902,2,L35,405,51,11,9,43.53,2.83,0.33,132,2.23,73.62,0.74,1,0.9,215,11.78,0.47,2024-09-17,96.62,0.737
ITM12903,2,L25,335,18,10,8,46.54,3.86,0.91,53,3.28,24.71,0.29,1,0.84,954,10.09,0.95,2024-07-24,219.9,0.844
ITM12904,3,L15,201,96,6,3,17.47,6.57,0.61,57,0.5,22.51,0.44,9,0.94,811,8.2,0.22,2024-06-22,279.89,0.517
ITM12905,1,L43,49,44,13,9,4.29,6.1,0.58,167,2.98,154.25,0.79,7,0.89,595,10.45,0.28,2024-10-08,98.51,0.554
ITM12906,4,L21,103,80,14,9,21.66,1.8,0.34,22,4.89,126.94,1.92,6,0.76,95,13.31,0.94,2024-11-10,294.22,0.605
ITM12907,3,L94,185,88,7,2,20.32,8.53,0.85,153,1.91,145.87,0.62,0,0.78,982,11.59,0.96,2024-12-22,75.04,0.841
ITM12908,3,L59,303,62,9,8,49.34,5.01,0.62,100,3.18,140.2,1.86,8,0.72,860,13.01,0.59,2024-12-16,49.05,0.489
ITM12909,2,L83,300,63,10,5,22.12,2.04,0.24,163,3.93,35.52,0.44,7,0.98,96,5.06,0.66,2024-12-27,32.34,0.611
ITM12910,3,L33,115,93,7,2,15.98,1.67,0.29,174,3.24,38.8,1.94,8,0.97,439,12.21,0.92,2024-01-27,71.97,0.587
ITM12911,3,L92,400,34,11,5,18.9,9.67,0.52,140,2.38,57.97,0.66,3,0.73,301,6.04,0.88,2024-03-23,109.33,0.677
ITM12912,3,L24,285,76,12,5,20.45,3.17,0.8,163,1.19,85.83,1.3,4,0.87,215,1.29,0.89,2024-07-18,222.62,0.559
ITM12913,2,L2,463,71,14,5,41.26,9.13,0.95,152,2.59,188.44,0.23,4,0.99,417,1.6,0.5,2024-11-21,30.88,0.616
ITM12914,4,L95,317,64,6,2,4.97,4.4,0.7,75,1.83,138.04,0.67,8,0.92,428,11.22,0.86,2024-01-03,157.11,0.679
ITM12915,4,L44,315,55,6,7,16.51,4.17,0.56,37,3.63,58.48,0.5,7,0.85,366,4.81,0.26,2024-02-16,160.44,0.496
ITM12916,3,L38,244,33,10,9,48.35,7.16,0.33,134,2.49,20.64,0.11,9,0.77,181,5.31,0.59,2024-03-15,76.1,0.552
ITM12917,2,L73,352,55,3,5,8.5,0.59,0.71,175,4.32,140.0,0.4,5,0.78,438,9.72,0.39,2024-08-29,23.18,0.624
ITM12918,4,L87,380,31,10,7,37.39,3.71,0.98,89,1.37,128.81,1.23,9,0.92,631,11.38,0.23,2024-11-03,75.28,0.479
ITM12919,4,L97,393,20,7,9,18.46,3.38,0.53,141,2.38,138.4,0.84,9,0.93,621,8.82,0.69,2024-08-10,76.81,0.578
ITM12920,4,L25,61,57,13,8,29.51,8.75,0.25,81,3.01,59.62,1.47,0,0.86,766,10.89,0.26,2024-02-15,209.53,0.622
ITM12921,2,L23,322,17,3,9,5.88,5.53,0.19,53,1.07,108.22,1.38,6,0.74,799,14.17,0.3,2024-02-02,77.8,0.539
ITM12922,2,L79,440,48,6,8,16.01,3.96,0.34,128,3.15,78.72,1.62,8,0.98,905,12.96,0.27,2024-05-14,108.68,0.501
ITM12923,3,L82,265,44,4,3,25.54,3.03,0.61,55,1.81,165.36,1.75,3,0.95,397,4.37,0.98,2024-04-23,23.75,0.609
ITM12924,5,L52,227,58,6,6,12.35,6.11,0.95,93,1.53,23.19,1.66,3,0.74,894,13.7,0.23,2024-07-08,190.94,0.551
ITM12925,4,L55,256,55,10,7,27.55,1.94,0.37,35,1.14,62.33,0.95,4,0.72,667,5.16,0.42,2024-02-10,147.5,0.522
ITM12926,5,L66,41,47,7,9,11.77,2.84,0.37,105,2.07,124.56,0.69,7,0.86,546,10.25,0.72,2024-11-07,110.04,0.644
ITM12927,2,L42,204,17,3,8,32.85,3.29,0.53,22,4.68,48.99,1.05,4,0.79,745,13.25,0.86,2024-01-20,213.84,0.722
ITM12928,2,L12,487,63,9,6,45.31,6.28,0.93,134,0.64,137.82,1.12,3,0.78,899,9.73,0.69,2024-07-15,207.82,0.652
ITM12929,2,L52,261,46,3,5,5.19,4.05,0.48,78,4.33,35.99,0.7,7,0.73,560,12.29,0.98,2024-07-24,105.09,0.696
ITM12930,5,L86,382,49,11,6,11.61,5.3,0.3,60,2.29,14.33,1.13,4,0.99,568,13.98,0.47,2024-11-10,215.73,0.685
ITM12931,2,L13,302,43,5,6,42.38,6.68,0.25,22,3.03,174.06,0.3,7,0.95,501,14.54,0.58,2024-12-01,110.98,0.73
ITM12932,3,L24,60,88,14,5,31.95,9.58,0.51,178,2.81,73.35,0.54,0,0.73,592,6.75,0.86,2024-09-23,74.38,0.754
ITM12933,2,L18,355,26,5,7,4.86,7.77,0.82,148,4.67,39.8,1.52,2,0.96,265,14.9,0.75,2024-05-26,218.75,0.749
ITM12934,1,L62,181,42,8,9,24.83,4.35,0.36,174,3.97,42.81,0.45,6,0.9,519,4.8,0.37,2024-12-30,221.13,0.553
ITM12935,5,L42,179,56,12,5,11.28,7.61,0.56,69,4.93,178.32,0.36,0,0.8,902,7.47,0.6,2024-11-01,261.07,0.744
ITM12936,1,L32,493,61,8,3,10.76,9.52,0.64,41,4.07,134.34,0.65,4,0.96,353,11.65,0.98,2024-01-30,155.27,0.798
ITM12937,2,L1,108,89,13,4,47.09,5.24,0.51,27,1.83,191.71,0.8,5,0.88,347,14.58,0.89,2024-03-30,77.39,0.768
ITM12938,3,L34,341,18,13,9,38.32,4.4,0.27,102,4.83,162.01,0.72,0,0.95,395,1.74,0.35,2024-11-23,252.7,0.611
ITM12939,4,L50,31,42,8,2,35.12,1.24,0.93,157,4.93,155.83,0.81,6,0.84,335,14.24,0.34,2024-09-10,60.65,0.625
ITM12940,2,L31,443,69,3,5,12.71,8.98,0.61,53,1.05,104.97,0.37,8,0.85,934,14.98,0.86,2024-08-12,282.2,0.745
ITM12941,3,L58,92,86,7,5,6.81,2.84,0.76,173,4.55,165.95,0.41,8,0.79,175,13.73,0.36,2024-01-06,98.93,0.612
ITM12942,5,L97,95,30,14,6,43.67,1.11,0.67,46,3.49,88.4,0.55,2,0.82,100,2.52,0.56,2024-04-13,15.44,0.615
ITM12943,1,L35,365,67,8,3,1.29,5.6,1.0,170,4.65,167.13,0.86,3,0.87,468,12.77,0.34,2024-12-02,64.16,0.666
ITM12944,1,L43,220,94,10,8,20.02,8.54,0.51,136,4.62,153.97,0.74,0,0.98,751,9.96,0.21,2024-09-22,130.29,0.697
ITM12945,1,L39,29,78,3,8,14.6,4.36,0.48,28,4.51,138.9,1.6,3,0.88,100,1.13,0.9,2024-05-26,26.0,0.551
ITM12946,5,L75,371,19,7,6,28.95,7.94,0.42,41,4.48,72.65,1.1,4,0.74,520,14.78,0.82,2024-04-09,128.76,0.719
ITM12947,3,L93,245,15,5,7,13.27,8.45,0.43,115,1.03,129.84,1.19,6,0.7,425,3.11,0.58,2024-01-18,68.84,0.458
ITM12948,5,L74,195,22,4,9,16.25,4.82,0.35,31,1.15,106.29,1.17,4,0.96,414,6.56,0.33,2024-11-02,15.5,0.548
ITM12949,1,L2,295,74,13,5,42.65,6.11,0.98,131,1.03,97.69,0.86,7,0.81,281,1.42,0.85,2024-09-18,96.71,0.525
ITM12950,2,L34,58,29,10,9,30.56,5.57,0.88,138,0.91,198.15,1.96,6,0.79,739,5.33,0.49,2024-09-21,75.63,0.411
ITM12951,4,L84,79,66,9,9,8.14,9.42,0.39,63,2.09,105.84,0.17,0,0.94,719,8.96,0.73,2024-12-23,131.73,0.836
ITM12952,5,L47,85,55,12,5,36.6,7.39,0.37,157,3.58,16.08,0.51,1,0.98,708,14.03,0.45,2024-04-28,230.11,0.802
ITM12953,5,L89,340,17,9,6,11.17,9.29,0.19,67,2.1,129.03,0.64,6,0.92,529,14.87,0.55,2024-11-10,157.83,0.708
ITM12954,3,L31,454,19,7,9,22.22,2.59,0.89,172,3.74,148.32,1.77,2,0.75,355,6.93,0.63,2024-03-27,232.74,0.551
ITM12955,3,L8,143,82,14,5,32.68,3.45,0.43,79,4.19,178.18,1.85,1,0.82,487,6.99,0.81,2024-12-11,107.64,0.614
ITM12956,5,L86,183,76,11,7,14.32,1.17,0.62,72,3.5,130.21,1.71,8,0.93,300,3.24,0.87,2024-01-19,13.82,0.472
ITM12957,1,L16,427,20,7,9,19.82,5.25,0.91,12,2.59,13.7,0.89,9,0.97,900,7.98,0.55,2024-07-03,277.43,0.541
ITM12958,4,L60,430,21,4,4,36.97,8.8,0.47,108,1.83,32.75,1.84,7,1.0,391,14.16,0.39,2024-05-02,101.27,0.543
ITM12959,3,L40,405,19,5,2,46.96,3.61,0.83,54,1.06,40.64,0.29,7,0.85,181,3.32,0.32,2024-12-01,162.79,0.509
ITM12960,1,L21,178,34,6,2,26.93,1.72,0.49,152,2.72,50.14,1.34,2,0.95,798,4.73,0.47,2024-01-01,146.07,0.573
ITM12961,2,L52,76,58,7,2,1.49,1.15,0.73,26,3.74,161.96,1.88,9,0.71,573,13.48,0.84,2024-03-21,179.09,0.522
ITM12962,3,L88,97,58,5,4,17.58,4.75,0.49,152,2.97,68.85,1.53,8,0.79,704,9.77,0.42,2024-02-14,266.64,0.459
ITM12963,1,L65,213,98,14,5,20.53,2.06,0.45,14,3.75,69.35,0.63,7,0.81,555,5.63,0.24,2024-05-21,261.5,0.482
ITM12964,1,L91,304,20,9,6,17.62,3.79,0.99,20,2.01,153.56,1.46,1,0.99,448,12.38,0.65,2024-07-23,294.5,0.727
ITM12965,4,L99,34,71,7,8,22.38,8.29,0.65,101,0.8,88.36,0.66,6,0.7,955,2.53,0.23,2024-06-29,163.23,0.434
ITM12966,4,L40,31,45,7,3,32.0,4.15,0.43,151,3.97,22.28,0.31,7,0.79,167,13.02,0.91,2024-12-08,277.51,0.743
ITM12967,2,L89,120,48,8,5,6.94,6.29,0.33,48,1.49,121.17,1.46,6,0.98,110,8.25,0.74,2024-07-21,149.91,0.588
ITM12968,1,L16,175,62,9,4,14.36,5.27,0.14,51,3.27,34.71,0.44,8,0.79,964,11.6,0.41,2024-07-26,22.88,0.591
ITM12969,1,L82,359,99,12,9,25.87,7.33,0.74,103,4.12,118.62,0.31,6,0.77,230,8.26,0.58,2024-10-27,52.4,0.629
ITM12970,4,L38,144,87,12,7,16.46,1.98,0.43,14,1.13,158.13,1.15,6,0.92,362,4.45,0.79,2024-04-12,106.86,0.566
ITM12971,3,L48,378,65,10,4,49.56,9.24,0.84,61,3.19,186.6,1.28,0,0.92,314,9.97,0.93,2024-09-22,220.38,0.775
ITM12972,3,L79,299,10,11,9,22.14,6.61,0.43,159,3.6,22.74,0.2,1,0.84,78,3.17,0.9,2024-01-08,33.6,0.75
ITM12973,5,L29,424,65,13,8,43.62,3.07,0.44,53,3.86,67.75,0.11,4,0.98,312,4.22,0.26,2024-12-26,114.85,0.613
ITM12974,4,L29,413,13,6,2,44.93,1.67,0.8,124,1.16,133.97,1.78,0,0.76,761,8.69,0.26,2024-02-05,294.88,0.542
ITM12975,5,L18,129,39,7,5,41.96,1.92,0.54,162,4.21,69.94,0.32,9,0.97,666,6.46,0.68,2024-02-16,237.85,0.604
ITM12976,4,L62,353,21,7,8,3.3,7.94,0.9,136,0.92,95.69,1.21,6,0.93,962,11.43,0.6,2024-10-08,175.88,0.617
ITM12977,2,L20,376,44,10,2,47.44,6.09,0.63,125,2.84,13.82,1.91,4,0.81,640,9.17,0.43,2024-05-25,27.91,0.499
ITM12978,1,L59,165,86,11,3,7.31,4.12,0.32,158,2.5,141.76,1.07,4,0.94,705,6.34,0.98,2024-10-13,14.24,0.682
ITM12979,2,L96,235,61,9,9,2.69,3.66,0.61,77,1.5,177.82,0.37,7,0.74,760,5.57,0.8,2024-10-25,40.52,0.605
ITM12980,4,L78,417,40,7,9,21.3,8.63,0.1,56,1.86,195.6,0.85,8,0.74,667,13.79,0.75,2024-06-27,104.87,0.637
ITM12981,1,L48,181,96,5,7,10.54,8.81,0.38,136,1.24,167.8,1.29,9,0.98,388,1.56,0.35,2024-06-26,185.85,0.378
ITM12982,3,L54,147,77,3,2,10.03,6.02,0.29,44,2.42,16.04,1.55,0,0.73,471,10.67,0.43,2024-05-21,67.27,0.619
ITM12983,3,L90,333,61,13,3,15.1,5.48,0.69,16,0.66,133.85,1.25,9,0.7,138,6.49,0.68,2024-04-25,24.83,0.458
ITM12984,5,L71,351,89,11,9,13.17,8.26,0.22,125,4.5,104.18,0.17,3,0.82,381,6.28,0.84,2024-11-06,36.35,0.739
ITM12985,4,L61,169,16,7,4,34.55,7.62,0.36,61,1.24,188.2,0.37,1,0.73,480,10.13,0.94,2024-04-09,133.77,0.812
ITM12986,4,L97,473,31,11,2,10.15,4.3,0.4,119,4.49,181.41,0.81,8,0.96,827,12.91,0.76,2024-08-20,234.21,0.675
ITM12987,3,L69,55,84,12,2,27.61,1.29,0.1,55,4.39,197.73,1.44,8,0.98,812,11.14,0.53,2024-07-25,248.12,0.547
ITM12988,2,L86,192,65,14,6,49.33,7.8,0.14,146,2.53,173.77,1.21,0,0.84,201,10.38,0.75,2024-10-21,94.41,0.735
ITM12989,1,L28,439,67,6,7,22.19,2.1,0.38,32,2.74,113.91,0.18,2,0.83,867,7.95,0.26,2024-01-03,202.4,0.666
ITM12990,2,L98,41,73,7,7,32.45,0.66,0.3,140,1.86,145.83,1.61,9,0.86,757,7.57,0.68,2024-05-13,123.89,0.468
ITM12991,2,L32,225,21,6,8,48.5,8.51,0.21,136,4.99,193.29,1.25,7,0.77,175,7.45,0.92,2024-03-30,292.03,0.572
ITM12992,3,L88,146,16,4,4,7.74,5.99,0.24,18,3.52,119.84,1.79,1,0.79,92,3.04,0.71,2024-07-27,127.44,0.542
ITM12993,3,L97,355,64,14,6,21.51,8.97,0.85,62,4.78,169.6,0.89,1,0.73,470,8.83,0.21,2024-09-16,124.81,0.597
ITM12994,3,L77,464,71,3,8,42.66,5.1,0.71,57,2.37,189.02,1.03,1,0.83,734,5.42,0.76,2024-02-24,155.45,0.667
ITM12995,5,L11,375,99,10,3,46.68,9.3,0.54,132,4.47,118.4,0.87,4,0.88,539,9.66,0.78,2024-10-13,17.4,0.694
ITM12996,2,L68,459,82,6,8,30.46,3.86,0.92,91,2.52,40.24,1.47,8,0.98,615,8.48,0.63,2024-02-07,131.2,0.528
ITM12997,4,L58,236,86,7,3,8.03,7.38,0.13,118,4.4,39.56,1.53,6,0.92,302,14.16,0.85,2024-09-14,250.33,0.67
ITM12998,1,L68,115,64,8,4,45.17,3.36,0.41,16,1.09,31.91,1.47,6,0.92,860,7.09,0.36,2024-05-30,187.5,0.484
ITM12999,5,L91,436,45,10,9,9.55,0.51,0.84,108,3.37,100.5,0.65,1,0.79,757,10.3,0.53,2024-06-23,291.13,0.716
ITM13000,4,L47,448,98,13,7,18.29,4.11,0.67,40,3.55,101.23,1.31,1,0.97,533,9.3,0.85,2024-02-29,104.43,0.737
ITM13001,2,L10,183,33,10,9,19.4,7.51,0.98,111,3.45,127.3,0.74,4,0.98,342,10.58,0.68,2024-09-19,56.84,0.719
ITM13002,3,L73,167,53,9,3,22.92,1.93,0.95,65,2.51,101.75,1.68,6,0.98,266,4.74,1.0,2024-05-11,227.67,0.571
ITM13003,2,L15,37,26,6,4,39.72,5.3,0.25,108,3.58,194.88,0.2,6,0.71,218,4.6,0.26,2024-10-02,22.66,0.515
ITM13004,1,L8,313,11,8,9,40.31,2.52,0.97,14,1.58,65.35,0.17,8,0.88,783,8.84,0.4,2024-10-21,56.27,0.597
ITM13005,5,L71,214,22,6,8,36.26,1.21,0.95,39,3.18,176.03,0.29,2,0.89,689,12.89,0.36,2024-05-08,157.02,0.753
ITM13006,5,L65,170,40,9,3,2.08,6.37,0.44,31,2.99,29.06,0.48,0,0.79,434,11.08,0.98,2024-12-21,228.53,0.854
ITM13007,1,L26,499,37,14,5,28.68,9.54,0.98,154,1.93,124.36,0.17,8,1.0,910,7.85,0.9,2024-08-14,184.28,0.708
ITM13008,4,L74,384,69,14,2,37.63,3.45,0.13,147,4.0,133.18,0.24,0,0.79,65,4.57,0.31,2024-07-12,298.52,0.657
ITM13009,4,L69,142,36,13,8,22.79,6.02,0.69,179,0.86,156.72,0.68,7,0.76,86,11.63,0.48,2024-10-15,199.93,0.595
ITM13010,5,L20,419,24,3,7,47.3,9.56,0.34,36,1.27,105.57,0.29,4,0.85,470,13.97,0.24,2024-09-04,220.24,0.695
ITM13011,5,L22,206,88,7,9,41.37,6.68,0.22,136,2.62,47.47,1.62,7,0.8,952,3.98,0.71,2024-05-04,298.24,0.453
ITM13012,3,L42,472,42,12,8,32.27,6.89,0.62,144,4.51,80.11,0.2,6,0.98,345,12.19,0.46,2024-06-22,181.81,0.711
ITM13013,4,L67,471,29,14,5,4.06,2.2,0.38,32,3.09,61.71,1.83,8,0.83,484,3.41,0.41,2024-08-22,217.24,0.35
ITM13014,1,L57,168,51,12,4,32.96,5.18,0.7,84,4.29,89.63,1.75,1,0.82,369,13.61,0.62,2024-12-14,96.52,0.674
ITM13015,4,L15,123,21,6,4,45.67,3.99,0.59,126,2.83,110.69,0.5,8,0.89,786,9.99,0.84,2024-08-23,165.66,0.669
ITM13016,3,L88,262,82,13,8,19.59,4.97,0.45,145,4.03,128.76,0.24,9,0.72,675,3.53,0.52,2024-10-27,274.47,0.491
ITM13017,5,L27,481,32,9,5,42.07,8.11,0.26,17,1.97,170.57,0.3,4,0.93,583,1.51,0.81,2024-01-15,257.46,0.658
ITM13018,5,L92,250,81,11,9,16.34,4.88,0.64,110,4.17,182.9,1.16,4,0.93,348,10.72,0.56,2024-09-03,98.82,0.645
ITM13019,3,L75,498,23,7,8,28.94,1.1,0.85,14,2.31,97.89,1.24,0,0.84,623,9.49,0.37,2024-02-29,113.59,0.645
ITM13020,1,L63,225,34,6,2,32.77,9.1,0.64,95,3.01,26.85,0.7,5,0.99,743,9.56,0.56,2024-05-12,255.45,0.667
ITM13021,5,L12,217,86,11,2,34.22,5.68,0.65,139,1.29,161.44,0.66,9,0.87,972,7.75,0.63,2024-02-04,92.56,0.557
ITM13022,2,L66,415,94,7,6,44.24,9.28,0.56,21,4.64,100.66,1.11,9,0.91,846,9.6,0.57,2024-07-14,267.41,0.533
ITM13023,5,L58,419,40,11,3,12.5,5.94,0.45,56,3.66,113.82,0.68,9,0.98,65,13.23,0.42,2024-11-20,234.39,0.608
ITM13024,2,L8,356,63,10,6,13.86,1.16,0.51,35,4.36,123.2,1.88,9,0.9,444,14.33,0.35,2024-04-22,54.18,0.473
ITM13025,3,L59,106,14,6,9,35.5,5.75,0.99,111,1.44,136.89,0.83,2,0.83,326,5.82,0.96,2024-12-12,218.73,0.713
ITM13026,3,L17,161,22,13,2,9.68,5.97,0.77,129,0.8,179.12,0.52,9,0.71,698,7.83,0.44,2024-12-25,251.95,0.502
ITM13027,5,L66,336,37,13,5,23.75,2.54,0.49,79,2.02,190.91,0.38,2,0.92,332,4.82,0.76,2024-04-27,51.86,0.722
ITM13028,4,L54,218,52,9,3,1.98,4.97,0.51,11,2.83,188.63,1.3,2,0.99,688,6.76,0.47,2024-06-10,142.63,0.612
ITM13029,2,L59,65,98,7,9,7.91,4.86,0.55,35,4.11,163.8,0.72,3,0.84,135,12.14,0.98,2024-07-30,260.16,0.794
ITM13030,1,L73,307,56,12,5,34.26,6.42,0.69,23,2.29,178.96,0.46,8,0.8,256,6.95,0.99,2024-06-29,67.61,0.645
ITM13031,5,L8,34,80,6,9,37.63,2.97,0.52,91,1.71,19.43,0.62,7,0.86,924,6.48,0.86,2024-09-21,140.24,0.628
ITM13032,1,L72,63,47,7,6,6.65,6.03,0.72,111,2.18,171.33,0.68,5,0.92,712,12.9,0.67,2024-10-01,187.7,0.722
ITM13033,5,L60,420,76,7,4,12.16,2.79,0.4,41,3.67,23.73,1.29,7,0.7,612,1.02,0.63,2024-01-05,38.2,0.411
ITM13034,4,L87,188,71,13,5,5.85,4.74,0.47,71,2.01,151.78,0.43,7,0.97,526,12.93,0.46,2024-12-24,71.5,0.675
ITM13035,4,L40,329,48,11,6,22.24,1.67,0.88,124,4.91,42.18,1.49,0,0.97,792,3.54,0.3,2024-05-14,145.35,0.552
ITM13036,4,L93,63,46,14,6,7.18,0.85,0.4,39,1.29,78.42,0.68,8,0.86,641,4.84,0.26,2024-05-07,118.37,0.461
ITM13037,4,L3,117,95,11,6,22.43,3.55,0.97,150,3.89,44.99,1.03,0,0.74,180,6.06,0.57,2024-05-27,104.19,0.64
ITM13038,3,L51,280,17,8,4,36.87,3.11,0.26,177,3.15,94.26,1.34,1,0.9,449,13.33,0.98,2024-02-17,17.65,0.8
ITM13039,3,L33,128,90,6,4,34.49,4.37,0.32,40,1.55,88.23,1.13,8,0.74,185,13.72,0.4,2024-07-23,279.1,0.538
ITM13040,2,L1,302,61,4,8,14.74,9.64,0.52,46,3.89,19.13,1.36,6,0.85,395,10.26,0.53,2024-12-10,262.71,0.557
ITM13041,1,L96,391,42,5,4,34.01,5.46,0.82,111,2.51,167.79,0.71,9,0.73,219,7.15,0.71,2024-06-24,123.86,0.532
ITM13042,5,L28,362,90,4,3,46.46,5.76,0.76,137,3.57,172.3,1.93,0,0.88,212,8.23,0.48,2024-02-08,62.6,0.589
ITM13043,5,L75,123,51,7,4,18.03,9.45,0.26,95,3.48,159.63,0.97,2,0.8,248,9.13,0.2,2024-10-10,30.02,0.585
ITM13044,3,L10,275,85,8,4,17.13,9.25,0.31,68,1.0,171.05,0.71,0,0.95,788,14.36,0.52,2024-04-01,45.72,0.814
ITM13045,5,L6,398,36,13,4,29.0,8.9,0.62,37,4.28,152.67,0.66,4,0.94,97,14.57,0.84,2024-08-31,184.59,0.804
ITM13046,3,L55,225,17,7,9,13.03,1.43,0.37,131,3.57,188.12,0.18,3,1.0,871,12.86,0.96,2024-06-09,222.84,0.885
ITM13047,2,L45,354,32,4,5,32.93,6.53,0.48,70,4.01,119.51,1.4,7,0.78,814,9.17,0.42,2024-06-30,55.36,0.482
ITM13048,1,L90,62,73,14,4,41.78,8.18,0.54,156,2.51,120.7,0.6,8,0.72,543,6.47,0.94,2024-04-21,42.71,0.598
ITM13049,2,L9,372,29,7,3,23.51,8.44,0.63,25,1.38,173.38,1.92,3,0.83,152,4.22,0.89,2024-10-20,210.41,0.548
ITM13050,4,L70,264,25,11,9,34.3,5.99,0.33,78,1.97,76.39,0.5,2,0.73,597,8.48,0.53,2024-05-17,159.94,0.675
ITM13051,4,L8,306,26,6,6,32.94,0.67,0.25,53,4.56,19.52,1.11,3,0.75,55,5.84,0.2,2024-04-03,117.83,0.497
ITM13052,4,L9,374,89,14,5,2.89,9.75,0.46,122,4.72,152.47,1.5,2,0.88,760,2.02,0.88,2024-12-15,220.24,0.589
ITM13053,2,L61,292,28,12,2,9.99,4.99,0.17,147,2.67,58.37,1.75,5,0.88,61,7.67,0.43,2024-04-07,142.15,0.489
ITM13054,5,L5,495,17,4,9,44.78,4.24,0.57,28,1.84,100.1,0.4,0,0.71,152,9.0,0.8,2024-09-12,144.89,0.782
ITM13055,1,L37,102,47,5,4,47.01,4.25,0.86,93,3.79,55.68,1.97,1,0.83,748,9.56,0.66,2024-04-12,14.56,0.608
ITM13056,4,L53,129,47,5,9,39.24,4.53,0.21,102,3.95,167.15,1.82,7,0.86,882,2.03,0.38,2024-04-30,101.64,0.353
ITM13057,4,L24,457,62,11,8,46.14,2.8,0.2,150,4.17,192.08,1.93,2,0.78,739,7.76,0.72,2024-05-03,11.46,0.57
ITM13058,4,L99,209,99,6,8,16.0,3.61,0.17,153,0.64,20.45,1.72,3,0.96,476,10.18,0.81,2024-05-15,277.92,0.658
ITM13059,1,L18,490,40,3,9,13.14,9.86,0.86,172,0.54,54.34,1.77,0,0.75,220,14.45,0.58,2024-04-15,95.24,0.682
ITM13060,4,L99,307,53,3,6,19.83,4.0,0.17,109,2.11,46.02,1.24,2,0.78,738,1.35,0.8,2024-04-27,62.35,0.57
ITM13061,1,L83,443,69,9,6,3.71,5.5,0.99,48,1.19,137.91,1.71,0,0.75,138,10.47,0.52,2024-04-13,36.36,0.623
ITM13062,4,L94,416,85,9,5,40.68,8.56,0.42,76,4.12,91.45,1.11,9,0.73,765,1.87,0.98,2024-05-07,23.52,0.476
ITM13063,2,L83,270,26,4,8,49.22,5.51,0.4,82,2.9,96.69,1.12,4,0.96,488,3.22,0.39,2024-11-12,266.94,0.521
ITM13064,2,L54,231,88,11,2,41.38,3.58,0.18,59,4.21,39.85,1.17,0,0.78,396,3.43,0.82,2024-07-01,58.87,0.649
ITM13065,1,L48,310,82,11,7,28.19,5.48,0.63,62,1.3,88.8,1.99,8,0.92,904,5.6,0.8,2024-03-20,189.07,0.46
ITM13066,2,L49,152,48,7,8,15.47,1.58,0.63,55,3.32,67.61,0.3,6,0.83,260,12.64,0.62,2024-02-24,198.85,0.709
ITM13067,1,L58,220,51,5,9,10.69,1.74,0.54,61,3.11,126.13,1.63,7,0.89,774,12.99,0.48,2024-03-02,102.09,0.544
ITM13068,2,L49,304,57,5,8,18.84,7.09,0.38,133,2.03,51.28,0.62,8,0.98,483,6.25,0.56,2024-02-10,251.64,0.569
ITM13069,2,L49,345,21,14,3,33.68,9.22,0.43,166,2.83,126.81,0.79,9,0.95,582,7.04,0.7,2024-12-12,72.07,0.565
ITM13070,1,L11,428,98,5,7,22.91,7.39,0.39,14,3.15,81.77,0.25,7,0.72,649,4.04,0.62,2024-12-05,30.72,0.557
ITM13071,5,L88,114,27,8,6,46.77,1.21,0.48,83,4.5,75.8,0.77,2,0.95,574,7.06,0.81,2024-09-09,29.88,0.729
ITM13072,2,L85,297,88,6,7,42.86,4.33,0.41,104,0.75,68.06,1.98,6,0.84,475,4.85,0.49,2024-11-10,97.12,0.413
ITM13073,4,L70,469,15,10,8,6.02,0.52,0.71,84,4.21,138.03,0.85,6,0.81,169,3.45,0.29,2024-01-04,144.34,0.461
ITM13074,5,L18,448,52,13,6,7.44,5.36,0.37,177,4.91,116.86,1.37,6,0.9,960,3.22,0.6,2024-10-04,192.52,0.486
ITM13075,1,L84,344,44,13,7,34.14,2.34,0.42,125,3.79,171.83,0.33,7,0.99,227,11.86,0.41,2024-01-22,221.33,0.665
ITM13076,5,L45,238,63,13,6,12.31,8.75,0.49,139,3.82,55.91,1.85,3,0.73,178,2.64,0.69,2024-09-03,61.82,0.474
ITM13077,3,L16,108,71,7,6,39.76,1.49,0.1,77,1.48,17.62,1.67,5,0.93,612,9.62,0.62,2024-07-09,208.34,0.571
ITM13078,3,L23,91,78,3,5,29.98,0.51,0.54,89,2.85,44.58,0.83,1,0.76,467,3.34,0.82,2024-11-13,62.94,0.658
ITM13079,2,L69,266,91,11,2,12.26,4.79,0.33,114,3.68,75.24,0.76,6,0.81,603,12.73,0.66,2024-06-10,299.19,0.668
ITM13080,2,L51,148,25,3,6,24.46,1.98,0.15,78,3.21,44.13,0.92,8,0.96,367,4.84,0.54,2024-09-09,288.13,0.513
ITM13081,4,L68,231,17,8,3,20.9,7.51,0.92,172,2.23,25.87,0.86,4,0.86,656,1.63,0.3,2024-10-21,39.7,0.488
ITM13082,5,L17,447,98,3,8,43.78,9.24,0.39,151,4.73,94.61,0.59,3,0.72,291,7.33,0.3,2024-05-20,199.98,0.583
ITM13083,3,L94,362,99,5,8,2.58,0.9,0.48,152,2.81,138.62,1.98,1,0.85,977,15.0,0.71,2024-09-08,271.95,0.694
ITM13084,2,L29,115,95,12,3,44.9,4.26,0.84,143,4.86,152.8,1.64,6,0.94,405,12.38,0.9,2024-04-03,33.4,0.649
ITM13085,5,L1,94,40,7,4,32.95,9.97,0.25,25,3.04,85.76,0.61,1,0.86,622,8.98,0.53,2024-09-18,45.95,0.717
ITM13086,2,L97,442,19,12,6,37.14,7.46,0.87,96,4.07,100.83,1.97,1,0.75,910,3.65,0.62,2024-05-23,110.63,0.506
ITM13087,2,L3,73,65,9,9,1.13,9.56,0.32,133,3.84,153.54,0.13,8,0.83,487,2.65,0.67,2024-07-22,37.76,0.562
ITM13088,3,L39,363,85,12,6,31.78,2.06,0.63,149,3.47,77.01,0.93,1,0.98,507,12.74,0.58,2024-04-23,266.82,0.769
ITM13089,3,L60,478,79,10,6,29.84,2.6,0.72,50,0.57,159.11,1.18,9,0.9,491,12.03,0.25,2024-10-22,263.91,0.492
ITM13090,2,L87,432,29,14,9,27.32,1.97,0.91,128,0.85,193.8,0.17,2,0.92,277,7.47,0.67,2024-03-06,285.13,0.761
ITM13091,1,L93,73,14,11,7,39.51,3.37,0.65,28,3.12,177.29,0.41,2,0.94,457,6.9,0.31,2024-01-28,69.45,0.661
ITM13092,2,L70,237,32,8,6,28.24,7.38,0.51,85,4.6,96.18,0.59,1,0.73,972,11.48,0.64,2024-09-26,23.15,0.748
ITM13093,2,L55,35,18,13,6,43.0,2.07,0.62,118,3.21,120.11,1.47,9,0.87,326,8.5,0.82,2024-08-04,138.94,0.524
ITM13094,4,L69,118,67,11,3,12.4,5.48,0.28,128,1.56,146.12,1.89,2,0.81,67,6.66,0.2,2024-09-01,265.36,0.462
ITM13095,4,L49,39,68,10,2,40.49,3.06,0.72,122,1.94,76.37,1.29,8,0.74,805,4.52,0.54,2024-10-03,195.15,0.427
ITM13096,4,L30,65,89,11,2,9.79,8.38,0.27,11,3.3,161.86,1.17,2,0.76,360,2.72,0.8,2024-01-17,299.51,0.591
ITM13097,1,L32,470,63,12,4,40.84,0.56,0.6,29,3.19,93.01,1.12,4,0.93,373,9.33,0.62,2024-09-14,272.65,0.642
ITM13098,1,L59,212,55,6,3,47.08,2.62,0.68,128,4.8,170.9,0.77,6,0.75,96,12.56,0.39,2024-06-26,123.9,0.598
ITM13099,2,L45,402,31,11,6,17.45,6.25,0.91,104,2.88,58.4,1.67,0,0.79,871,11.45,0.76,2024-07-20,21.46,0.696
ITM13100,4,L20,77,73,9,2,26.96,1.42,0.51,146,2.1,12.16,1.13,0,0.79,579,10.75,0.83,2024-12-17,11.5,0.754
ITM13101,1,L36,456,17,7,5,33.26,4.93,0.8,30,2.86,130.21,0.54,9,0.71,945,14.0,0.49,2024-03-30,196.82,0.593
ITM13102,3,L25,130,29,7,5,4.89,4.64,0.25,17,4.04,95.86,0.36,1,0.84,762,6.52,0.44,2024-08-22,275.57,0.687
ITM13103,2,L93,148,60,3,5,25.21,8.6,0.24,176,2.93,21.37,1.97,0,0.93,549,2.92,0.64,2024-03-02,138.83,0.556
ITM13104,5,L98,356,87,4,6,18.67,6.44,0.57,174,1.97,102.65,0.13,0,0.71,814,2.43,0.49,2024-12-23,263.54,0.659
ITM13105,2,L15,213,48,12,6,43.75,6.58,0.64,38,2.02,42.03,1.87,9,0.73,241,14.37,0.87,2024-09-22,174.35,0.545
ITM13106,5,L5,432,46,5,9,43.96,9.54,0.67,44,3.91,129.65,0.51,3,0.92,98,9.25,0.82,2024-08-23,38.43,0.76
ITM13107,4,L85,359,59,10,4,35.34,9.83,0.77,47,0.8,94.56,1.35,9,0.88,143,12.35,0.45,2024-06-10,241.51,0.516
ITM13108,5,L54,345,43,8,8,33.13,6.71,0.37,99,1.74,42.51,0.67,2,0.91,980,8.5,0.57,2024-12-18,152.85,0.702
ITM13109,4,L79,27,84,14,4,36.95,5.46,0.66,172,1.19,88.27,1.73,0,0.77,798,6.58,0.91,2024-01-05,24.81,0.651
ITM13110,3,L99,48,42,12,4,18.93,6.28,0.27,77,4.75,54.21,1.13,2,0.94,783,3.8,0.32,2024-01-07,246.24,0.55
ITM13111,5,L3,131,40,13,7,20.82,4.13,0.3,140,0.91,134.09,0.37,0,0.84,216,12.99,0.8,2024-12-11,229.72,0.864
ITM13112,2,L31,454,63,7,5,28.13,9.88,0.16,118,3.91,66.08,0.61,2,0.88,543,1.89,0.45,2024-04-17,142.61,0.59
ITM13113,4,L27,180,53,3,6,46.96,7.2,0.77,120,3.34,166.18,0.71,3,0.73,303,13.6,0.3,2024-07-13,15.64,0.656
ITM13114,2,L9,150,43,14,5,36.48,3.26,0.56,21,3.35,12.69,1.78,7,0.76,106,3.87,0.29,2024-10-24,110.61,0.344
ITM13115,1,L13,207,80,13,4,28.0,1.05,0.31,41,3.94,86.65,1.56,2,0.93,55,1.13,0.42,2024-02-21,136.14,0.489
ITM13116,4,L77,182,71,14,6,38.75,0.92,0.6,72,2.3,127.25,1.68,2,0.77,287,2.45,0.64,2024-06-15,57.94,0.507
ITM13117,5,L5,216,32,11,3,19.17,2.45,0.42,163,2.3,14.3,0.2,8,0.73,782,13.37,0.93,2024-07-04,56.66,0.73
ITM13118,4,L58,494,55,5,9,36.79,2.71,0.85,52,1.8,51.01,1.2,8,0.88,273,2.03,0.44,2024-11-09,58.42,0.411
ITM13119,2,L77,383,65,5,2,21.12,4.44,0.58,116,3.19,72.21,2.0,5,0.86,639,5.97,0.36,2024-05-12,117.47,0.424
ITM13120,3,L87,223,16,4,2,14.7,2.54,0.13,47,4.68,14.15,1.59,9,0.88,69,4.5,0.58,2024-04-05,247.09,0.413
ITM13121,4,L91,231,98,6,4,30.88,6.49,0.99,38,4.66,113.87,0.33,3,0.89,867,1.52,0.33,2024-10-07,230.21,0.571
ITM13122,5,L7,128,70,14,8,34.66,2.51,0.17,64,3.66,129.86,1.39,9,0.85,826,8.44,0.42,2024-05-14,12.93,0.448
ITM13123,1,L32,295,12,4,5,23.51,2.28,0.73,61,4.58,53.23,1.52,4,0.85,253,14.98,0.99,2024-05-01,12.8,0.736
ITM13124,3,L95,92,47,11,3,28.71,4.98,0.49,124,4.84,113.26,1.08,8,0.98,191,12.94,0.65,2024-05-17,32.53,0.631
ITM13125,1,L6,186,93,14,6,35.01,8.94,0.32,28,4.08,199.83,0.25,0,0.86,425,3.36,0.83,2024-08-29,145.31,0.758
ITM13126,4,L52,279,43,12,8,38.62,4.95,0.71,44,2.34,178.51,0.17,6,0.89,456,13.38,0.37,2024-11-09,267.78,0.693
ITM13127,2,L57,262,53,9,5,44.88,4.43,0.21,57,2.67,21.15,1.88,6,0.78,865,7.33,0.62,2024-06-24,62.85,0.47
ITM13128,2,L30,294,39,10,4,18.37,5.99,0.87,119,4.69,34.3,0.59,9,0.96,129,4.83,0.61,2024-07-06,148.27,0.539
ITM13129,5,L70,121,26,5,5,47.62,2.94,0.33,40,3.52,103.94,0.82,0,0.71,259,9.96,0.85,2024-04-04,21.82,0.763
ITM13130,2,L28,494,68,8,4,32.23,3.86,0.43,12,4.19,56.59,1.61,0,0.87,817,4.03,0.22,2024-09-12,15.89,0.511
ITM13131,3,L97,192,19,12,7,39.6,2.53,0.67,172,1.02,25.38,1.41,8,0.82,361,13.32,0.89,2024-08-05,12.17,0.619
ITM13132,2,L100,190,93,8,2,35.29,5.93,0.1,97,1.37,58.37,1.94,6,0.88,426,9.74,0.26,2024-04-17,223.64,0.444
ITM13133,5,L8,160,27,3,8,11.07,7.13,0.53,61,2.05,21.62,0.28,3,0.81,89,2.9,0.93,2024-08-02,16.91,0.699
ITM13134,4,L18,416,54,8,2,4.5,6.9,0.9,80,1.35,110.68,1.44,8,0.92,402,8.99,0.31,2024-12-24,89.41,0.462
ITM13135,4,L65,207,68,5,5,36.59,2.92,0.71,60,4.58,103.15,0.26,4,0.71,502,8.15,0.63,2024-07-09,197.06,0.671
ITM13136,2,L38,460,71,13,3,26.04,7.91,0.45,65,1.48,11.2,0.1,2,0.82,472,7.6,0.28,2024-07-05,189.41,0.671
ITM13137,1,L30,105,68,5,6,35.41,2.93,0.69,108,3.01,101.68,0.33,1,0.95,763,6.11,0.56,2024-07-24,25.99,0.73
ITM13138,4,L94,495,58,5,4,24.37,1.93,0.94,30,0.88,108.76,1.27,8,0.78,135,7.64,0.44,2024-05-23,84.43,0.459
ITM13139,2,L74,71,72,12,6,16.3,3.82,0.27,138,1.2,125.08,1.38,3,0.72,604,9.2,0.54,2024-08-18,195.4,0.577
ITM13140,5,L41,130,96,13,2,14.97,6.18,0.58,117,1.61,194.32,0.93,6,0.85,285,11.27,0.64,2024-04-02,123.75,0.635
ITM13141,2,L74,456,41,13,9,36.8,1.85,0.31,62,4.92,196.71,0.19,0,0.99,939,13.85,0.57,2024-10-19,145.09,0.878
ITM13142,4,L77,384,19,12,3,14.56,6.66,0.87,15,4.09,110.12,1.3,8,0.72,464,1.62,0.22,2024-03-08,70.05,0.32
ITM13143,5,L99,361,20,13,3,36.02,8.7,0.75,91,3.53,170.59,0.26,8,0.72,631,8.97,0.89,2024-10-21,20.95,0.656
ITM13144,2,L87,62,79,10,6,19.81,3.28,0.82,88,4.62,26.18,0.37,9,0.88,405,11.53,0.28,2024-12-17,110.11,0.569
ITM13145,3,L42,230,71,7,2,38.77,4.78,0.95,56,4.8,110.92,1.07,5,0.78,692,2.62,0.98,2024-04-27,208.07,0.58
ITM13146,5,L31,475,56,6,9,8.0,2.67,0.31,105,2.54,138.99,0.75,5,0.82,693,13.76,0.88,2024-02-21,232.29,0.748
ITM13147,3,L39,219,43,11,6,11.04,3.93,0.14,115,1.97,117.3,0.98,5,0.95,297,4.43,0.65,2024-05-18,181.83,0.581
ITM13148,1,L19,317,26,11,5,34.61,0.71,0.36,91,1.92,53.84,1.31,4,0.76,716,12.67,0.4,2024-04-30,124.03,0.59
ITM13149,5,L85,365,63,3,3,28.45,9.56,0.46,40,0.66,21.91,0.4,0,0.92,791,10.27,0.27,2024-10-11,179.11,0.735
ITM13150,3,L67,259,85,4,3,10.99,4.45,0.66,166,1.76,83.47,1.8,3,0.85,650,8.83,0.74,2024-08-09,214.45,0.596
ITM13151,4,L29,134,94,10,5,45.24,7.99,0.82,152,2.1,133.05,1.16,9,0.97,278,13.17,0.36,2024-07-14,229.03,0.546
ITM13152,4,L53,45,49,7,2,14.52,1.86,0.41,67,0.67,198.43,0.14,0,0.99,588,14.57,0.79,2024-04-10,37.4,0.936
ITM13153,1,L39,426,28,9,3,21.63,8.22,0.53,32,4.47,54.94,1.29,4,0.85,410,14.96,0.87,2024-03-15,242.87,0.734
ITM13154,5,L36,318,76,3,8,10.91,8.67,0.81,175,4.32,184.38,0.98,3,0.88,917,10.57,0.99,2024-03-17,28.41,0.757
ITM13155,5,L8,96,91,14,9,20.01,7.3,0.3,50,1.63,22.97,1.43,7,0.92,799,5.75,0.6,2024-08-30,262.43,0.498
ITM13156,5,L72,431,62,12,7,25.09,9.08,0.3,24,4.11,186.89,1.59,0,0.8,224,13.25,0.98,2024-01-05,123.75,0.774
ITM13157,1,L76,156,73,14,7,15.47,2.09,0.63,96,4.08,168.15,1.88,7,0.77,877,10.16,0.32,2024-03-31,168.61,0.425
ITM13158,5,L95,39,92,7,7,38.69,5.03,0.49,12,2.01,13.98,2.0,7,0.99,853,5.53,0.87,2024-08-03,94.09,0.506
ITM13159,4,L23,459,56,13,4,20.3,6.39,0.95,10,3.64,66.66,1.14,0,0.83,423,14.05,0.49,2024-09-12,133.73,0.737
ITM13160,3,L81,230,15,14,8,36.75,6.16,0.42,84,1.8,19.68,1.17,8,0.7,991,11.47,0.49,2024-03-09,255.11,0.514
ITM13161,4,L87,259,25,5,4,11.15,8.68,0.78,148,0.82,199.15,0.14,8,0.95,110,7.34,0.41,2024-11-18,95.75,0.596
ITM13162,4,L55,58,81,12,2,19.47,2.55,0.62,85,2.77,91.29,1.74,5,0.88,219,7.36,0.34,2024-09-21,173.61,0.468
ITM13163,3,L72,454,27,14,5,1.39,2.17,0.15,13,2.47,135.81,0.15,0,0.75,556,14.94,0.55,2024-09-30,197.65,0.844
ITM13164,4,L64,287,61,14,6,38.17,2.91,0.18,34,1.12,54.5,1.3,6,0.71,824,6.23,0.99,2024-06-10,52.46,0.573
ITM13165,1,L7,226,57,4,8,31.67,8.97,0.28,103,2.71,187.41,0.29,6,0.79,463,2.32,0.46,2024-09-06,235.57,0.532
ITM13166,3,L45,498,52,4,9,41.07,9.44,0.23,177,4.77,62.09,0.64,8,0.98,867,8.54,0.57,2024-06-02,299.73,0.6
ITM13167,4,L83,458,48,11,2,23.32,5.91,0.4,105,3.79,59.44,0.37,0,0.98,165,13.39,0.38,2024-05-08,54.97,0.814
ITM13168,2,L86,481,58,6,6,40.19,5.26,0.62,117,3.82,69.77,0.36,7,0.79,224,9.18,0.47,2024-10-14,232.69,0.598
ITM13169,4,L49,286,21,6,2,32.73,6.25,0.64,108,3.91,97.87,0.24,7,0.95,782,12.1,0.24,2024-10-17,52.65,0.635
ITM13170,1,L68,173,19,9,4,1.18,6.35,0.63,104,3.85,13.52,0.7,6,0.83,473,1.77,0.96,2024-01-25,285.57,0.592
ITM13171,5,L41,61,80,12,7,13.43,2.12,0.21,109,0.59,123.59,0.9,5,0.9,177,10.43,0.61,2024-07-22,129.19,0.651
ITM13172,4,L90,430,64,12,5,25.2,7.02,0.64,100,4.66,16.02,0.98,0,0.8,538,2.11,0.79,2024-02-20,294.18,0.648
ITM13173,5,L54,30,10,4,4,31.32,4.8,0.47,53,4.24,112.45,0.94,9,0.85,54,8.79,0.61,2024-12-19,29.7,0.535
ITM13174,2,L53,313,58,5,5,4.21,5.42,0.91,137,1.74,97.0,1.1,7,0.79,375,7.97,0.82,2024-03-24,239.38,0.578
ITM13175,4,L20,117,45,5,8,35.55,0.79,0.92,32,2.99,56.08,1.73,4,0.72,747,14.24,0.63,2024-01-31,147.28,0.607
ITM13176,3,L39,446,30,8,6,27.63,7.76,0.79,32,3.27,72.66,1.3,3,0.74,221,2.85,0.76,2024-04-20,93.95,0.548
ITM13177,5,L49,294,46,5,2,26.76,8.44,0.73,64,1.09,144.08,0.13,4,0.79,248,1.13,0.75,2024-05-10,226.89,0.63
ITM13178,2,L24,467,33,13,3,15.31,6.38,0.2,170,1.64,11.82,0.43,4,0.99,280,2.92,0.63,2024-08-31,194.25,0.64
ITM13179,3,L97,409,64,7,3,30.15,7.61,0.18,86,0.6,70.16,0.76,9,0.99,849,3.39,0.38,2024-11-18,271.84,0.463
ITM13180,3,L69,449,34,6,5,2.35,5.47,0.86,72,4.39,139.26,1.9,2,0.95,896,4.51,0.37,2024-02-19,82.15,0.494
ITM13181,3,L61,391,16,5,7,4.17,6.37,0.48,112,0.61,38.93,0.25,3,0.77,676,12.41,0.9,2024-08-18,282.53,0.814
ITM13182,3,L31,249,90,10,7,36.96,4.25,0.51,69,1.93,116.47,1.45,3,0.83,382,6.28,0.3,2024-06-20,196.14,0.505
ITM13183,4,L29,388,80,12,5,16.77,8.02,0.86,89,0.85,42.1,0.16,7,0.83,515,12.77,0.65,2024-05-13,140.63,0.71
ITM13184,4,L39,445,80,5,4,18.0,4.95,0.66,104,4.02,39.4,0.79,4,0.82,891,4.81,0.6,2024-07-03,25.41,0.589
ITM13185,4,L91,239,33,8,3,11.21,6.96,0.26,78,4.66,156.73,1.56,5,0.71,473,13.05,0.84,2024-07-03,231.9,0.628
ITM13186,2,L19,84,20,9,4,22.84,6.4,0.29,123,3.03,60.64,0.75,9,0.86,362,1.11,0.31,2024-10-13,258.94,0.394
ITM13187,2,L60,374,82,9,6,3.55,7.17,0.11,113,1.13,81.4,0.92,1,0.72,572,14.08,0.75,2024-10-12,244.78,0.77
ITM13188,2,L8,251,21,4,3,15.72,7.96,0.74,117,3.01,148.7,1.82,8,0.94,473,11.44,0.68,2024-05-11,223.34,0.535
ITM13189,1,L72,347,44,5,6,26.83,5.37,0.54,98,3.97,44.11,0.23,7,0.91,665,6.78,0.76,2024-06-25,291.13,0.661
ITM13190,2,L53,462,72,14,2,23.82,8.22,0.95,30,3.73,111.03,1.1,7,0.81,224,9.08,0.7,2024-01-11,256.24,0.573
ITM13191,4,L54,71,77,12,4,49.98,5.22,0.74,140,3.84,184.39,0.8,9,0.89,947,14.06,0.65,2024-07-29,279.08,0.635
ITM13192,4,L72,393,66,12,5,20.05,9.59,0.19,19,1.76,115.23,1.93,4,0.77,997,9.16,0.94,2024-03-03,221.84,0.591
ITM13193,1,L68,450,22,6,3,19.96,7.65,0.25,96,0.83,19.28,1.61,4,0.78,423,4.2,0.48,2024-06-28,247.86,0.467
ITM13194,1,L18,395,32,9,4,25.68,2.13,0.55,179,1.17,122.04,0.33,2,0.79,681,9.02,0.35,2024-12-13,93.86,0.675
ITM13195,2,L50,282,92,4,5,10.32,8.38,0.93,100,4.8,27.13,1.86,1,0.94,286,13.2,0.84,2024-11-06,203.98,0.726
ITM13196,5,L32,286,48,5,2,43.94,5.74,0.32,146,3.26,63.6,0.5,8,0.76,797,14.82,0.3,2024-04-11,69.61,0.6
ITM13197,1,L33,378,97,9,3,29.04,9.85,0.84,132,3.78,171.44,0.26,5,0.87,866,9.18,0.74,2024-10-22,30.09,0.718
ITM13198,3,L27,336,89,9,6,10.41,7.33,0.38,13,4.55,12.1,1.13,7,0.76,492,3.18,0.64,2024-10-21,177.98,0.469
ITM13199,4,L43,343,21,12,2,39.88,1.3,0.34,99,4.34,24.63,1.5,3,0.79,87,11.8,0.2,2024-11-28,237.04,0.545
ITM13200,3,L83,428,43,5,7,2.68,4.25,0.91,105,1.48,79.04,1.46,4,0.77,833,14.96,0.39,2024-11-28,34.0,0.605
ITM13201,4,L11,415,80,14,5,49.15,5.41,0.14,38,0.76,199.89,1.11,9,0.89,937,7.63,0.6,2024-10-02,62.57,0.509
ITM13202,4,L58,173,84,3,9,43.39,8.47,0.69,95,4.66,65.45,1.04,4,0.86,905,6.37,0.46,2024-03-30,36.96,0.565
ITM13203,1,L48,377,40,14,3,29.4,7.43,0.14,56,4.92,39.88,1.94,9,0.92,812,8.74,0.54,2024-05-25,193.91,0.435